=== 💾 PHILIPS SSD MULTI-NODE DISCOVERY & MOUNT UTILITY ===
Current Node: dios-macbook-air (Sat Jul 25 00:55:03 EEST 2026)
⚠️ Not found locally on dios-macbook-air. Querying Tailscale mesh nodes...
❌ Philips SSD drive not found on local or remote Tailscale nodes.
=== 💾 PHILIPS SSD MULTI-NODE DISCOVERY & MOUNT UTILITY ===
Current Node: dios-macbook-air (Sat Jul 25 01:00:03 EEST 2026)
⚠️ Not found locally on dios-macbook-air. Querying Tailscale mesh nodes...
❌ Philips SSD drive not found on local or remote Tailscale nodes.
=== 💾 PHILIPS SSD MULTI-NODE DISCOVERY & MOUNT UTILITY ===
Current Node: dios-macbook-air (Sat Jul 25 01:05:04 EEST 2026)
⚠️ Not found locally on dios-macbook-air. Querying Tailscale mesh nodes...
❌ Philips SSD drive not found on local or remote Tailscale nodes.
=== 💾 PHILIPS SSD MULTI-NODE DISCOVERY & MOUNT UTILITY ===
Current Node: dios-macbook-air (Sat Jul 25 01:10:05 EEST 2026)
⚠️ Not found locally on dios-macbook-air. Querying Tailscale mesh nodes...
❌ Philips SSD drive not found on local or remote Tailscale nodes.
=== 💾 PHILIPS SSD MULTI-NODE DISCOVERY & MOUNT UTILITY ===
Current Node: dios-macbook-air (Sat Jul 25 01:15:06 EEST 2026)
⚠️ Not found locally on dios-macbook-air. Querying Tailscale mesh nodes...
❌ Philips SSD drive not found on local or remote Tailscale nodes.
=== 💾 PHILIPS SSD MULTI-NODE DISCOVERY & MOUNT UTILITY ===
Current Node: dios-macbook-air (Sat Jul 25 01:20:07 EEST 2026)
⚠️ Not found locally on dios-macbook-air. Querying Tailscale mesh nodes...
❌ Philips SSD drive not found on local or remote Tailscale nodes.
=== 💾 PHILIPS SSD MULTI-NODE DISCOVERY & MOUNT UTILITY ===
Current Node: dios-macbook-air (Sat Jul 25 01:25:07 EEST 2026)
⚠️ Not found locally on dios-macbook-air. Querying Tailscale mesh nodes...
❌ Philips SSD drive not found on local or remote Tailscale nodes.
=== 💾 PHILIPS SSD MULTI-NODE DISCOVERY & MOUNT UTILITY ===
Current Node: dios-macbook-air (Sat Jul 25 01:30:08 EEST 2026)
⚠️ Not found locally on dios-macbook-air. Querying Tailscale mesh nodes...
❌ Philips SSD drive not found on local or remote Tailscale nodes.
=== 💾 PHILIPS SSD MULTI-NODE DISCOVERY & MOUNT UTILITY ===
Current Node: dios-macbook-air (Sat Jul 25 01:35:09 EEST 2026)
⚠️ Not found locally on dios-macbook-air. Querying Tailscale mesh nodes...
❌ Philips SSD drive not found on local or remote Tailscale nodes.
=== 💾 PHILIPS SSD MULTI-NODE DISCOVERY & MOUNT UTILITY ===
Current Node: dios-macbook-air (Sat Jul 25 01:40:10 EEST 2026)
⚠️ Not found locally on dios-macbook-air. Querying Tailscale mesh nodes...
❌ Philips SSD drive not found on local or remote Tailscale nodes.
=== 💾 PHILIPS SSD MULTI-NODE DISCOVERY & MOUNT UTILITY ===
Current Node: dios-macbook-air (Sat Jul 25 01:45:10 EEST 2026)
⚠️ Not found locally on dios-macbook-air. Querying Tailscale mesh nodes...
❌ Philips SSD drive not found on local or remote Tailscale nodes.
=== 💾 PHILIPS SSD MULTI-NODE DISCOVERY & MOUNT UTILITY ===
Current Node: dios-macbook-air (Sat Jul 25 01:50:11 EEST 2026)
⚠️ Not found locally on dios-macbook-air. Querying Tailscale mesh nodes...
❌ Philips SSD drive not found on local or remote Tailscale nodes.
=== 💾 PHILIPS SSD MULTI-NODE DISCOVERY & MOUNT UTILITY ===
Current Node: dios-macbook-air (Sat Jul 25 01:55:12 EEST 2026)
⚠️ Not found locally on dios-macbook-air. Querying Tailscale mesh nodes...
❌ Philips SSD drive not found on local or remote Tailscale nodes.
=== 💾 PHILIPS SSD MULTI-NODE DISCOVERY & MOUNT UTILITY ===
Current Node: dios-macbook-air (Sat Jul 25 02:00:12 EEST 2026)
⚠️ Not found locally on dios-macbook-air. Querying Tailscale mesh nodes...
❌ Philips SSD drive not found on local or remote Tailscale nodes.
=== 💾 PHILIPS SSD MULTI-NODE DISCOVERY & MOUNT UTILITY ===
Current Node: dios-macbook-air (Sat Jul 25 02:05:13 EEST 2026)
⚠️ Not found locally on dios-macbook-air. Querying Tailscale mesh nodes...
❌ Philips SSD drive not found on local or remote Tailscale nodes.
=== 💾 PHILIPS SSD MULTI-NODE DISCOVERY & MOUNT UTILITY ===
Current Node: dios-macbook-air (Sat Jul 25 02:10:14 EEST 2026)
⚠️ Not found locally on dios-macbook-air. Querying Tailscale mesh nodes...
❌ Philips SSD drive not found on local or remote Tailscale nodes.
=== 💾 PHILIPS SSD MULTI-NODE DISCOVERY & MOUNT UTILITY ===
Current Node: dios-macbook-air (Sat Jul 25 02:15:14 EEST 2026)
⚠️ Not found locally on dios-macbook-air. Querying Tailscale mesh nodes...
❌ Philips SSD drive not found on local or remote Tailscale nodes.
=== 💾 PHILIPS SSD MULTI-NODE DISCOVERY & MOUNT UTILITY ===
Current Node: dios-macbook-air (Sat Jul 25 02:20:15 EEST 2026)
⚠️ Not found locally on dios-macbook-air. Querying Tailscale mesh nodes...
❌ Philips SSD drive not found on local or remote Tailscale nodes.
=== 💾 PHILIPS SSD MULTI-NODE DISCOVERY & MOUNT UTILITY ===
Current Node: dios-macbook-air (Sat Jul 25 02:25:16 EEST 2026)
⚠️ Not found locally on dios-macbook-air. Querying Tailscale mesh nodes...
❌ Philips SSD drive not found on local or remote Tailscale nodes.
=== 💾 PHILIPS SSD MULTI-NODE DISCOVERY & MOUNT UTILITY ===
Current Node: dios-macbook-air (Sat Jul 25 02:30:17 EEST 2026)
⚠️ Not found locally on dios-macbook-air. Querying Tailscale mesh nodes...
❌ Philips SSD drive not found on local or remote Tailscale nodes.
=== 💾 PHILIPS SSD MULTI-NODE DISCOVERY & MOUNT UTILITY ===
Current Node: dios-macbook-air (Sat Jul 25 02:35:17 EEST 2026)
⚠️ Not found locally on dios-macbook-air. Querying Tailscale mesh nodes...
❌ Philips SSD drive not found on local or remote Tailscale nodes.
=== 💾 PHILIPS SSD MULTI-NODE DISCOVERY & MOUNT UTILITY ===
Current Node: dios-macbook-air (Sat Jul 25 02:40:18 EEST 2026)
⚠️ Not found locally on dios-macbook-air. Querying Tailscale mesh nodes...
❌ Philips SSD drive not found on local or remote Tailscale nodes.
=== 💾 PHILIPS SSD MULTI-NODE DISCOVERY & MOUNT UTILITY ===
Current Node: dios-macbook-air (Sat Jul 25 02:45:19 EEST 2026)
⚠️ Not found locally on dios-macbook-air. Querying Tailscale mesh nodes...
❌ Philips SSD drive not found on local or remote Tailscale nodes.
=== 💾 PHILIPS SSD MULTI-NODE DISCOVERY & MOUNT UTILITY ===
Current Node: dios-macbook-air (Sat Jul 25 02:50:22 EEST 2026)
⚠️ Not found locally on dios-macbook-air. Querying Tailscale mesh nodes...
❌ Philips SSD drive not found on local or remote Tailscale nodes.
=== 💾 PHILIPS SSD MULTI-NODE DISCOVERY & MOUNT UTILITY ===
Current Node: dios-macbook-air (Sat Jul 25 02:55:23 EEST 2026)
⚠️ Not found locally on dios-macbook-air. Querying Tailscale mesh nodes...
❌ Philips SSD drive not found on local or remote Tailscale nodes.
=== 💾 PHILIPS SSD MULTI-NODE DISCOVERY & MOUNT UTILITY ===
Current Node: dios-macbook-air (Sat Jul 25 03:00:24 EEST 2026)
⚠️ Not found locally on dios-macbook-air. Querying Tailscale mesh nodes...
❌ Philips SSD drive not found on local or remote Tailscale nodes.
=== 💾 PHILIPS SSD MULTI-NODE DISCOVERY & MOUNT UTILITY ===
Current Node: dios-macbook-air (Sat Jul 25 03:05:24 EEST 2026)
⚠️ Not found locally on dios-macbook-air. Querying Tailscale mesh nodes...
❌ Philips SSD drive not found on local or remote Tailscale nodes.
=== 💾 PHILIPS SSD MULTI-NODE DISCOVERY & MOUNT UTILITY ===
Current Node: dios-macbook-air (Sat Jul 25 03:10:26 EEST 2026)
⚠️ Not found locally on dios-macbook-air. Querying Tailscale mesh nodes...
❌ Philips SSD drive not found on local or remote Tailscale nodes.
=== 💾 PHILIPS SSD MULTI-NODE DISCOVERY & MOUNT UTILITY ===
Current Node: dios-macbook-air (Sat Jul 25 03:15:26 EEST 2026)
⚠️ Not found locally on dios-macbook-air. Querying Tailscale mesh nodes...
❌ Philips SSD drive not found on local or remote Tailscale nodes.
=== 💾 PHILIPS SSD MULTI-NODE DISCOVERY & MOUNT UTILITY ===
Current Node: dios-macbook-air (Sat Jul 25 03:20:27 EEST 2026)
⚠️ Not found locally on dios-macbook-air. Querying Tailscale mesh nodes...
❌ Philips SSD drive not found on local or remote Tailscale nodes.
=== 💾 PHILIPS SSD MULTI-NODE DISCOVERY & MOUNT UTILITY ===
Current Node: dios-macbook-air (Sat Jul 25 03:25:28 EEST 2026)
⚠️ Not found locally on dios-macbook-air. Querying Tailscale mesh nodes...
❌ Philips SSD drive not found on local or remote Tailscale nodes.
=== 💾 PHILIPS SSD MULTI-NODE DISCOVERY & MOUNT UTILITY ===
Current Node: dios-macbook-air (Sat Jul 25 03:30:28 EEST 2026)
⚠️ Not found locally on dios-macbook-air. Querying Tailscale mesh nodes...
❌ Philips SSD drive not found on local or remote Tailscale nodes.
=== 💾 PHILIPS SSD MULTI-NODE DISCOVERY & MOUNT UTILITY ===
Current Node: dios-macbook-air (Sat Jul 25 03:35:29 EEST 2026)
⚠️ Not found locally on dios-macbook-air. Querying Tailscale mesh nodes...
❌ Philips SSD drive not found on local or remote Tailscale nodes.
=== 💾 PHILIPS SSD MULTI-NODE DISCOVERY & MOUNT UTILITY ===
Current Node: dios-macbook-air (Sat Jul 25 03:40:30 EEST 2026)
⚠️ Not found locally on dios-macbook-air. Querying Tailscale mesh nodes...
❌ Philips SSD drive not found on local or remote Tailscale nodes.
=== 💾 PHILIPS SSD MULTI-NODE DISCOVERY & MOUNT UTILITY ===
Current Node: dios-macbook-air (Sat Jul 25 03:45:30 EEST 2026)
⚠️ Not found locally on dios-macbook-air. Querying Tailscale mesh nodes...
❌ Philips SSD drive not found on local or remote Tailscale nodes.
=== 💾 PHILIPS SSD MULTI-NODE DISCOVERY & MOUNT UTILITY ===
Current Node: dios-macbook-air (Sat Jul 25 04:07:07 EEST 2026)
⚠️ Not found locally on dios-macbook-air. Querying Tailscale mesh nodes...
❌ Philips SSD drive not found on local or remote Tailscale nodes.
=== 💾 PHILIPS SSD MULTI-NODE DISCOVERY & MOUNT UTILITY ===
Current Node: dios-macbook-air (Sat Jul 25 04:17:06 EEST 2026)
⚠️ Not found locally on dios-macbook-air. Querying Tailscale mesh nodes...
❌ Philips SSD drive not found on local or remote Tailscale nodes.
=== 💾 PHILIPS SSD MULTI-NODE DISCOVERY & MOUNT UTILITY ===
Current Node: dios-macbook-air (Sat Jul 25 04:22:07 EEST 2026)
⚠️ Not found locally on dios-macbook-air. Querying Tailscale mesh nodes...
❌ Philips SSD drive not found on local or remote Tailscale nodes.
=== 💾 PHILIPS SSD MULTI-NODE DISCOVERY & MOUNT UTILITY ===
Current Node: dios-macbook-air (Sat Jul 25 04:43:33 EEST 2026)
⚠️ Not found locally on dios-macbook-air. Querying Tailscale mesh nodes...
❌ Philips SSD drive not found on local or remote Tailscale nodes.
=== 💾 PHILIPS SSD MULTI-NODE DISCOVERY & MOUNT UTILITY ===
Current Node: dios-macbook-air (Sat Jul 25 04:48:33 EEST 2026)
⚠️ Not found locally on dios-macbook-air. Querying Tailscale mesh nodes...
❌ Philips SSD drive not found on local or remote Tailscale nodes.
=== 💾 PHILIPS SSD MULTI-NODE DISCOVERY & MOUNT UTILITY ===
Current Node: dios-macbook-air (Sat Jul 25 04:53:34 EEST 2026)
⚠️ Not found locally on dios-macbook-air. Querying Tailscale mesh nodes...
❌ Philips SSD drive not found on local or remote Tailscale nodes.
=== 💾 PHILIPS SSD MULTI-NODE DISCOVERY & MOUNT UTILITY ===
Current Node: dios-macbook-air (Sat Jul 25 04:58:34 EEST 2026)
⚠️ Not found locally on dios-macbook-air. Querying Tailscale mesh nodes...
❌ Philips SSD drive not found on local or remote Tailscale nodes.
=== 💾 PHILIPS SSD MULTI-NODE DISCOVERY & MOUNT UTILITY ===
Current Node: dios-macbook-air (Sat Jul 25 05:03:35 EEST 2026)
⚠️ Not found locally on dios-macbook-air. Querying Tailscale mesh nodes...
❌ Philips SSD drive not found on local or remote Tailscale nodes.
=== 💾 PHILIPS SSD MULTI-NODE DISCOVERY & MOUNT UTILITY ===
Current Node: dios-macbook-air (Sat Jul 25 05:08:35 EEST 2026)
⚠️ Not found locally on dios-macbook-air. Querying Tailscale mesh nodes...
❌ Philips SSD drive not found on local or remote Tailscale nodes.
=== 💾 PHILIPS SSD MULTI-NODE DISCOVERY & MOUNT UTILITY ===
Current Node: dios-macbook-air (Sat Jul 25 05:29:12 EEST 2026)
⚠️ Not found locally on dios-macbook-air. Querying Tailscale mesh nodes...
❌ Philips SSD drive not found on local or remote Tailscale nodes.
=== 💾 PHILIPS SSD MULTI-NODE DISCOVERY & MOUNT UTILITY ===
Current Node: dios-macbook-air (Sat Jul 25 05:34:14 EEST 2026)
⚠️ Not found locally on dios-macbook-air. Querying Tailscale mesh nodes...
❌ Philips SSD drive not found on local or remote Tailscale nodes.
=== 💾 PHILIPS SSD MULTI-NODE DISCOVERY & MOUNT UTILITY ===
Current Node: dios-macbook-air (Sat Jul 25 05:39:15 EEST 2026)
⚠️ Not found locally on dios-macbook-air. Querying Tailscale mesh nodes...
❌ Philips SSD drive not found on local or remote Tailscale nodes.
=== 💾 PHILIPS SSD MULTI-NODE DISCOVERY & MOUNT UTILITY ===
Current Node: dios-macbook-air (Sat Jul 25 05:44:17 EEST 2026)
⚠️ Not found locally on dios-macbook-air. Querying Tailscale mesh nodes...
❌ Philips SSD drive not found on local or remote Tailscale nodes.
=== 💾 PHILIPS SSD MULTI-NODE DISCOVERY & MOUNT UTILITY ===
Current Node: dios-macbook-air (Sat Jul 25 05:49:17 EEST 2026)
⚠️ Not found locally on dios-macbook-air. Querying Tailscale mesh nodes...
❌ Philips SSD drive not found on local or remote Tailscale nodes.
=== 💾 PHILIPS SSD MULTI-NODE DISCOVERY & MOUNT UTILITY ===
Current Node: dios-macbook-air (Sat Jul 25 05:54:18 EEST 2026)
⚠️ Not found locally on dios-macbook-air. Querying Tailscale mesh nodes...
❌ Philips SSD drive not found on local or remote Tailscale nodes.
=== 💾 PHILIPS SSD MULTI-NODE DISCOVERY & MOUNT UTILITY ===
Current Node: dios-macbook-air (Sat Jul 25 05:59:18 EEST 2026)
⚠️ Not found locally on dios-macbook-air. Querying Tailscale mesh nodes...
❌ Philips SSD drive not found on local or remote Tailscale nodes.
=== 💾 PHILIPS SSD MULTI-NODE DISCOVERY & MOUNT UTILITY ===
Current Node: dios-macbook-air (Sat Jul 25 06:04:19 EEST 2026)
⚠️ Not found locally on dios-macbook-air. Querying Tailscale mesh nodes...
❌ Philips SSD drive not found on local or remote Tailscale nodes.
=== 💾 PHILIPS SSD MULTI-NODE DISCOVERY & MOUNT UTILITY ===
Current Node: dios-macbook-air (Sat Jul 25 06:09:19 EEST 2026)
⚠️ Not found locally on dios-macbook-air. Querying Tailscale mesh nodes...
❌ Philips SSD drive not found on local or remote Tailscale nodes.
=== 💾 PHILIPS SSD MULTI-NODE DISCOVERY & MOUNT UTILITY ===
Current Node: dios-macbook-air (Sat Jul 25 06:14:20 EEST 2026)
⚠️ Not found locally on dios-macbook-air. Querying Tailscale mesh nodes...
❌ Philips SSD drive not found on local or remote Tailscale nodes.
=== 💾 PHILIPS SSD MULTI-NODE DISCOVERY & MOUNT UTILITY ===
Current Node: dios-macbook-air (Sat Jul 25 06:19:21 EEST 2026)
⚠️ Not found locally on dios-macbook-air. Querying Tailscale mesh nodes...
❌ Philips SSD drive not found on local or remote Tailscale nodes.
=== 💾 PHILIPS SSD MULTI-NODE DISCOVERY & MOUNT UTILITY ===
Current Node: dios-macbook-air (Sat Jul 25 06:24:22 EEST 2026)
⚠️ Not found locally on dios-macbook-air. Querying Tailscale mesh nodes...
❌ Philips SSD drive not found on local or remote Tailscale nodes.
=== 💾 PHILIPS SSD MULTI-NODE DISCOVERY & MOUNT UTILITY ===
Current Node: dios-macbook-air (Sat Jul 25 06:29:24 EEST 2026)
⚠️ Not found locally on dios-macbook-air. Querying Tailscale mesh nodes...
❌ Philips SSD drive not found on local or remote Tailscale nodes.
=== 💾 PHILIPS SSD MULTI-NODE DISCOVERY & MOUNT UTILITY ===
Current Node: dios-macbook-air (Sat Jul 25 06:34:25 EEST 2026)
⚠️ Not found locally on dios-macbook-air. Querying Tailscale mesh nodes...
❌ Philips SSD drive not found on local or remote Tailscale nodes.
=== 💾 PHILIPS SSD MULTI-NODE DISCOVERY & MOUNT UTILITY ===
Current Node: dios-macbook-air (Sat Jul 25 06:39:26 EEST 2026)
⚠️ Not found locally on dios-macbook-air. Querying Tailscale mesh nodes...
❌ Philips SSD drive not found on local or remote Tailscale nodes.
=== 💾 PHILIPS SSD MULTI-NODE DISCOVERY & MOUNT UTILITY ===
Current Node: dios-macbook-air (Sat Jul 25 06:44:26 EEST 2026)
⚠️ Not found locally on dios-macbook-air. Querying Tailscale mesh nodes...
❌ Philips SSD drive not found on local or remote Tailscale nodes.
=== 💾 PHILIPS SSD MULTI-NODE DISCOVERY & MOUNT UTILITY ===
Current Node: dios-macbook-air (Sat Jul 25 06:49:27 EEST 2026)
⚠️ Not found locally on dios-macbook-air. Querying Tailscale mesh nodes...
❌ Philips SSD drive not found on local or remote Tailscale nodes.
=== 💾 PHILIPS SSD MULTI-NODE DISCOVERY & MOUNT UTILITY ===
Current Node: dios-macbook-air (Sat Jul 25 06:54:27 EEST 2026)
⚠️ Not found locally on dios-macbook-air. Querying Tailscale mesh nodes...
❌ Philips SSD drive not found on local or remote Tailscale nodes.
=== 💾 PHILIPS SSD MULTI-NODE DISCOVERY & MOUNT UTILITY ===
Current Node: dios-macbook-air (Sat Jul 25 06:59:28 EEST 2026)
⚠️ Not found locally on dios-macbook-air. Querying Tailscale mesh nodes...
❌ Philips SSD drive not found on local or remote Tailscale nodes.
=== 💾 PHILIPS SSD MULTI-NODE DISCOVERY & MOUNT UTILITY ===
Current Node: dios-macbook-air (Sat Jul 25 07:04:28 EEST 2026)
⚠️ Not found locally on dios-macbook-air. Querying Tailscale mesh nodes...
❌ Philips SSD drive not found on local or remote Tailscale nodes.
=== 💾 PHILIPS SSD MULTI-NODE DISCOVERY & MOUNT UTILITY ===
Current Node: dios-macbook-air (Sat Jul 25 07:09:30 EEST 2026)
⚠️ Not found locally on dios-macbook-air. Querying Tailscale mesh nodes...
❌ Philips SSD drive not found on local or remote Tailscale nodes.
=== 💾 PHILIPS SSD MULTI-NODE DISCOVERY & MOUNT UTILITY ===
Current Node: dios-macbook-air (Sat Jul 25 07:14:31 EEST 2026)
⚠️ Not found locally on dios-macbook-air. Querying Tailscale mesh nodes...
❌ Philips SSD drive not found on local or remote Tailscale nodes.
=== 💾 PHILIPS SSD MULTI-NODE DISCOVERY & MOUNT UTILITY ===
Current Node: dios-macbook-air (Sat Jul 25 07:19:32 EEST 2026)
⚠️ Not found locally on dios-macbook-air. Querying Tailscale mesh nodes...
❌ Philips SSD drive not found on local or remote Tailscale nodes.
=== 💾 PHILIPS SSD MULTI-NODE DISCOVERY & MOUNT UTILITY ===
Current Node: dios-macbook-air (Sat Jul 25 07:24:32 EEST 2026)
⚠️ Not found locally on dios-macbook-air. Querying Tailscale mesh nodes...
❌ Philips SSD drive not found on local or remote Tailscale nodes.
=== 💾 PHILIPS SSD MULTI-NODE DISCOVERY & MOUNT UTILITY ===
Current Node: dios-macbook-air (Sat Jul 25 07:29:33 EEST 2026)
⚠️ Not found locally on dios-macbook-air. Querying Tailscale mesh nodes...
❌ Philips SSD drive not found on local or remote Tailscale nodes.
=== 💾 PHILIPS SSD MULTI-NODE DISCOVERY & MOUNT UTILITY ===
Current Node: dios-macbook-air (Sat Jul 25 07:34:33 EEST 2026)
⚠️ Not found locally on dios-macbook-air. Querying Tailscale mesh nodes...
❌ Philips SSD drive not found on local or remote Tailscale nodes.
=== 💾 PHILIPS SSD MULTI-NODE DISCOVERY & MOUNT UTILITY ===
Current Node: dios-macbook-air (Sat Jul 25 07:39:34 EEST 2026)
⚠️ Not found locally on dios-macbook-air. Querying Tailscale mesh nodes...
❌ Philips SSD drive not found on local or remote Tailscale nodes.
=== 💾 PHILIPS SSD MULTI-NODE DISCOVERY & MOUNT UTILITY ===
Current Node: dios-macbook-air (Sat Jul 25 07:44:34 EEST 2026)
⚠️ Not found locally on dios-macbook-air. Querying Tailscale mesh nodes...
❌ Philips SSD drive not found on local or remote Tailscale nodes.
=== 💾 PHILIPS SSD MULTI-NODE DISCOVERY & MOUNT UTILITY ===
Current Node: dios-macbook-air (Sat Jul 25 08:04:32 EEST 2026)
⚠️ Not found locally on dios-macbook-air. Querying Tailscale mesh nodes...
❌ Philips SSD drive not found on local or remote Tailscale nodes.
=== 💾 PHILIPS SSD MULTI-NODE DISCOVERY & MOUNT UTILITY ===
Current Node: dios-macbook-air (Sat Jul 25 08:39:42 EEST 2026)
⚠️ Not found locally on dios-macbook-air. Querying Tailscale mesh nodes...
❌ Philips SSD drive not found on local or remote Tailscale nodes.
=== 💾 PHILIPS SSD MULTI-NODE DISCOVERY & MOUNT UTILITY ===
Current Node: dios-macbook-air (Sat Jul 25 08:44:42 EEST 2026)
⚠️ Not found locally on dios-macbook-air. Querying Tailscale mesh nodes...
❌ Philips SSD drive not found on local or remote Tailscale nodes.
=== 💾 PHILIPS SSD MULTI-NODE DISCOVERY & MOUNT UTILITY ===
Current Node: dios-macbook-air (Sat Jul 25 08:49:43 EEST 2026)
⚠️ Not found locally on dios-macbook-air. Querying Tailscale mesh nodes...
❌ Philips SSD drive not found on local or remote Tailscale nodes.
=== 💾 PHILIPS SSD MULTI-NODE DISCOVERY & MOUNT UTILITY ===
Current Node: dios-macbook-air (Sat Jul 25 08:54:43 EEST 2026)
⚠️ Not found locally on dios-macbook-air. Querying Tailscale mesh nodes...
❌ Philips SSD drive not found on local or remote Tailscale nodes.
=== 💾 PHILIPS SSD MULTI-NODE DISCOVERY & MOUNT UTILITY ===
Current Node: dios-macbook-air (Sat Jul 25 08:59:44 EEST 2026)
⚠️ Not found locally on dios-macbook-air. Querying Tailscale mesh nodes...
❌ Philips SSD drive not found on local or remote Tailscale nodes.
=== 💾 PHILIPS SSD MULTI-NODE DISCOVERY & MOUNT UTILITY ===
Current Node: dios-macbook-air (Sat Jul 25 09:04:44 EEST 2026)
⚠️ Not found locally on dios-macbook-air. Querying Tailscale mesh nodes...
❌ Philips SSD drive not found on local or remote Tailscale nodes.
=== 💾 PHILIPS SSD MULTI-NODE DISCOVERY & MOUNT UTILITY ===
Current Node: dios-macbook-air (Sat Jul 25 09:09:45 EEST 2026)
⚠️ Not found locally on dios-macbook-air. Querying Tailscale mesh nodes...
❌ Philips SSD drive not found on local or remote Tailscale nodes.
=== 💾 PHILIPS SSD MULTI-NODE DISCOVERY & MOUNT UTILITY ===
Current Node: dios-macbook-air (Sat Jul 25 09:31:13 EEST 2026)
⚠️ Not found locally on dios-macbook-air. Querying Tailscale mesh nodes...
❌ Philips SSD drive not found on local or remote Tailscale nodes.
=== 💾 PHILIPS SSD MULTI-NODE DISCOVERY & MOUNT UTILITY ===
Current Node: dios-macbook-air (Sat Jul 25 09:50:08 EEST 2026)
⚠️ Not found locally on dios-macbook-air. Querying Tailscale mesh nodes...
❌ Philips SSD drive not found on local or remote Tailscale nodes.
=== 💾 PHILIPS SSD MULTI-NODE DISCOVERY & MOUNT UTILITY ===
Current Node: dios-macbook-air (Sat Jul 25 10:42:20 EEST 2026)
⚠️ Not found locally on dios-macbook-air. Querying Tailscale mesh nodes...
❌ Philips SSD drive not found on local or remote Tailscale nodes.
=== 💾 PHILIPS SSD MULTI-NODE DISCOVERY & MOUNT UTILITY ===
Current Node: dios-macbook-air (Sat Jul 25 11:08:40 EEST 2026)
⚠️ Not found locally on dios-macbook-air. Querying Tailscale mesh nodes...
❌ Philips SSD drive not found on local or remote Tailscale nodes.
=== 💾 PHILIPS SSD MULTI-NODE DISCOVERY & MOUNT UTILITY ===
Current Node: dios-macbook-air (Sat Jul 25 11:13:41 EEST 2026)
⚠️ Not found locally on dios-macbook-air. Querying Tailscale mesh nodes...
❌ Philips SSD drive not found on local or remote Tailscale nodes.
=== 💾 PHILIPS SSD MULTI-NODE DISCOVERY & MOUNT UTILITY ===
Current Node: dios-macbook-air (Sat Jul 25 11:18:41 EEST 2026)
⚠️ Not found locally on dios-macbook-air. Querying Tailscale mesh nodes...
❌ Philips SSD drive not found on local or remote Tailscale nodes.
=== 💾 PHILIPS SSD MULTI-NODE DISCOVERY & MOUNT UTILITY ===
Current Node: dios-macbook-air (Sat Jul 25 11:23:42 EEST 2026)
⚠️ Not found locally on dios-macbook-air. Querying Tailscale mesh nodes...
❌ Philips SSD drive not found on local or remote Tailscale nodes.
=== 💾 PHILIPS SSD MULTI-NODE DISCOVERY & MOUNT UTILITY ===
Current Node: dios-macbook-air (Sat Jul 25 11:28:42 EEST 2026)
⚠️ Not found locally on dios-macbook-air. Querying Tailscale mesh nodes...
❌ Philips SSD drive not found on local or remote Tailscale nodes.
=== 💾 PHILIPS SSD MULTI-NODE DISCOVERY & MOUNT UTILITY ===
Current Node: dios-macbook-air (Sat Jul 25 11:33:43 EEST 2026)
⚠️ Not found locally on dios-macbook-air. Querying Tailscale mesh nodes...
❌ Philips SSD drive not found on local or remote Tailscale nodes.
=== 💾 PHILIPS SSD MULTI-NODE DISCOVERY & MOUNT UTILITY ===
Current Node: dios-macbook-air (Sat Jul 25 11:38:43 EEST 2026)
⚠️ Not found locally on dios-macbook-air. Querying Tailscale mesh nodes...
❌ Philips SSD drive not found on local or remote Tailscale nodes.
=== 💾 PHILIPS SSD MULTI-NODE DISCOVERY & MOUNT UTILITY ===
Current Node: dios-macbook-air (Sat Jul 25 11:43:44 EEST 2026)
⚠️ Not found locally on dios-macbook-air. Querying Tailscale mesh nodes...
❌ Philips SSD drive not found on local or remote Tailscale nodes.
=== 💾 PHILIPS SSD MULTI-NODE DISCOVERY & MOUNT UTILITY ===
Current Node: dios-macbook-air (Sat Jul 25 12:10:29 EEST 2026)
⚠️ Not found locally on dios-macbook-air. Querying Tailscale mesh nodes...
❌ Philips SSD drive not found on local or remote Tailscale nodes.
=== 💾 PHILIPS SSD MULTI-NODE DISCOVERY & MOUNT UTILITY ===
Current Node: dios-macbook-air (Sat Jul 25 12:32:46 EEST 2026)
⚠️ Not found locally on dios-macbook-air. Querying Tailscale mesh nodes...
❌ Philips SSD drive not found on local or remote Tailscale nodes.
=== 💾 PHILIPS SSD MULTI-NODE DISCOVERY & MOUNT UTILITY ===
Current Node: dios-macbook-air (Sat Jul 25 12:37:47 EEST 2026)
⚠️ Not found locally on dios-macbook-air. Querying Tailscale mesh nodes...
❌ Philips SSD drive not found on local or remote Tailscale nodes.
=== 💾 PHILIPS SSD MULTI-NODE DISCOVERY & MOUNT UTILITY ===
Current Node: dios-macbook-air (Sat Jul 25 12:42:47 EEST 2026)
⚠️ Not found locally on dios-macbook-air. Querying Tailscale mesh nodes...
❌ Philips SSD drive not found on local or remote Tailscale nodes.
=== 💾 PHILIPS SSD MULTI-NODE DISCOVERY & MOUNT UTILITY ===
Current Node: dios-macbook-air (Sat Jul 25 12:47:48 EEST 2026)
⚠️ Not found locally on dios-macbook-air. Querying Tailscale mesh nodes...
❌ Philips SSD drive not found on local or remote Tailscale nodes.
=== 💾 PHILIPS SSD MULTI-NODE DISCOVERY & MOUNT UTILITY ===
Current Node: dios-macbook-air (Sat Jul 25 12:52:50 EEST 2026)
⚠️ Not found locally on dios-macbook-air. Querying Tailscale mesh nodes...
❌ Philips SSD drive not found on local or remote Tailscale nodes.
=== 💾 PHILIPS SSD MULTI-NODE DISCOVERY & MOUNT UTILITY ===
Current Node: dios-macbook-air (Sat Jul 25 12:57:50 EEST 2026)
⚠️ Not found locally on dios-macbook-air. Querying Tailscale mesh nodes...
❌ Philips SSD drive not found on local or remote Tailscale nodes.
=== 💾 PHILIPS SSD MULTI-NODE DISCOVERY & MOUNT UTILITY ===
Current Node: dios-macbook-air (Sat Jul 25 13:02:51 EEST 2026)
⚠️ Not found locally on dios-macbook-air. Querying Tailscale mesh nodes...
❌ Philips SSD drive not found on local or remote Tailscale nodes.
=== 💾 PHILIPS SSD MULTI-NODE DISCOVERY & MOUNT UTILITY ===
Current Node: dios-macbook-air (Sat Jul 25 13:07:51 EEST 2026)
⚠️ Not found locally on dios-macbook-air. Querying Tailscale mesh nodes...
❌ Philips SSD drive not found on local or remote Tailscale nodes.
=== 💾 PHILIPS SSD MULTI-NODE DISCOVERY & MOUNT UTILITY ===
Current Node: dios-macbook-air (Sat Jul 25 13:12:52 EEST 2026)
⚠️ Not found locally on dios-macbook-air. Querying Tailscale mesh nodes...
❌ Philips SSD drive not found on local or remote Tailscale nodes.
=== 💾 PHILIPS SSD MULTI-NODE DISCOVERY & MOUNT UTILITY ===
Current Node: dios-macbook-air (Sat Jul 25 13:17:52 EEST 2026)
⚠️ Not found locally on dios-macbook-air. Querying Tailscale mesh nodes...
❌ Philips SSD drive not found on local or remote Tailscale nodes.
=== 💾 PHILIPS SSD MULTI-NODE DISCOVERY & MOUNT UTILITY ===
Current Node: dios-macbook-air (Sat Jul 25 13:22:53 EEST 2026)
⚠️ Not found locally on dios-macbook-air. Querying Tailscale mesh nodes...
❌ Philips SSD drive not found on local or remote Tailscale nodes.
=== 💾 PHILIPS SSD MULTI-NODE DISCOVERY & MOUNT UTILITY ===
Current Node: dios-macbook-air (Sat Jul 25 13:27:54 EEST 2026)
⚠️ Not found locally on dios-macbook-air. Querying Tailscale mesh nodes...
❌ Philips SSD drive not found on local or remote Tailscale nodes.
=== 💾 PHILIPS SSD MULTI-NODE DISCOVERY & MOUNT UTILITY ===
Current Node: dios-macbook-air (Sat Jul 25 13:32:56 EEST 2026)
⚠️ Not found locally on dios-macbook-air. Querying Tailscale mesh nodes...
❌ Philips SSD drive not found on local or remote Tailscale nodes.
=== 💾 PHILIPS SSD MULTI-NODE DISCOVERY & MOUNT UTILITY ===
Current Node: dios-macbook-air (Sat Jul 25 13:37:57 EEST 2026)
⚠️ Not found locally on dios-macbook-air. Querying Tailscale mesh nodes...
❌ Philips SSD drive not found on local or remote Tailscale nodes.
=== 💾 PHILIPS SSD MULTI-NODE DISCOVERY & MOUNT UTILITY ===
Current Node: dios-macbook-air (Sat Jul 25 13:53:22 EEST 2026)
⚠️ Not found locally on dios-macbook-air. Querying Tailscale mesh nodes...
❌ Philips SSD drive not found on local or remote Tailscale nodes.
=== 💾 PHILIPS SSD MULTI-NODE DISCOVERY & MOUNT UTILITY ===
Current Node: dios-macbook-air (Sat Jul 25 14:14:34 EEST 2026)
⚠️ Not found locally on dios-macbook-air. Querying Tailscale mesh nodes...
❌ Philips SSD drive not found on local or remote Tailscale nodes.
=== 💾 PHILIPS SSD MULTI-NODE DISCOVERY & MOUNT UTILITY ===
Current Node: dios-macbook-air (Sat Jul 25 14:54:02 EEST 2026)
⚠️ Not found locally on dios-macbook-air. Querying Tailscale mesh nodes...
❌ Philips SSD drive not found on local or remote Tailscale nodes.
=== 💾 PHILIPS SSD MULTI-NODE DISCOVERY & MOUNT UTILITY ===
Current Node: dios-macbook-air (Sat Jul 25 14:59:03 EEST 2026)
⚠️ Not found locally on dios-macbook-air. Querying Tailscale mesh nodes...
❌ Philips SSD drive not found on local or remote Tailscale nodes.
=== 💾 PHILIPS SSD MULTI-NODE DISCOVERY & MOUNT UTILITY ===
Current Node: dios-macbook-air (Sat Jul 25 15:04:04 EEST 2026)
⚠️ Not found locally on dios-macbook-air. Querying Tailscale mesh nodes...
❌ Philips SSD drive not found on local or remote Tailscale nodes.
=== 💾 PHILIPS SSD MULTI-NODE DISCOVERY & MOUNT UTILITY ===
Current Node: dios-macbook-air (Sat Jul 25 15:09:04 EEST 2026)
⚠️ Not found locally on dios-macbook-air. Querying Tailscale mesh nodes...
❌ Philips SSD drive not found on local or remote Tailscale nodes.
=== 💾 PHILIPS SSD MULTI-NODE DISCOVERY & MOUNT UTILITY ===
Current Node: dios-macbook-air (Sat Jul 25 15:14:05 EEST 2026)
⚠️ Not found locally on dios-macbook-air. Querying Tailscale mesh nodes...
❌ Philips SSD drive not found on local or remote Tailscale nodes.
=== 💾 PHILIPS SSD MULTI-NODE DISCOVERY & MOUNT UTILITY ===
Current Node: dios-macbook-air (Sat Jul 25 15:19:06 EEST 2026)
⚠️ Not found locally on dios-macbook-air. Querying Tailscale mesh nodes...
❌ Philips SSD drive not found on local or remote Tailscale nodes.
=== 💾 PHILIPS SSD MULTI-NODE DISCOVERY & MOUNT UTILITY ===
Current Node: dios-macbook-air (Sat Jul 25 15:24:08 EEST 2026)
⚠️ Not found locally on dios-macbook-air. Querying Tailscale mesh nodes...
❌ Philips SSD drive not found on local or remote Tailscale nodes.
=== 💾 PHILIPS SSD MULTI-NODE DISCOVERY & MOUNT UTILITY ===
Current Node: dios-macbook-air (Sat Jul 25 15:29:09 EEST 2026)
⚠️ Not found locally on dios-macbook-air. Querying Tailscale mesh nodes...
❌ Philips SSD drive not found on local or remote Tailscale nodes.
=== 💾 PHILIPS SSD MULTI-NODE DISCOVERY & MOUNT UTILITY ===
Current Node: dios-macbook-air (Sat Jul 25 15:34:10 EEST 2026)
⚠️ Not found locally on dios-macbook-air. Querying Tailscale mesh nodes...
❌ Philips SSD drive not found on local or remote Tailscale nodes.
=== 💾 PHILIPS SSD MULTI-NODE DISCOVERY & MOUNT UTILITY ===
Current Node: dios-macbook-air (Sat Jul 25 15:39:11 EEST 2026)
⚠️ Not found locally on dios-macbook-air. Querying Tailscale mesh nodes...
❌ Philips SSD drive not found on local or remote Tailscale nodes.
=== 💾 PHILIPS SSD MULTI-NODE DISCOVERY & MOUNT UTILITY ===
Current Node: dios-macbook-air (Sat Jul 25 15:44:12 EEST 2026)
⚠️ Not found locally on dios-macbook-air. Querying Tailscale mesh nodes...
❌ Philips SSD drive not found on local or remote Tailscale nodes.
=== 💾 PHILIPS SSD MULTI-NODE DISCOVERY & MOUNT UTILITY ===
Current Node: dios-macbook-air (Sat Jul 25 15:49:13 EEST 2026)
⚠️ Not found locally on dios-macbook-air. Querying Tailscale mesh nodes...
❌ Philips SSD drive not found on local or remote Tailscale nodes.
=== 💾 PHILIPS SSD MULTI-NODE DISCOVERY & MOUNT UTILITY ===
Current Node: dios-macbook-air (Sat Jul 25 16:16:17 EEST 2026)
⚠️ Not found locally on dios-macbook-air. Querying Tailscale mesh nodes...
❌ Philips SSD drive not found on local or remote Tailscale nodes.
=== 💾 PHILIPS SSD MULTI-NODE DISCOVERY & MOUNT UTILITY ===
Current Node: dios-macbook-air (Sat Jul 25 16:21:18 EEST 2026)
⚠️ Not found locally on dios-macbook-air. Querying Tailscale mesh nodes...
❌ Philips SSD drive not found on local or remote Tailscale nodes.
=== 💾 PHILIPS SSD MULTI-NODE DISCOVERY & MOUNT UTILITY ===
Current Node: dios-macbook-air (Sat Jul 25 16:26:21 EEST 2026)
⚠️ Not found locally on dios-macbook-air. Querying Tailscale mesh nodes...
❌ Philips SSD drive not found on local or remote Tailscale nodes.
=== 💾 PHILIPS SSD MULTI-NODE DISCOVERY & MOUNT UTILITY ===
Current Node: dios-macbook-air (Sat Jul 25 16:31:28 EEST 2026)
⚠️ Not found locally on dios-macbook-air. Querying Tailscale mesh nodes...
❌ Philips SSD drive not found on local or remote Tailscale nodes.
=== 💾 PHILIPS SSD MULTI-NODE DISCOVERY & MOUNT UTILITY ===
Current Node: dios-macbook-air (Sat Jul 25 16:36:29 EEST 2026)
⚠️ Not found locally on dios-macbook-air. Querying Tailscale mesh nodes...
❌ Philips SSD drive not found on local or remote Tailscale nodes.
=== 💾 PHILIPS SSD MULTI-NODE DISCOVERY & MOUNT UTILITY ===
Current Node: dios-macbook-air (Sat Jul 25 16:41:30 EEST 2026)
⚠️ Not found locally on dios-macbook-air. Querying Tailscale mesh nodes...
❌ Philips SSD drive not found on local or remote Tailscale nodes.
=== 💾 PHILIPS SSD MULTI-NODE DISCOVERY & MOUNT UTILITY ===
Current Node: dios-macbook-air (Sat Jul 25 16:46:30 EEST 2026)
⚠️ Not found locally on dios-macbook-air. Querying Tailscale mesh nodes...
❌ Philips SSD drive not found on local or remote Tailscale nodes.
=== 💾 PHILIPS SSD MULTI-NODE DISCOVERY & MOUNT UTILITY ===
Current Node: dios-macbook-air (Sat Jul 25 17:07:07 EEST 2026)
⚠️ Not found locally on dios-macbook-air. Querying Tailscale mesh nodes...
❌ Philips SSD drive not found on local or remote Tailscale nodes.
=== 💾 PHILIPS SSD MULTI-NODE DISCOVERY & MOUNT UTILITY ===
Current Node: dios-macbook-air (Sat Jul 25 17:45:08 EEST 2026)
⚠️ Not found locally on dios-macbook-air. Querying Tailscale mesh nodes...
❌ Philips SSD drive not found on local or remote Tailscale nodes.
=== 💾 PHILIPS SSD MULTI-NODE DISCOVERY & MOUNT UTILITY ===
Current Node: dios-macbook-air (Sat Jul 25 17:50:08 EEST 2026)
⚠️ Not found locally on dios-macbook-air. Querying Tailscale mesh nodes...
❌ Philips SSD drive not found on local or remote Tailscale nodes.
=== 💾 PHILIPS SSD MULTI-NODE DISCOVERY & MOUNT UTILITY ===
Current Node: dios-macbook-air (Sat Jul 25 17:55:09 EEST 2026)
⚠️ Not found locally on dios-macbook-air. Querying Tailscale mesh nodes...
❌ Philips SSD drive not found on local or remote Tailscale nodes.
=== 💾 PHILIPS SSD MULTI-NODE DISCOVERY & MOUNT UTILITY ===
Current Node: dios-macbook-air (Sat Jul 25 18:00:38 EEST 2026)
⚠️ Not found locally on dios-macbook-air. Querying Tailscale mesh nodes...
❌ Philips SSD drive not found on local or remote Tailscale nodes.
=== 💾 PHILIPS SSD MULTI-NODE DISCOVERY & MOUNT UTILITY ===
Current Node: dios-macbook-air (Sat Jul 25 18:20:46 EEST 2026)
⚠️ Not found locally on dios-macbook-air. Querying Tailscale mesh nodes...
❌ Philips SSD drive not found on local or remote Tailscale nodes.
=== 💾 PHILIPS SSD MULTI-NODE DISCOVERY & MOUNT UTILITY ===
Current Node: dios-macbook-air (Sat Jul 25 18:41:23 EEST 2026)
⚠️ Not found locally on dios-macbook-air. Querying Tailscale mesh nodes...
❌ Philips SSD drive not found on local or remote Tailscale nodes.
=== 💾 PHILIPS SSD MULTI-NODE DISCOVERY & MOUNT UTILITY ===
Current Node: dios-macbook-air (Sat Jul 25 18:55:49 EEST 2026)
⚠️ Not found locally on dios-macbook-air. Querying Tailscale mesh nodes...
❌ Philips SSD drive not found on local or remote Tailscale nodes.
=== 💾 PHILIPS SSD MULTI-NODE DISCOVERY & MOUNT UTILITY ===
Current Node: dios-macbook-air (Sat Jul 25 19:00:50 EEST 2026)
⚠️ Not found locally on dios-macbook-air. Querying Tailscale mesh nodes...
❌ Philips SSD drive not found on local or remote Tailscale nodes.
=== 💾 PHILIPS SSD MULTI-NODE DISCOVERY & MOUNT UTILITY ===
Current Node: dios-macbook-air (Sat Jul 25 19:05:51 EEST 2026)
⚠️ Not found locally on dios-macbook-air. Querying Tailscale mesh nodes...
❌ Philips SSD drive not found on local or remote Tailscale nodes.
=== 💾 PHILIPS SSD MULTI-NODE DISCOVERY & MOUNT UTILITY ===
Current Node: dios-macbook-air (Sat Jul 25 19:10:52 EEST 2026)
⚠️ Not found locally on dios-macbook-air. Querying Tailscale mesh nodes...
❌ Philips SSD drive not found on local or remote Tailscale nodes.
=== 💾 PHILIPS SSD MULTI-NODE DISCOVERY & MOUNT UTILITY ===
Current Node: dios-macbook-air (Sat Jul 25 19:15:54 EEST 2026)
⚠️ Not found locally on dios-macbook-air. Querying Tailscale mesh nodes...
❌ Philips SSD drive not found on local or remote Tailscale nodes.
=== 💾 PHILIPS SSD MULTI-NODE DISCOVERY & MOUNT UTILITY ===
Current Node: dios-macbook-air (Sat Jul 25 19:21:01 EEST 2026)
⚠️ Not found locally on dios-macbook-air. Querying Tailscale mesh nodes...
❌ Philips SSD drive not found on local or remote Tailscale nodes.
=== 💾 PHILIPS SSD MULTI-NODE DISCOVERY & MOUNT UTILITY ===
Current Node: dios-macbook-air (Sat Jul 25 19:26:06 EEST 2026)
⚠️ Not found locally on dios-macbook-air. Querying Tailscale mesh nodes...
❌ Philips SSD drive not found on local or remote Tailscale nodes.
=== 💾 PHILIPS SSD MULTI-NODE DISCOVERY & MOUNT UTILITY ===
Current Node: dios-macbook-air (Sat Jul 25 19:31:08 EEST 2026)
⚠️ Not found locally on dios-macbook-air. Querying Tailscale mesh nodes...
❌ Philips SSD drive not found on local or remote Tailscale nodes.
=== 💾 PHILIPS SSD MULTI-NODE DISCOVERY & MOUNT UTILITY ===
Current Node: dios-macbook-air (Sat Jul 25 19:36:11 EEST 2026)
⚠️ Not found locally on dios-macbook-air. Querying Tailscale mesh nodes...
❌ Philips SSD drive not found on local or remote Tailscale nodes.
=== 💾 PHILIPS SSD MULTI-NODE DISCOVERY & MOUNT UTILITY ===
Current Node: dios-macbook-air (Sat Jul 25 19:41:13 EEST 2026)
⚠️ Not found locally on dios-macbook-air. Querying Tailscale mesh nodes...
❌ Philips SSD drive not found on local or remote Tailscale nodes.
=== 💾 PHILIPS SSD MULTI-NODE DISCOVERY & MOUNT UTILITY ===
Current Node: dios-macbook-air (Sat Jul 25 19:46:15 EEST 2026)
⚠️ Not found locally on dios-macbook-air. Querying Tailscale mesh nodes...
❌ Philips SSD drive not found on local or remote Tailscale nodes.
=== 💾 PHILIPS SSD MULTI-NODE DISCOVERY & MOUNT UTILITY ===
Current Node: dios-macbook-air (Sat Jul 25 19:51:16 EEST 2026)
⚠️ Not found locally on dios-macbook-air. Querying Tailscale mesh nodes...
❌ Philips SSD drive not found on local or remote Tailscale nodes.
=== 💾 PHILIPS SSD MULTI-NODE DISCOVERY & MOUNT UTILITY ===
Current Node: dios-macbook-air (Sat Jul 25 19:56:17 EEST 2026)
⚠️ Not found locally on dios-macbook-air. Querying Tailscale mesh nodes...
❌ Philips SSD drive not found on local or remote Tailscale nodes.
=== 💾 PHILIPS SSD MULTI-NODE DISCOVERY & MOUNT UTILITY ===
Current Node: dios-macbook-air (Sat Jul 25 20:01:18 EEST 2026)
⚠️ Not found locally on dios-macbook-air. Querying Tailscale mesh nodes...
❌ Philips SSD drive not found on local or remote Tailscale nodes.
=== 💾 PHILIPS SSD MULTI-NODE DISCOVERY & MOUNT UTILITY ===
Current Node: dios-macbook-air (Sat Jul 25 20:06:19 EEST 2026)
⚠️ Not found locally on dios-macbook-air. Querying Tailscale mesh nodes...
❌ Philips SSD drive not found on local or remote Tailscale nodes.
=== 💾 PHILIPS SSD MULTI-NODE DISCOVERY & MOUNT UTILITY ===
Current Node: dios-macbook-air (Sat Jul 25 20:11:19 EEST 2026)
⚠️ Not found locally on dios-macbook-air. Querying Tailscale mesh nodes...
❌ Philips SSD drive not found on local or remote Tailscale nodes.
=== 💾 PHILIPS SSD MULTI-NODE DISCOVERY & MOUNT UTILITY ===
Current Node: dios-macbook-air (Sat Jul 25 20:16:20 EEST 2026)
⚠️ Not found locally on dios-macbook-air. Querying Tailscale mesh nodes...
❌ Philips SSD drive not found on local or remote Tailscale nodes.
=== 💾 PHILIPS SSD MULTI-NODE DISCOVERY & MOUNT UTILITY ===
Current Node: dios-macbook-air (Sat Jul 25 20:21:21 EEST 2026)
⚠️ Not found locally on dios-macbook-air. Querying Tailscale mesh nodes...
❌ Philips SSD drive not found on local or remote Tailscale nodes.
=== 💾 PHILIPS SSD MULTI-NODE DISCOVERY & MOUNT UTILITY ===
Current Node: dios-macbook-air (Sat Jul 25 20:26:21 EEST 2026)
⚠️ Not found locally on dios-macbook-air. Querying Tailscale mesh nodes...
❌ Philips SSD drive not found on local or remote Tailscale nodes.
=== 💾 PHILIPS SSD MULTI-NODE DISCOVERY & MOUNT UTILITY ===
Current Node: dios-macbook-air (Sat Jul 25 20:31:22 EEST 2026)
⚠️ Not found locally on dios-macbook-air. Querying Tailscale mesh nodes...
❌ Philips SSD drive not found on local or remote Tailscale nodes.
=== 💾 PHILIPS SSD MULTI-NODE DISCOVERY & MOUNT UTILITY ===
Current Node: dios-macbook-air (Sat Jul 25 20:36:23 EEST 2026)
⚠️ Not found locally on dios-macbook-air. Querying Tailscale mesh nodes...
❌ Philips SSD drive not found on local or remote Tailscale nodes.
=== 💾 PHILIPS SSD MULTI-NODE DISCOVERY & MOUNT UTILITY ===
Current Node: dios-macbook-air (Sat Jul 25 20:41:23 EEST 2026)
⚠️ Not found locally on dios-macbook-air. Querying Tailscale mesh nodes...
❌ Philips SSD drive not found on local or remote Tailscale nodes.
=== 💾 PHILIPS SSD MULTI-NODE DISCOVERY & MOUNT UTILITY ===
Current Node: dios-macbook-air (Sat Jul 25 20:46:24 EEST 2026)
⚠️ Not found locally on dios-macbook-air. Querying Tailscale mesh nodes...
❌ Philips SSD drive not found on local or remote Tailscale nodes.
=== 💾 PHILIPS SSD MULTI-NODE DISCOVERY & MOUNT UTILITY ===
Current Node: dios-macbook-air (Sat Jul 25 20:51:25 EEST 2026)
⚠️ Not found locally on dios-macbook-air. Querying Tailscale mesh nodes...
❌ Philips SSD drive not found on local or remote Tailscale nodes.
=== 💾 PHILIPS SSD MULTI-NODE DISCOVERY & MOUNT UTILITY ===
Current Node: dios-macbook-air (Sat Jul 25 20:56:26 EEST 2026)
⚠️ Not found locally on dios-macbook-air. Querying Tailscale mesh nodes...
❌ Philips SSD drive not found on local or remote Tailscale nodes.
=== 💾 PHILIPS SSD MULTI-NODE DISCOVERY & MOUNT UTILITY ===
Current Node: dios-macbook-air (Sat Jul 25 21:01:26 EEST 2026)
⚠️ Not found locally on dios-macbook-air. Querying Tailscale mesh nodes...
❌ Philips SSD drive not found on local or remote Tailscale nodes.
=== 💾 PHILIPS SSD MULTI-NODE DISCOVERY & MOUNT UTILITY ===
Current Node: dios-macbook-air (Sat Jul 25 21:06:27 EEST 2026)
⚠️ Not found locally on dios-macbook-air. Querying Tailscale mesh nodes...
❌ Philips SSD drive not found on local or remote Tailscale nodes.
=== 💾 PHILIPS SSD MULTI-NODE DISCOVERY & MOUNT UTILITY ===
Current Node: dios-macbook-air (Sat Jul 25 21:11:28 EEST 2026)
⚠️ Not found locally on dios-macbook-air. Querying Tailscale mesh nodes...
❌ Philips SSD drive not found on local or remote Tailscale nodes.
=== 💾 PHILIPS SSD MULTI-NODE DISCOVERY & MOUNT UTILITY ===
Current Node: dios-macbook-air (Sat Jul 25 21:16:28 EEST 2026)
⚠️ Not found locally on dios-macbook-air. Querying Tailscale mesh nodes...
❌ Philips SSD drive not found on local or remote Tailscale nodes.
=== 💾 PHILIPS SSD MULTI-NODE DISCOVERY & MOUNT UTILITY ===
Current Node: dios-macbook-air (Sat Jul 25 21:21:29 EEST 2026)
⚠️ Not found locally on dios-macbook-air. Querying Tailscale mesh nodes...
❌ Philips SSD drive not found on local or remote Tailscale nodes.
=== 💾 PHILIPS SSD MULTI-NODE DISCOVERY & MOUNT UTILITY ===
Current Node: dios-macbook-air (Sat Jul 25 21:26:30 EEST 2026)
⚠️ Not found locally on dios-macbook-air. Querying Tailscale mesh nodes...
❌ Philips SSD drive not found on local or remote Tailscale nodes.
=== 💾 PHILIPS SSD MULTI-NODE DISCOVERY & MOUNT UTILITY ===
Current Node: dios-macbook-air (Sat Jul 25 21:31:30 EEST 2026)
⚠️ Not found locally on dios-macbook-air. Querying Tailscale mesh nodes...
❌ Philips SSD drive not found on local or remote Tailscale nodes.
=== 💾 PHILIPS SSD MULTI-NODE DISCOVERY & MOUNT UTILITY ===
Current Node: dios-macbook-air (Sat Jul 25 21:36:31 EEST 2026)
⚠️ Not found locally on dios-macbook-air. Querying Tailscale mesh nodes...
❌ Philips SSD drive not found on local or remote Tailscale nodes.
=== 💾 PHILIPS SSD MULTI-NODE DISCOVERY & MOUNT UTILITY ===
Current Node: dios-macbook-air (Sat Jul 25 21:41:32 EEST 2026)
⚠️ Not found locally on dios-macbook-air. Querying Tailscale mesh nodes...
❌ Philips SSD drive not found on local or remote Tailscale nodes.
=== 💾 PHILIPS SSD MULTI-NODE DISCOVERY & MOUNT UTILITY ===
Current Node: dios-macbook-air (Sat Jul 25 21:46:32 EEST 2026)
⚠️ Not found locally on dios-macbook-air. Querying Tailscale mesh nodes...
❌ Philips SSD drive not found on local or remote Tailscale nodes.
=== 💾 PHILIPS SSD MULTI-NODE DISCOVERY & MOUNT UTILITY ===
Current Node: dios-macbook-air (Sat Jul 25 21:51:33 EEST 2026)
⚠️ Not found locally on dios-macbook-air. Querying Tailscale mesh nodes...
❌ Philips SSD drive not found on local or remote Tailscale nodes.
=== 💾 PHILIPS SSD MULTI-NODE DISCOVERY & MOUNT UTILITY ===
Current Node: dios-macbook-air (Sat Jul 25 21:56:34 EEST 2026)
⚠️ Not found locally on dios-macbook-air. Querying Tailscale mesh nodes...
❌ Philips SSD drive not found on local or remote Tailscale nodes.
=== 💾 PHILIPS SSD MULTI-NODE DISCOVERY & MOUNT UTILITY ===
Current Node: dios-macbook-air (Sat Jul 25 22:01:34 EEST 2026)
⚠️ Not found locally on dios-macbook-air. Querying Tailscale mesh nodes...
❌ Philips SSD drive not found on local or remote Tailscale nodes.
=== 💾 PHILIPS SSD MULTI-NODE DISCOVERY & MOUNT UTILITY ===
Current Node: dios-macbook-air (Sat Jul 25 22:06:35 EEST 2026)
⚠️ Not found locally on dios-macbook-air. Querying Tailscale mesh nodes...
❌ Philips SSD drive not found on local or remote Tailscale nodes.
=== 💾 PHILIPS SSD MULTI-NODE DISCOVERY & MOUNT UTILITY ===
Current Node: dios-macbook-air (Sat Jul 25 22:11:36 EEST 2026)
⚠️ Not found locally on dios-macbook-air. Querying Tailscale mesh nodes...
❌ Philips SSD drive not found on local or remote Tailscale nodes.
=== 💾 PHILIPS SSD MULTI-NODE DISCOVERY & MOUNT UTILITY ===
Current Node: dios-macbook-air (Sat Jul 25 22:16:36 EEST 2026)
⚠️ Not found locally on dios-macbook-air. Querying Tailscale mesh nodes...
❌ Philips SSD drive not found on local or remote Tailscale nodes.
=== 💾 PHILIPS SSD MULTI-NODE DISCOVERY & MOUNT UTILITY ===
Current Node: dios-macbook-air (Sat Jul 25 22:21:37 EEST 2026)
⚠️ Not found locally on dios-macbook-air. Querying Tailscale mesh nodes...
❌ Philips SSD drive not found on local or remote Tailscale nodes.
=== 💾 PHILIPS SSD MULTI-NODE DISCOVERY & MOUNT UTILITY ===
Current Node: dios-macbook-air (Sat Jul 25 22:26:38 EEST 2026)
⚠️ Not found locally on dios-macbook-air. Querying Tailscale mesh nodes...
❌ Philips SSD drive not found on local or remote Tailscale nodes.
=== 💾 PHILIPS SSD MULTI-NODE DISCOVERY & MOUNT UTILITY ===
Current Node: dios-macbook-air (Sat Jul 25 22:31:39 EEST 2026)
⚠️ Not found locally on dios-macbook-air. Querying Tailscale mesh nodes...
❌ Philips SSD drive not found on local or remote Tailscale nodes.
=== 💾 PHILIPS SSD MULTI-NODE DISCOVERY & MOUNT UTILITY ===
Current Node: dios-macbook-air (Sat Jul 25 22:36:39 EEST 2026)
⚠️ Not found locally on dios-macbook-air. Querying Tailscale mesh nodes...
❌ Philips SSD drive not found on local or remote Tailscale nodes.
=== 💾 PHILIPS SSD MULTI-NODE DISCOVERY & MOUNT UTILITY ===
Current Node: dios-macbook-air (Sat Jul 25 22:41:40 EEST 2026)
⚠️ Not found locally on dios-macbook-air. Querying Tailscale mesh nodes...
❌ Philips SSD drive not found on local or remote Tailscale nodes.
=== 💾 PHILIPS SSD MULTI-NODE DISCOVERY & MOUNT UTILITY ===
Current Node: dios-macbook-air (Sat Jul 25 22:46:41 EEST 2026)
⚠️ Not found locally on dios-macbook-air. Querying Tailscale mesh nodes...
❌ Philips SSD drive not found on local or remote Tailscale nodes.
=== 💾 PHILIPS SSD MULTI-NODE DISCOVERY & MOUNT UTILITY ===
Current Node: dios-macbook-air (Sat Jul 25 22:51:41 EEST 2026)
⚠️ Not found locally on dios-macbook-air. Querying Tailscale mesh nodes...
❌ Philips SSD drive not found on local or remote Tailscale nodes.
=== 💾 PHILIPS SSD MULTI-NODE DISCOVERY & MOUNT UTILITY ===
Current Node: dios-macbook-air (Sat Jul 25 22:56:42 EEST 2026)
⚠️ Not found locally on dios-macbook-air. Querying Tailscale mesh nodes...
❌ Philips SSD drive not found on local or remote Tailscale nodes.
=== 💾 PHILIPS SSD MULTI-NODE DISCOVERY & MOUNT UTILITY ===
Current Node: dios-macbook-air (Sat Jul 25 23:01:42 EEST 2026)
⚠️ Not found locally on dios-macbook-air. Querying Tailscale mesh nodes...
❌ Philips SSD drive not found on local or remote Tailscale nodes.
=== 💾 PHILIPS SSD MULTI-NODE DISCOVERY & MOUNT UTILITY ===
Current Node: dios-macbook-air (Sat Jul 25 23:06:43 EEST 2026)
⚠️ Not found locally on dios-macbook-air. Querying Tailscale mesh nodes...
❌ Philips SSD drive not found on local or remote Tailscale nodes.
=== 💾 PHILIPS SSD MULTI-NODE DISCOVERY & MOUNT UTILITY ===
Current Node: dios-macbook-air (Sat Jul 25 23:11:44 EEST 2026)
⚠️ Not found locally on dios-macbook-air. Querying Tailscale mesh nodes...
❌ Philips SSD drive not found on local or remote Tailscale nodes.
=== 💾 PHILIPS SSD MULTI-NODE DISCOVERY & MOUNT UTILITY ===
Current Node: dios-macbook-air (Sat Jul 25 23:16:45 EEST 2026)
⚠️ Not found locally on dios-macbook-air. Querying Tailscale mesh nodes...
❌ Philips SSD drive not found on local or remote Tailscale nodes.
=== 💾 PHILIPS SSD MULTI-NODE DISCOVERY & MOUNT UTILITY ===
Current Node: dios-macbook-air (Sat Jul 25 23:21:45 EEST 2026)
⚠️ Not found locally on dios-macbook-air. Querying Tailscale mesh nodes...
❌ Philips SSD drive not found on local or remote Tailscale nodes.
=== 💾 PHILIPS SSD MULTI-NODE DISCOVERY & MOUNT UTILITY ===
Current Node: dios-macbook-air (Sat Jul 25 23:26:46 EEST 2026)
⚠️ Not found locally on dios-macbook-air. Querying Tailscale mesh nodes...
❌ Philips SSD drive not found on local or remote Tailscale nodes.
=== 💾 PHILIPS SSD MULTI-NODE DISCOVERY & MOUNT UTILITY ===
Current Node: dios-macbook-air (Sat Jul 25 23:31:47 EEST 2026)
⚠️ Not found locally on dios-macbook-air. Querying Tailscale mesh nodes...
❌ Philips SSD drive not found on local or remote Tailscale nodes.
=== 💾 PHILIPS SSD MULTI-NODE DISCOVERY & MOUNT UTILITY ===
Current Node: dios-macbook-air (Sat Jul 25 23:36:48 EEST 2026)
⚠️ Not found locally on dios-macbook-air. Querying Tailscale mesh nodes...
❌ Philips SSD drive not found on local or remote Tailscale nodes.
=== 💾 PHILIPS SSD MULTI-NODE DISCOVERY & MOUNT UTILITY ===
Current Node: dios-macbook-air (Sat Jul 25 23:41:48 EEST 2026)
⚠️ Not found locally on dios-macbook-air. Querying Tailscale mesh nodes...
❌ Philips SSD drive not found on local or remote Tailscale nodes.
=== 💾 PHILIPS SSD MULTI-NODE DISCOVERY & MOUNT UTILITY ===
Current Node: dios-macbook-air (Sat Jul 25 23:46:53 EEST 2026)
⚠️ Not found locally on dios-macbook-air. Querying Tailscale mesh nodes...
❌ Philips SSD drive not found on local or remote Tailscale nodes.
=== 💾 PHILIPS SSD MULTI-NODE DISCOVERY & MOUNT UTILITY ===
Current Node: dios-macbook-air (Sat Jul 25 23:52:15 EEST 2026)
⚠️ Not found locally on dios-macbook-air. Querying Tailscale mesh nodes...
❌ Philips SSD drive not found on local or remote Tailscale nodes.
=== 💾 PHILIPS SSD MULTI-NODE DISCOVERY & MOUNT UTILITY ===
Current Node: dios-macbook-air (Sat Jul 25 23:58:23 EEST 2026)
⚠️ Not found locally on dios-macbook-air. Querying Tailscale mesh nodes...
❌ Philips SSD drive not found on local or remote Tailscale nodes.
=== 💾 PHILIPS SSD MULTI-NODE DISCOVERY & MOUNT UTILITY ===
Current Node: dios-macbook-air (Sun Jul 26 00:05:13 EEST 2026)
⚠️ Not found locally on dios-macbook-air. Querying Tailscale mesh nodes...
❌ Philips SSD drive not found on local or remote Tailscale nodes.
=== 💾 PHILIPS SSD MULTI-NODE DISCOVERY & MOUNT UTILITY ===
Current Node: dios-macbook-air (Sun Jul 26 00:11:07 EEST 2026)
⚠️ Not found locally on dios-macbook-air. Querying Tailscale mesh nodes...
❌ Philips SSD drive not found on local or remote Tailscale nodes.
=== 💾 PHILIPS SSD MULTI-NODE DISCOVERY & MOUNT UTILITY ===
Current Node: dios-macbook-air (Sun Jul 26 00:16:49 EEST 2026)
⚠️ Not found locally on dios-macbook-air. Querying Tailscale mesh nodes...
❌ Philips SSD drive not found on local or remote Tailscale nodes.
=== 💾 PHILIPS SSD MULTI-NODE DISCOVERY & MOUNT UTILITY ===
Current Node: dios-macbook-air (Sun Jul 26 00:23:07 EEST 2026)
⚠️ Not found locally on dios-macbook-air. Querying Tailscale mesh nodes...
❌ Philips SSD drive not found on local or remote Tailscale nodes.
=== 💾 PHILIPS SSD MULTI-NODE DISCOVERY & MOUNT UTILITY ===
Current Node: dios-macbook-air (Sun Jul 26 00:28:09 EEST 2026)
⚠️ Not found locally on dios-macbook-air. Querying Tailscale mesh nodes...
❌ Philips SSD drive not found on local or remote Tailscale nodes.
=== 💾 PHILIPS SSD MULTI-NODE DISCOVERY & MOUNT UTILITY ===
Current Node: dios-macbook-air (Sun Jul 26 00:33:11 EEST 2026)
⚠️ Not found locally on dios-macbook-air. Querying Tailscale mesh nodes...
❌ Philips SSD drive not found on local or remote Tailscale nodes.
=== 💾 PHILIPS SSD MULTI-NODE DISCOVERY & MOUNT UTILITY ===
Current Node: dios-macbook-air (Sun Jul 26 00:38:15 EEST 2026)
⚠️ Not found locally on dios-macbook-air. Querying Tailscale mesh nodes...
❌ Philips SSD drive not found on local or remote Tailscale nodes.
=== 💾 PHILIPS SSD MULTI-NODE DISCOVERY & MOUNT UTILITY ===
Current Node: dios-macbook-air (Sun Jul 26 00:43:22 EEST 2026)
⚠️ Not found locally on dios-macbook-air. Querying Tailscale mesh nodes...
❌ Philips SSD drive not found on local or remote Tailscale nodes.
=== 💾 PHILIPS SSD MULTI-NODE DISCOVERY & MOUNT UTILITY ===
Current Node: dios-macbook-air (Sun Jul 26 00:48:26 EEST 2026)
⚠️ Not found locally on dios-macbook-air. Querying Tailscale mesh nodes...
❌ Philips SSD drive not found on local or remote Tailscale nodes.
=== 💾 PHILIPS SSD MULTI-NODE DISCOVERY & MOUNT UTILITY ===
Current Node: dios-macbook-air (Sun Jul 26 00:53:30 EEST 2026)
⚠️ Not found locally on dios-macbook-air. Querying Tailscale mesh nodes...
❌ Philips SSD drive not found on local or remote Tailscale nodes.
=== 💾 PHILIPS SSD MULTI-NODE DISCOVERY & MOUNT UTILITY ===
Current Node: dios-macbook-air (Sun Jul 26 00:58:35 EEST 2026)
⚠️ Not found locally on dios-macbook-air. Querying Tailscale mesh nodes...
❌ Philips SSD drive not found on local or remote Tailscale nodes.
=== 💾 PHILIPS SSD MULTI-NODE DISCOVERY & MOUNT UTILITY ===
Current Node: dios-macbook-air (Sun Jul 26 01:03:46 EEST 2026)
⚠️ Not found locally on dios-macbook-air. Querying Tailscale mesh nodes...
❌ Philips SSD drive not found on local or remote Tailscale nodes.
=== 💾 PHILIPS SSD MULTI-NODE DISCOVERY & MOUNT UTILITY ===
Current Node: dios-macbook-air (Sun Jul 26 01:08:48 EEST 2026)
⚠️ Not found locally on dios-macbook-air. Querying Tailscale mesh nodes...
❌ Philips SSD drive not found on local or remote Tailscale nodes.
=== 💾 PHILIPS SSD MULTI-NODE DISCOVERY & MOUNT UTILITY ===
Current Node: dios-macbook-air (Sun Jul 26 01:14:02 EEST 2026)
⚠️ Not found locally on dios-macbook-air. Querying Tailscale mesh nodes...
❌ Philips SSD drive not found on local or remote Tailscale nodes.
=== 💾 PHILIPS SSD MULTI-NODE DISCOVERY & MOUNT UTILITY ===
Current Node: dios-macbook-air (Sun Jul 26 01:19:02 EEST 2026)
⚠️ Not found locally on dios-macbook-air. Querying Tailscale mesh nodes...
❌ Philips SSD drive not found on local or remote Tailscale nodes.
=== 💾 PHILIPS SSD MULTI-NODE DISCOVERY & MOUNT UTILITY ===
Current Node: dios-macbook-air (Sun Jul 26 01:24:03 EEST 2026)
⚠️ Not found locally on dios-macbook-air. Querying Tailscale mesh nodes...
❌ Philips SSD drive not found on local or remote Tailscale nodes.
=== 💾 PHILIPS SSD MULTI-NODE DISCOVERY & MOUNT UTILITY ===
Current Node: dios-macbook-air (Sun Jul 26 01:29:04 EEST 2026)
⚠️ Not found locally on dios-macbook-air. Querying Tailscale mesh nodes...
❌ Philips SSD drive not found on local or remote Tailscale nodes.
=== 💾 PHILIPS SSD MULTI-NODE DISCOVERY & MOUNT UTILITY ===
Current Node: dios-macbook-air (Sun Jul 26 01:34:05 EEST 2026)
⚠️ Not found locally on dios-macbook-air. Querying Tailscale mesh nodes...
❌ Philips SSD drive not found on local or remote Tailscale nodes.
=== 💾 PHILIPS SSD MULTI-NODE DISCOVERY & MOUNT UTILITY ===
Current Node: dios-macbook-air (Sun Jul 26 01:39:06 EEST 2026)
⚠️ Not found locally on dios-macbook-air. Querying Tailscale mesh nodes...
❌ Philips SSD drive not found on local or remote Tailscale nodes.
=== 💾 PHILIPS SSD MULTI-NODE DISCOVERY & MOUNT UTILITY ===
Current Node: dios-macbook-air (Sun Jul 26 01:44:07 EEST 2026)
⚠️ Not found locally on dios-macbook-air. Querying Tailscale mesh nodes...
❌ Philips SSD drive not found on local or remote Tailscale nodes.
=== 💾 PHILIPS SSD MULTI-NODE DISCOVERY & MOUNT UTILITY ===
Current Node: dios-macbook-air (Sun Jul 26 01:49:07 EEST 2026)
⚠️ Not found locally on dios-macbook-air. Querying Tailscale mesh nodes...
❌ Philips SSD drive not found on local or remote Tailscale nodes.
=== 💾 PHILIPS SSD MULTI-NODE DISCOVERY & MOUNT UTILITY ===
Current Node: dios-macbook-air (Sun Jul 26 01:54:08 EEST 2026)
⚠️ Not found locally on dios-macbook-air. Querying Tailscale mesh nodes...
❌ Philips SSD drive not found on local or remote Tailscale nodes.
=== 💾 PHILIPS SSD MULTI-NODE DISCOVERY & MOUNT UTILITY ===
Current Node: dios-macbook-air (Sun Jul 26 01:59:09 EEST 2026)
⚠️ Not found locally on dios-macbook-air. Querying Tailscale mesh nodes...
❌ Philips SSD drive not found on local or remote Tailscale nodes.
=== 💾 PHILIPS SSD MULTI-NODE DISCOVERY & MOUNT UTILITY ===
Current Node: dios-macbook-air (Sun Jul 26 02:04:10 EEST 2026)
⚠️ Not found locally on dios-macbook-air. Querying Tailscale mesh nodes...
❌ Philips SSD drive not found on local or remote Tailscale nodes.
=== 💾 PHILIPS SSD MULTI-NODE DISCOVERY & MOUNT UTILITY ===
Current Node: dios-macbook-air (Sun Jul 26 02:09:10 EEST 2026)
⚠️ Not found locally on dios-macbook-air. Querying Tailscale mesh nodes...
❌ Philips SSD drive not found on local or remote Tailscale nodes.
=== 💾 PHILIPS SSD MULTI-NODE DISCOVERY & MOUNT UTILITY ===
Current Node: dios-macbook-air (Sun Jul 26 02:14:11 EEST 2026)
⚠️ Not found locally on dios-macbook-air. Querying Tailscale mesh nodes...
❌ Philips SSD drive not found on local or remote Tailscale nodes.
=== 💾 PHILIPS SSD MULTI-NODE DISCOVERY & MOUNT UTILITY ===
Current Node: dios-macbook-air (Sun Jul 26 02:19:12 EEST 2026)
⚠️ Not found locally on dios-macbook-air. Querying Tailscale mesh nodes...
❌ Philips SSD drive not found on local or remote Tailscale nodes.
=== 💾 PHILIPS SSD MULTI-NODE DISCOVERY & MOUNT UTILITY ===
Current Node: dios-macbook-air (Sun Jul 26 02:24:12 EEST 2026)
⚠️ Not found locally on dios-macbook-air. Querying Tailscale mesh nodes...
❌ Philips SSD drive not found on local or remote Tailscale nodes.
=== 💾 PHILIPS SSD MULTI-NODE DISCOVERY & MOUNT UTILITY ===
Current Node: dios-macbook-air (Sun Jul 26 02:29:13 EEST 2026)
⚠️ Not found locally on dios-macbook-air. Querying Tailscale mesh nodes...
❌ Philips SSD drive not found on local or remote Tailscale nodes.
=== 💾 PHILIPS SSD MULTI-NODE DISCOVERY & MOUNT UTILITY ===
Current Node: dios-macbook-air (Sun Jul 26 02:34:14 EEST 2026)
⚠️ Not found locally on dios-macbook-air. Querying Tailscale mesh nodes...
❌ Philips SSD drive not found on local or remote Tailscale nodes.
=== 💾 PHILIPS SSD MULTI-NODE DISCOVERY & MOUNT UTILITY ===
Current Node: dios-macbook-air (Sun Jul 26 02:39:14 EEST 2026)
⚠️ Not found locally on dios-macbook-air. Querying Tailscale mesh nodes...
❌ Philips SSD drive not found on local or remote Tailscale nodes.
=== 💾 PHILIPS SSD MULTI-NODE DISCOVERY & MOUNT UTILITY ===
Current Node: dios-macbook-air (Sun Jul 26 02:44:15 EEST 2026)
⚠️ Not found locally on dios-macbook-air. Querying Tailscale mesh nodes...
❌ Philips SSD drive not found on local or remote Tailscale nodes.
=== 💾 PHILIPS SSD MULTI-NODE DISCOVERY & MOUNT UTILITY ===
Current Node: dios-macbook-air (Sun Jul 26 02:49:16 EEST 2026)
⚠️ Not found locally on dios-macbook-air. Querying Tailscale mesh nodes...
❌ Philips SSD drive not found on local or remote Tailscale nodes.
=== 💾 PHILIPS SSD MULTI-NODE DISCOVERY & MOUNT UTILITY ===
Current Node: dios-macbook-air (Sun Jul 26 02:54:16 EEST 2026)
⚠️ Not found locally on dios-macbook-air. Querying Tailscale mesh nodes...
❌ Philips SSD drive not found on local or remote Tailscale nodes.
=== 💾 PHILIPS SSD MULTI-NODE DISCOVERY & MOUNT UTILITY ===
Current Node: dios-macbook-air (Sun Jul 26 02:59:17 EEST 2026)
⚠️ Not found locally on dios-macbook-air. Querying Tailscale mesh nodes...
❌ Philips SSD drive not found on local or remote Tailscale nodes.
=== 💾 PHILIPS SSD MULTI-NODE DISCOVERY & MOUNT UTILITY ===
Current Node: dios-macbook-air (Sun Jul 26 03:04:17 EEST 2026)
⚠️ Not found locally on dios-macbook-air. Querying Tailscale mesh nodes...
❌ Philips SSD drive not found on local or remote Tailscale nodes.
=== 💾 PHILIPS SSD MULTI-NODE DISCOVERY & MOUNT UTILITY ===
Current Node: dios-macbook-air (Sun Jul 26 03:09:18 EEST 2026)
⚠️ Not found locally on dios-macbook-air. Querying Tailscale mesh nodes...
❌ Philips SSD drive not found on local or remote Tailscale nodes.
=== 💾 PHILIPS SSD MULTI-NODE DISCOVERY & MOUNT UTILITY ===
Current Node: dios-macbook-air (Sun Jul 26 03:14:19 EEST 2026)
⚠️ Not found locally on dios-macbook-air. Querying Tailscale mesh nodes...
❌ Philips SSD drive not found on local or remote Tailscale nodes.
=== 💾 PHILIPS SSD MULTI-NODE DISCOVERY & MOUNT UTILITY ===
Current Node: dios-macbook-air (Sun Jul 26 03:19:20 EEST 2026)
⚠️ Not found locally on dios-macbook-air. Querying Tailscale mesh nodes...
❌ Philips SSD drive not found on local or remote Tailscale nodes.
=== 💾 PHILIPS SSD MULTI-NODE DISCOVERY & MOUNT UTILITY ===
Current Node: dios-macbook-air (Sun Jul 26 03:24:20 EEST 2026)
⚠️ Not found locally on dios-macbook-air. Querying Tailscale mesh nodes...
❌ Philips SSD drive not found on local or remote Tailscale nodes.
=== 💾 PHILIPS SSD MULTI-NODE DISCOVERY & MOUNT UTILITY ===
Current Node: dios-macbook-air (Sun Jul 26 03:29:21 EEST 2026)
⚠️ Not found locally on dios-macbook-air. Querying Tailscale mesh nodes...
❌ Philips SSD drive not found on local or remote Tailscale nodes.
=== 💾 PHILIPS SSD MULTI-NODE DISCOVERY & MOUNT UTILITY ===
Current Node: dios-macbook-air (Sun Jul 26 03:34:21 EEST 2026)
⚠️ Not found locally on dios-macbook-air. Querying Tailscale mesh nodes...
❌ Philips SSD drive not found on local or remote Tailscale nodes.
=== 💾 PHILIPS SSD MULTI-NODE DISCOVERY & MOUNT UTILITY ===
Current Node: dios-macbook-air (Sun Jul 26 03:39:22 EEST 2026)
⚠️ Not found locally on dios-macbook-air. Querying Tailscale mesh nodes...
❌ Philips SSD drive not found on local or remote Tailscale nodes.
=== 💾 PHILIPS SSD MULTI-NODE DISCOVERY & MOUNT UTILITY ===
Current Node: dios-macbook-air (Sun Jul 26 03:44:23 EEST 2026)
⚠️ Not found locally on dios-macbook-air. Querying Tailscale mesh nodes...
❌ Philips SSD drive not found on local or remote Tailscale nodes.
=== 💾 PHILIPS SSD MULTI-NODE DISCOVERY & MOUNT UTILITY ===
Current Node: dios-macbook-air (Sun Jul 26 03:49:24 EEST 2026)
⚠️ Not found locally on dios-macbook-air. Querying Tailscale mesh nodes...
❌ Philips SSD drive not found on local or remote Tailscale nodes.
=== 💾 PHILIPS SSD MULTI-NODE DISCOVERY & MOUNT UTILITY ===
Current Node: dios-macbook-air (Sun Jul 26 03:54:24 EEST 2026)
⚠️ Not found locally on dios-macbook-air. Querying Tailscale mesh nodes...
❌ Philips SSD drive not found on local or remote Tailscale nodes.
=== 💾 PHILIPS SSD MULTI-NODE DISCOVERY & MOUNT UTILITY ===
Current Node: dios-macbook-air (Sun Jul 26 03:59:25 EEST 2026)
⚠️ Not found locally on dios-macbook-air. Querying Tailscale mesh nodes...
❌ Philips SSD drive not found on local or remote Tailscale nodes.
=== 💾 PHILIPS SSD MULTI-NODE DISCOVERY & MOUNT UTILITY ===
Current Node: dios-macbook-air (Sun Jul 26 04:04:26 EEST 2026)
⚠️ Not found locally on dios-macbook-air. Querying Tailscale mesh nodes...
❌ Philips SSD drive not found on local or remote Tailscale nodes.
=== 💾 PHILIPS SSD MULTI-NODE DISCOVERY & MOUNT UTILITY ===
Current Node: dios-macbook-air (Sun Jul 26 04:09:26 EEST 2026)
⚠️ Not found locally on dios-macbook-air. Querying Tailscale mesh nodes...
❌ Philips SSD drive not found on local or remote Tailscale nodes.
=== 💾 PHILIPS SSD MULTI-NODE DISCOVERY & MOUNT UTILITY ===
Current Node: dios-macbook-air (Sun Jul 26 04:14:27 EEST 2026)
⚠️ Not found locally on dios-macbook-air. Querying Tailscale mesh nodes...
❌ Philips SSD drive not found on local or remote Tailscale nodes.
=== 💾 PHILIPS SSD MULTI-NODE DISCOVERY & MOUNT UTILITY ===
Current Node: dios-macbook-air (Sun Jul 26 04:19:28 EEST 2026)
⚠️ Not found locally on dios-macbook-air. Querying Tailscale mesh nodes...
❌ Philips SSD drive not found on local or remote Tailscale nodes.
=== 💾 PHILIPS SSD MULTI-NODE DISCOVERY & MOUNT UTILITY ===
Current Node: dios-macbook-air (Sun Jul 26 04:24:29 EEST 2026)
⚠️ Not found locally on dios-macbook-air. Querying Tailscale mesh nodes...
❌ Philips SSD drive not found on local or remote Tailscale nodes.
=== 💾 PHILIPS SSD MULTI-NODE DISCOVERY & MOUNT UTILITY ===
Current Node: dios-macbook-air (Sun Jul 26 04:29:29 EEST 2026)
⚠️ Not found locally on dios-macbook-air. Querying Tailscale mesh nodes...
❌ Philips SSD drive not found on local or remote Tailscale nodes.
=== 💾 PHILIPS SSD MULTI-NODE DISCOVERY & MOUNT UTILITY ===
Current Node: dios-macbook-air (Sun Jul 26 04:34:30 EEST 2026)
⚠️ Not found locally on dios-macbook-air. Querying Tailscale mesh nodes...
❌ Philips SSD drive not found on local or remote Tailscale nodes.
=== 💾 PHILIPS SSD MULTI-NODE DISCOVERY & MOUNT UTILITY ===
Current Node: dios-macbook-air (Sun Jul 26 04:39:30 EEST 2026)
⚠️ Not found locally on dios-macbook-air. Querying Tailscale mesh nodes...
❌ Philips SSD drive not found on local or remote Tailscale nodes.
=== 💾 PHILIPS SSD MULTI-NODE DISCOVERY & MOUNT UTILITY ===
Current Node: dios-macbook-air (Sun Jul 26 04:44:31 EEST 2026)
⚠️ Not found locally on dios-macbook-air. Querying Tailscale mesh nodes...
❌ Philips SSD drive not found on local or remote Tailscale nodes.
=== 💾 PHILIPS SSD MULTI-NODE DISCOVERY & MOUNT UTILITY ===
Current Node: dios-macbook-air (Sun Jul 26 04:49:32 EEST 2026)
⚠️ Not found locally on dios-macbook-air. Querying Tailscale mesh nodes...
❌ Philips SSD drive not found on local or remote Tailscale nodes.
=== 💾 PHILIPS SSD MULTI-NODE DISCOVERY & MOUNT UTILITY ===
Current Node: dios-macbook-air (Sun Jul 26 04:54:33 EEST 2026)
⚠️ Not found locally on dios-macbook-air. Querying Tailscale mesh nodes...
❌ Philips SSD drive not found on local or remote Tailscale nodes.
=== 💾 PHILIPS SSD MULTI-NODE DISCOVERY & MOUNT UTILITY ===
Current Node: dios-macbook-air (Sun Jul 26 04:59:34 EEST 2026)
⚠️ Not found locally on dios-macbook-air. Querying Tailscale mesh nodes...
❌ Philips SSD drive not found on local or remote Tailscale nodes.
=== 💾 PHILIPS SSD MULTI-NODE DISCOVERY & MOUNT UTILITY ===
Current Node: dios-macbook-air (Sun Jul 26 05:04:34 EEST 2026)
⚠️ Not found locally on dios-macbook-air. Querying Tailscale mesh nodes...
❌ Philips SSD drive not found on local or remote Tailscale nodes.
=== 💾 PHILIPS SSD MULTI-NODE DISCOVERY & MOUNT UTILITY ===
Current Node: dios-macbook-air (Sun Jul 26 05:09:35 EEST 2026)
⚠️ Not found locally on dios-macbook-air. Querying Tailscale mesh nodes...
❌ Philips SSD drive not found on local or remote Tailscale nodes.
=== 💾 PHILIPS SSD MULTI-NODE DISCOVERY & MOUNT UTILITY ===
Current Node: dios-macbook-air (Sun Jul 26 05:14:36 EEST 2026)
⚠️ Not found locally on dios-macbook-air. Querying Tailscale mesh nodes...
❌ Philips SSD drive not found on local or remote Tailscale nodes.
=== 💾 PHILIPS SSD MULTI-NODE DISCOVERY & MOUNT UTILITY ===
Current Node: dios-macbook-air (Sun Jul 26 05:19:36 EEST 2026)
⚠️ Not found locally on dios-macbook-air. Querying Tailscale mesh nodes...
❌ Philips SSD drive not found on local or remote Tailscale nodes.
=== 💾 PHILIPS SSD MULTI-NODE DISCOVERY & MOUNT UTILITY ===
Current Node: dios-macbook-air (Sun Jul 26 05:24:37 EEST 2026)
⚠️ Not found locally on dios-macbook-air. Querying Tailscale mesh nodes...
❌ Philips SSD drive not found on local or remote Tailscale nodes.
=== 💾 PHILIPS SSD MULTI-NODE DISCOVERY & MOUNT UTILITY ===
Current Node: dios-macbook-air (Sun Jul 26 05:29:38 EEST 2026)
⚠️ Not found locally on dios-macbook-air. Querying Tailscale mesh nodes...
❌ Philips SSD drive not found on local or remote Tailscale nodes.
=== 💾 PHILIPS SSD MULTI-NODE DISCOVERY & MOUNT UTILITY ===
Current Node: dios-macbook-air (Sun Jul 26 05:34:38 EEST 2026)
⚠️ Not found locally on dios-macbook-air. Querying Tailscale mesh nodes...
❌ Philips SSD drive not found on local or remote Tailscale nodes.
=== 💾 PHILIPS SSD MULTI-NODE DISCOVERY & MOUNT UTILITY ===
Current Node: dios-macbook-air (Sun Jul 26 05:39:39 EEST 2026)
⚠️ Not found locally on dios-macbook-air. Querying Tailscale mesh nodes...
❌ Philips SSD drive not found on local or remote Tailscale nodes.
=== 💾 PHILIPS SSD MULTI-NODE DISCOVERY & MOUNT UTILITY ===
Current Node: dios-macbook-air (Sun Jul 26 05:44:40 EEST 2026)
⚠️ Not found locally on dios-macbook-air. Querying Tailscale mesh nodes...
❌ Philips SSD drive not found on local or remote Tailscale nodes.
=== 💾 PHILIPS SSD MULTI-NODE DISCOVERY & MOUNT UTILITY ===
Current Node: dios-macbook-air (Sun Jul 26 05:49:40 EEST 2026)
⚠️ Not found locally on dios-macbook-air. Querying Tailscale mesh nodes...
❌ Philips SSD drive not found on local or remote Tailscale nodes.
=== 💾 PHILIPS SSD MULTI-NODE DISCOVERY & MOUNT UTILITY ===
Current Node: dios-macbook-air (Sun Jul 26 05:54:41 EEST 2026)
⚠️ Not found locally on dios-macbook-air. Querying Tailscale mesh nodes...
❌ Philips SSD drive not found on local or remote Tailscale nodes.
=== 💾 PHILIPS SSD MULTI-NODE DISCOVERY & MOUNT UTILITY ===
Current Node: dios-macbook-air (Sun Jul 26 05:59:42 EEST 2026)
⚠️ Not found locally on dios-macbook-air. Querying Tailscale mesh nodes...
❌ Philips SSD drive not found on local or remote Tailscale nodes.
=== 💾 PHILIPS SSD MULTI-NODE DISCOVERY & MOUNT UTILITY ===
Current Node: dios-macbook-air (Sun Jul 26 06:04:42 EEST 2026)
⚠️ Not found locally on dios-macbook-air. Querying Tailscale mesh nodes...
❌ Philips SSD drive not found on local or remote Tailscale nodes.
=== 💾 PHILIPS SSD MULTI-NODE DISCOVERY & MOUNT UTILITY ===
Current Node: dios-macbook-air (Sun Jul 26 06:09:43 EEST 2026)
⚠️ Not found locally on dios-macbook-air. Querying Tailscale mesh nodes...
❌ Philips SSD drive not found on local or remote Tailscale nodes.
=== 💾 PHILIPS SSD MULTI-NODE DISCOVERY & MOUNT UTILITY ===
Current Node: dios-macbook-air (Sun Jul 26 06:14:44 EEST 2026)
⚠️ Not found locally on dios-macbook-air. Querying Tailscale mesh nodes...
❌ Philips SSD drive not found on local or remote Tailscale nodes.
=== 💾 PHILIPS SSD MULTI-NODE DISCOVERY & MOUNT UTILITY ===
Current Node: dios-macbook-air (Sun Jul 26 06:19:45 EEST 2026)
⚠️ Not found locally on dios-macbook-air. Querying Tailscale mesh nodes...
❌ Philips SSD drive not found on local or remote Tailscale nodes.
=== 💾 PHILIPS SSD MULTI-NODE DISCOVERY & MOUNT UTILITY ===
Current Node: dios-macbook-air (Sun Jul 26 06:24:47 EEST 2026)
⚠️ Not found locally on dios-macbook-air. Querying Tailscale mesh nodes...
❌ Philips SSD drive not found on local or remote Tailscale nodes.
=== 💾 PHILIPS SSD MULTI-NODE DISCOVERY & MOUNT UTILITY ===
Current Node: dios-macbook-air (Sun Jul 26 06:29:47 EEST 2026)
⚠️ Not found locally on dios-macbook-air. Querying Tailscale mesh nodes...
❌ Philips SSD drive not found on local or remote Tailscale nodes.
=== 💾 PHILIPS SSD MULTI-NODE DISCOVERY & MOUNT UTILITY ===
Current Node: dios-macbook-air (Sun Jul 26 06:34:48 EEST 2026)
⚠️ Not found locally on dios-macbook-air. Querying Tailscale mesh nodes...
❌ Philips SSD drive not found on local or remote Tailscale nodes.
=== 💾 PHILIPS SSD MULTI-NODE DISCOVERY & MOUNT UTILITY ===
Current Node: dios-macbook-air (Sun Jul 26 06:39:49 EEST 2026)
⚠️ Not found locally on dios-macbook-air. Querying Tailscale mesh nodes...
❌ Philips SSD drive not found on local or remote Tailscale nodes.
=== 💾 PHILIPS SSD MULTI-NODE DISCOVERY & MOUNT UTILITY ===
Current Node: dios-macbook-air (Sun Jul 26 06:44:49 EEST 2026)
⚠️ Not found locally on dios-macbook-air. Querying Tailscale mesh nodes...
❌ Philips SSD drive not found on local or remote Tailscale nodes.
=== 💾 PHILIPS SSD MULTI-NODE DISCOVERY & MOUNT UTILITY ===
Current Node: dios-macbook-air (Sun Jul 26 06:49:50 EEST 2026)
⚠️ Not found locally on dios-macbook-air. Querying Tailscale mesh nodes...
❌ Philips SSD drive not found on local or remote Tailscale nodes.
=== 💾 PHILIPS SSD MULTI-NODE DISCOVERY & MOUNT UTILITY ===
Current Node: dios-macbook-air (Sun Jul 26 06:54:51 EEST 2026)
⚠️ Not found locally on dios-macbook-air. Querying Tailscale mesh nodes...
❌ Philips SSD drive not found on local or remote Tailscale nodes.
=== 💾 PHILIPS SSD MULTI-NODE DISCOVERY & MOUNT UTILITY ===
Current Node: dios-macbook-air (Sun Jul 26 06:59:51 EEST 2026)
⚠️ Not found locally on dios-macbook-air. Querying Tailscale mesh nodes...
❌ Philips SSD drive not found on local or remote Tailscale nodes.
=== 💾 PHILIPS SSD MULTI-NODE DISCOVERY & MOUNT UTILITY ===
Current Node: dios-macbook-air (Sun Jul 26 07:04:52 EEST 2026)
⚠️ Not found locally on dios-macbook-air. Querying Tailscale mesh nodes...
❌ Philips SSD drive not found on local or remote Tailscale nodes.
=== 💾 PHILIPS SSD MULTI-NODE DISCOVERY & MOUNT UTILITY ===
Current Node: dios-macbook-air (Sun Jul 26 07:09:53 EEST 2026)
⚠️ Not found locally on dios-macbook-air. Querying Tailscale mesh nodes...
❌ Philips SSD drive not found on local or remote Tailscale nodes.
=== 💾 PHILIPS SSD MULTI-NODE DISCOVERY & MOUNT UTILITY ===
Current Node: dios-macbook-air (Sun Jul 26 07:14:53 EEST 2026)
⚠️ Not found locally on dios-macbook-air. Querying Tailscale mesh nodes...
❌ Philips SSD drive not found on local or remote Tailscale nodes.
=== 💾 PHILIPS SSD MULTI-NODE DISCOVERY & MOUNT UTILITY ===
Current Node: dios-macbook-air (Sun Jul 26 07:19:54 EEST 2026)
⚠️ Not found locally on dios-macbook-air. Querying Tailscale mesh nodes...
❌ Philips SSD drive not found on local or remote Tailscale nodes.
=== 💾 PHILIPS SSD MULTI-NODE DISCOVERY & MOUNT UTILITY ===
Current Node: dios-macbook-air (Sun Jul 26 07:24:54 EEST 2026)
⚠️ Not found locally on dios-macbook-air. Querying Tailscale mesh nodes...
❌ Philips SSD drive not found on local or remote Tailscale nodes.
=== 💾 PHILIPS SSD MULTI-NODE DISCOVERY & MOUNT UTILITY ===
Current Node: dios-macbook-air (Sun Jul 26 07:29:55 EEST 2026)
⚠️ Not found locally on dios-macbook-air. Querying Tailscale mesh nodes...
❌ Philips SSD drive not found on local or remote Tailscale nodes.
=== 💾 PHILIPS SSD MULTI-NODE DISCOVERY & MOUNT UTILITY ===
Current Node: dios-macbook-air (Sun Jul 26 07:34:56 EEST 2026)
⚠️ Not found locally on dios-macbook-air. Querying Tailscale mesh nodes...
❌ Philips SSD drive not found on local or remote Tailscale nodes.
=== 💾 PHILIPS SSD MULTI-NODE DISCOVERY & MOUNT UTILITY ===
Current Node: dios-macbook-air (Sun Jul 26 07:39:56 EEST 2026)
⚠️ Not found locally on dios-macbook-air. Querying Tailscale mesh nodes...
❌ Philips SSD drive not found on local or remote Tailscale nodes.
=== 💾 PHILIPS SSD MULTI-NODE DISCOVERY & MOUNT UTILITY ===
Current Node: dios-macbook-air (Sun Jul 26 07:44:57 EEST 2026)
⚠️ Not found locally on dios-macbook-air. Querying Tailscale mesh nodes...
❌ Philips SSD drive not found on local or remote Tailscale nodes.
=== 💾 PHILIPS SSD MULTI-NODE DISCOVERY & MOUNT UTILITY ===
Current Node: dios-macbook-air (Sun Jul 26 07:49:57 EEST 2026)
⚠️ Not found locally on dios-macbook-air. Querying Tailscale mesh nodes...
❌ Philips SSD drive not found on local or remote Tailscale nodes.
=== 💾 PHILIPS SSD MULTI-NODE DISCOVERY & MOUNT UTILITY ===
Current Node: dios-macbook-air (Sun Jul 26 07:54:58 EEST 2026)
⚠️ Not found locally on dios-macbook-air. Querying Tailscale mesh nodes...
❌ Philips SSD drive not found on local or remote Tailscale nodes.
=== 💾 PHILIPS SSD MULTI-NODE DISCOVERY & MOUNT UTILITY ===
Current Node: dios-macbook-air (Sun Jul 26 07:59:59 EEST 2026)
⚠️ Not found locally on dios-macbook-air. Querying Tailscale mesh nodes...
❌ Philips SSD drive not found on local or remote Tailscale nodes.
=== 💾 PHILIPS SSD MULTI-NODE DISCOVERY & MOUNT UTILITY ===
Current Node: dios-macbook-air (Sun Jul 26 08:04:59 EEST 2026)
⚠️ Not found locally on dios-macbook-air. Querying Tailscale mesh nodes...
❌ Philips SSD drive not found on local or remote Tailscale nodes.
=== 💾 PHILIPS SSD MULTI-NODE DISCOVERY & MOUNT UTILITY ===
Current Node: dios-macbook-air (Sun Jul 26 08:10:00 EEST 2026)
⚠️ Not found locally on dios-macbook-air. Querying Tailscale mesh nodes...
❌ Philips SSD drive not found on local or remote Tailscale nodes.
=== 💾 PHILIPS SSD MULTI-NODE DISCOVERY & MOUNT UTILITY ===
Current Node: dios-macbook-air (Sun Jul 26 08:15:00 EEST 2026)
⚠️ Not found locally on dios-macbook-air. Querying Tailscale mesh nodes...
❌ Philips SSD drive not found on local or remote Tailscale nodes.
=== 💾 PHILIPS SSD MULTI-NODE DISCOVERY & MOUNT UTILITY ===
Current Node: dios-macbook-air (Sun Jul 26 08:20:01 EEST 2026)
⚠️ Not found locally on dios-macbook-air. Querying Tailscale mesh nodes...
❌ Philips SSD drive not found on local or remote Tailscale nodes.
=== 💾 PHILIPS SSD MULTI-NODE DISCOVERY & MOUNT UTILITY ===
Current Node: dios-macbook-air (Sun Jul 26 08:25:02 EEST 2026)
⚠️ Not found locally on dios-macbook-air. Querying Tailscale mesh nodes...
❌ Philips SSD drive not found on local or remote Tailscale nodes.
=== 💾 PHILIPS SSD MULTI-NODE DISCOVERY & MOUNT UTILITY ===
Current Node: dios-macbook-air (Sun Jul 26 08:30:02 EEST 2026)
⚠️ Not found locally on dios-macbook-air. Querying Tailscale mesh nodes...
❌ Philips SSD drive not found on local or remote Tailscale nodes.
=== 💾 PHILIPS SSD MULTI-NODE DISCOVERY & MOUNT UTILITY ===
Current Node: dios-macbook-air (Sun Jul 26 08:35:03 EEST 2026)
⚠️ Not found locally on dios-macbook-air. Querying Tailscale mesh nodes...
❌ Philips SSD drive not found on local or remote Tailscale nodes.
=== 💾 PHILIPS SSD MULTI-NODE DISCOVERY & MOUNT UTILITY ===
Current Node: dios-macbook-air (Sun Jul 26 08:40:03 EEST 2026)
⚠️ Not found locally on dios-macbook-air. Querying Tailscale mesh nodes...
❌ Philips SSD drive not found on local or remote Tailscale nodes.
=== 💾 PHILIPS SSD MULTI-NODE DISCOVERY & MOUNT UTILITY ===
Current Node: dios-macbook-air (Sun Jul 26 08:45:04 EEST 2026)
⚠️ Not found locally on dios-macbook-air. Querying Tailscale mesh nodes...
❌ Philips SSD drive not found on local or remote Tailscale nodes.
=== 💾 PHILIPS SSD MULTI-NODE DISCOVERY & MOUNT UTILITY ===
Current Node: dios-macbook-air (Sun Jul 26 08:50:05 EEST 2026)
⚠️ Not found locally on dios-macbook-air. Querying Tailscale mesh nodes...
❌ Philips SSD drive not found on local or remote Tailscale nodes.
=== 💾 PHILIPS SSD MULTI-NODE DISCOVERY & MOUNT UTILITY ===
Current Node: dios-macbook-air (Sun Jul 26 08:55:05 EEST 2026)
⚠️ Not found locally on dios-macbook-air. Querying Tailscale mesh nodes...
❌ Philips SSD drive not found on local or remote Tailscale nodes.
=== 💾 PHILIPS SSD MULTI-NODE DISCOVERY & MOUNT UTILITY ===
Current Node: dios-macbook-air (Sun Jul 26 09:00:06 EEST 2026)
⚠️ Not found locally on dios-macbook-air. Querying Tailscale mesh nodes...
❌ Philips SSD drive not found on local or remote Tailscale nodes.
=== 💾 PHILIPS SSD MULTI-NODE DISCOVERY & MOUNT UTILITY ===
Current Node: dios-macbook-air (Sun Jul 26 09:05:06 EEST 2026)
⚠️ Not found locally on dios-macbook-air. Querying Tailscale mesh nodes...
❌ Philips SSD drive not found on local or remote Tailscale nodes.
=== 💾 PHILIPS SSD MULTI-NODE DISCOVERY & MOUNT UTILITY ===
Current Node: dios-macbook-air (Sun Jul 26 09:10:07 EEST 2026)
⚠️ Not found locally on dios-macbook-air. Querying Tailscale mesh nodes...
❌ Philips SSD drive not found on local or remote Tailscale nodes.
=== 💾 PHILIPS SSD MULTI-NODE DISCOVERY & MOUNT UTILITY ===
Current Node: dios-macbook-air (Sun Jul 26 09:15:08 EEST 2026)
⚠️ Not found locally on dios-macbook-air. Querying Tailscale mesh nodes...
❌ Philips SSD drive not found on local or remote Tailscale nodes.
=== 💾 PHILIPS SSD MULTI-NODE DISCOVERY & MOUNT UTILITY ===
Current Node: dios-macbook-air (Sun Jul 26 09:20:08 EEST 2026)
⚠️ Not found locally on dios-macbook-air. Querying Tailscale mesh nodes...
❌ Philips SSD drive not found on local or remote Tailscale nodes.
=== 💾 PHILIPS SSD MULTI-NODE DISCOVERY & MOUNT UTILITY ===
Current Node: dios-macbook-air (Sun Jul 26 09:25:09 EEST 2026)
⚠️ Not found locally on dios-macbook-air. Querying Tailscale mesh nodes...
❌ Philips SSD drive not found on local or remote Tailscale nodes.
=== 💾 PHILIPS SSD MULTI-NODE DISCOVERY & MOUNT UTILITY ===
Current Node: dios-macbook-air (Sun Jul 26 09:30:10 EEST 2026)
⚠️ Not found locally on dios-macbook-air. Querying Tailscale mesh nodes...
❌ Philips SSD drive not found on local or remote Tailscale nodes.
=== 💾 PHILIPS SSD MULTI-NODE DISCOVERY & MOUNT UTILITY ===
Current Node: dios-macbook-air (Sun Jul 26 09:35:10 EEST 2026)
⚠️ Not found locally on dios-macbook-air. Querying Tailscale mesh nodes...
❌ Philips SSD drive not found on local or remote Tailscale nodes.
=== 💾 PHILIPS SSD MULTI-NODE DISCOVERY & MOUNT UTILITY ===
Current Node: dios-macbook-air (Sun Jul 26 09:40:11 EEST 2026)
⚠️ Not found locally on dios-macbook-air. Querying Tailscale mesh nodes...
❌ Philips SSD drive not found on local or remote Tailscale nodes.
=== 💾 PHILIPS SSD MULTI-NODE DISCOVERY & MOUNT UTILITY ===
Current Node: dios-macbook-air (Sun Jul 26 09:45:11 EEST 2026)
⚠️ Not found locally on dios-macbook-air. Querying Tailscale mesh nodes...
❌ Philips SSD drive not found on local or remote Tailscale nodes.
=== 💾 PHILIPS SSD MULTI-NODE DISCOVERY & MOUNT UTILITY ===
Current Node: dios-macbook-air (Sun Jul 26 09:50:12 EEST 2026)
⚠️ Not found locally on dios-macbook-air. Querying Tailscale mesh nodes...
❌ Philips SSD drive not found on local or remote Tailscale nodes.
=== 💾 PHILIPS SSD MULTI-NODE DISCOVERY & MOUNT UTILITY ===
Current Node: dios-macbook-air (Sun Jul 26 09:55:13 EEST 2026)
⚠️ Not found locally on dios-macbook-air. Querying Tailscale mesh nodes...
❌ Philips SSD drive not found on local or remote Tailscale nodes.
=== 💾 PHILIPS SSD MULTI-NODE DISCOVERY & MOUNT UTILITY ===
Current Node: dios-macbook-air (Sun Jul 26 10:00:13 EEST 2026)
⚠️ Not found locally on dios-macbook-air. Querying Tailscale mesh nodes...
❌ Philips SSD drive not found on local or remote Tailscale nodes.
=== 💾 PHILIPS SSD MULTI-NODE DISCOVERY & MOUNT UTILITY ===
Current Node: dios-macbook-air (Sun Jul 26 10:05:14 EEST 2026)
⚠️ Not found locally on dios-macbook-air. Querying Tailscale mesh nodes...
❌ Philips SSD drive not found on local or remote Tailscale nodes.
=== 💾 PHILIPS SSD MULTI-NODE DISCOVERY & MOUNT UTILITY ===
Current Node: dios-macbook-air (Sun Jul 26 10:10:15 EEST 2026)
⚠️ Not found locally on dios-macbook-air. Querying Tailscale mesh nodes...
❌ Philips SSD drive not found on local or remote Tailscale nodes.
=== 💾 PHILIPS SSD MULTI-NODE DISCOVERY & MOUNT UTILITY ===
Current Node: dios-macbook-air (Sun Jul 26 10:15:15 EEST 2026)
⚠️ Not found locally on dios-macbook-air. Querying Tailscale mesh nodes...
❌ Philips SSD drive not found on local or remote Tailscale nodes.
=== 💾 PHILIPS SSD MULTI-NODE DISCOVERY & MOUNT UTILITY ===
Current Node: dios-macbook-air (Sun Jul 26 10:20:16 EEST 2026)
⚠️ Not found locally on dios-macbook-air. Querying Tailscale mesh nodes...
❌ Philips SSD drive not found on local or remote Tailscale nodes.
=== 💾 PHILIPS SSD MULTI-NODE DISCOVERY & MOUNT UTILITY ===
Current Node: dios-macbook-air (Sun Jul 26 10:25:17 EEST 2026)
⚠️ Not found locally on dios-macbook-air. Querying Tailscale mesh nodes...
❌ Philips SSD drive not found on local or remote Tailscale nodes.
=== 💾 PHILIPS SSD MULTI-NODE DISCOVERY & MOUNT UTILITY ===
Current Node: dios-macbook-air (Sun Jul 26 10:30:17 EEST 2026)
⚠️ Not found locally on dios-macbook-air. Querying Tailscale mesh nodes...
❌ Philips SSD drive not found on local or remote Tailscale nodes.
=== 💾 PHILIPS SSD MULTI-NODE DISCOVERY & MOUNT UTILITY ===
Current Node: dios-macbook-air (Sun Jul 26 10:35:18 EEST 2026)
⚠️ Not found locally on dios-macbook-air. Querying Tailscale mesh nodes...
❌ Philips SSD drive not found on local or remote Tailscale nodes.
=== 💾 PHILIPS SSD MULTI-NODE DISCOVERY & MOUNT UTILITY ===
Current Node: dios-macbook-air (Sun Jul 26 10:40:18 EEST 2026)
⚠️ Not found locally on dios-macbook-air. Querying Tailscale mesh nodes...
❌ Philips SSD drive not found on local or remote Tailscale nodes.
=== 💾 PHILIPS SSD MULTI-NODE DISCOVERY & MOUNT UTILITY ===
Current Node: dios-macbook-air (Sun Jul 26 10:45:19 EEST 2026)
⚠️ Not found locally on dios-macbook-air. Querying Tailscale mesh nodes...
❌ Philips SSD drive not found on local or remote Tailscale nodes.
=== 💾 PHILIPS SSD MULTI-NODE DISCOVERY & MOUNT UTILITY ===
Current Node: dios-macbook-air (Sun Jul 26 10:50:20 EEST 2026)
⚠️ Not found locally on dios-macbook-air. Querying Tailscale mesh nodes...
❌ Philips SSD drive not found on local or remote Tailscale nodes.
=== 💾 PHILIPS SSD MULTI-NODE DISCOVERY & MOUNT UTILITY ===
Current Node: dios-macbook-air (Sun Jul 26 10:55:20 EEST 2026)
⚠️ Not found locally on dios-macbook-air. Querying Tailscale mesh nodes...
❌ Philips SSD drive not found on local or remote Tailscale nodes.
=== 💾 PHILIPS SSD MULTI-NODE DISCOVERY & MOUNT UTILITY ===
Current Node: dios-macbook-air (Sun Jul 26 11:00:21 EEST 2026)
⚠️ Not found locally on dios-macbook-air. Querying Tailscale mesh nodes...
❌ Philips SSD drive not found on local or remote Tailscale nodes.
=== 💾 PHILIPS SSD MULTI-NODE DISCOVERY & MOUNT UTILITY ===
Current Node: dios-macbook-air (Sun Jul 26 11:05:22 EEST 2026)
⚠️ Not found locally on dios-macbook-air. Querying Tailscale mesh nodes...
❌ Philips SSD drive not found on local or remote Tailscale nodes.
=== 💾 PHILIPS SSD MULTI-NODE DISCOVERY & MOUNT UTILITY ===
Current Node: dios-macbook-air (Sun Jul 26 11:10:23 EEST 2026)
⚠️ Not found locally on dios-macbook-air. Querying Tailscale mesh nodes...
❌ Philips SSD drive not found on local or remote Tailscale nodes.
=== 💾 PHILIPS SSD MULTI-NODE DISCOVERY & MOUNT UTILITY ===
Current Node: dios-macbook-air (Sun Jul 26 11:15:23 EEST 2026)
⚠️ Not found locally on dios-macbook-air. Querying Tailscale mesh nodes...
❌ Philips SSD drive not found on local or remote Tailscale nodes.
=== 💾 PHILIPS SSD MULTI-NODE DISCOVERY & MOUNT UTILITY ===
Current Node: dios-macbook-air (Sun Jul 26 11:20:24 EEST 2026)
⚠️ Not found locally on dios-macbook-air. Querying Tailscale mesh nodes...
❌ Philips SSD drive not found on local or remote Tailscale nodes.
=== 💾 PHILIPS SSD MULTI-NODE DISCOVERY & MOUNT UTILITY ===
Current Node: dios-macbook-air (Sun Jul 26 11:25:26 EEST 2026)
⚠️ Not found locally on dios-macbook-air. Querying Tailscale mesh nodes...
❌ Philips SSD drive not found on local or remote Tailscale nodes.
=== 💾 PHILIPS SSD MULTI-NODE DISCOVERY & MOUNT UTILITY ===
Current Node: dios-macbook-air (Sun Jul 26 11:30:28 EEST 2026)
⚠️ Not found locally on dios-macbook-air. Querying Tailscale mesh nodes...
❌ Philips SSD drive not found on local or remote Tailscale nodes.
=== 💾 PHILIPS SSD MULTI-NODE DISCOVERY & MOUNT UTILITY ===
Current Node: dios-macbook-air (Sun Jul 26 11:35:29 EEST 2026)
⚠️ Not found locally on dios-macbook-air. Querying Tailscale mesh nodes...
❌ Philips SSD drive not found on local or remote Tailscale nodes.
=== 💾 PHILIPS SSD MULTI-NODE DISCOVERY & MOUNT UTILITY ===
Current Node: dios-macbook-air (Sun Jul 26 11:40:30 EEST 2026)
⚠️ Not found locally on dios-macbook-air. Querying Tailscale mesh nodes...
❌ Philips SSD drive not found on local or remote Tailscale nodes.
=== 💾 PHILIPS SSD MULTI-NODE DISCOVERY & MOUNT UTILITY ===
Current Node: dios-macbook-air (Sun Jul 26 11:45:31 EEST 2026)
⚠️ Not found locally on dios-macbook-air. Querying Tailscale mesh nodes...
❌ Philips SSD drive not found on local or remote Tailscale nodes.
=== 💾 PHILIPS SSD MULTI-NODE DISCOVERY & MOUNT UTILITY ===
Current Node: dios-macbook-air (Sun Jul 26 11:50:31 EEST 2026)
⚠️ Not found locally on dios-macbook-air. Querying Tailscale mesh nodes...
❌ Philips SSD drive not found on local or remote Tailscale nodes.
=== 💾 PHILIPS SSD MULTI-NODE DISCOVERY & MOUNT UTILITY ===
Current Node: dios-macbook-air (Sun Jul 26 11:55:32 EEST 2026)
⚠️ Not found locally on dios-macbook-air. Querying Tailscale mesh nodes...
❌ Philips SSD drive not found on local or remote Tailscale nodes.
=== 💾 PHILIPS SSD MULTI-NODE DISCOVERY & MOUNT UTILITY ===
Current Node: dios-macbook-air (Sun Jul 26 12:00:33 EEST 2026)
⚠️ Not found locally on dios-macbook-air. Querying Tailscale mesh nodes...
❌ Philips SSD drive not found on local or remote Tailscale nodes.
=== 💾 PHILIPS SSD MULTI-NODE DISCOVERY & MOUNT UTILITY ===
Current Node: dios-macbook-air (Sun Jul 26 12:05:35 EEST 2026)
⚠️ Not found locally on dios-macbook-air. Querying Tailscale mesh nodes...
❌ Philips SSD drive not found on local or remote Tailscale nodes.
=== 💾 PHILIPS SSD MULTI-NODE DISCOVERY & MOUNT UTILITY ===
Current Node: dios-macbook-air (Sun Jul 26 12:10:36 EEST 2026)
⚠️ Not found locally on dios-macbook-air. Querying Tailscale mesh nodes...
❌ Philips SSD drive not found on local or remote Tailscale nodes.
=== 💾 PHILIPS SSD MULTI-NODE DISCOVERY & MOUNT UTILITY ===
Current Node: dios-macbook-air (Sun Jul 26 12:15:37 EEST 2026)
⚠️ Not found locally on dios-macbook-air. Querying Tailscale mesh nodes...
❌ Philips SSD drive not found on local or remote Tailscale nodes.
=== 💾 PHILIPS SSD MULTI-NODE DISCOVERY & MOUNT UTILITY ===
Current Node: dios-macbook-air (Sun Jul 26 12:20:37 EEST 2026)
⚠️ Not found locally on dios-macbook-air. Querying Tailscale mesh nodes...
❌ Philips SSD drive not found on local or remote Tailscale nodes.
=== 💾 PHILIPS SSD MULTI-NODE DISCOVERY & MOUNT UTILITY ===
Current Node: dios-macbook-air (Sun Jul 26 12:25:38 EEST 2026)
⚠️ Not found locally on dios-macbook-air. Querying Tailscale mesh nodes...
❌ Philips SSD drive not found on local or remote Tailscale nodes.
=== 💾 PHILIPS SSD MULTI-NODE DISCOVERY & MOUNT UTILITY ===
Current Node: dios-macbook-air (Sun Jul 26 12:30:38 EEST 2026)
⚠️ Not found locally on dios-macbook-air. Querying Tailscale mesh nodes...
❌ Philips SSD drive not found on local or remote Tailscale nodes.
=== 💾 PHILIPS SSD MULTI-NODE DISCOVERY & MOUNT UTILITY ===
Current Node: dios-macbook-air (Sun Jul 26 12:35:39 EEST 2026)
⚠️ Not found locally on dios-macbook-air. Querying Tailscale mesh nodes...
❌ Philips SSD drive not found on local or remote Tailscale nodes.
=== 💾 PHILIPS SSD MULTI-NODE DISCOVERY & MOUNT UTILITY ===
Current Node: dios-macbook-air (Sun Jul 26 12:40:40 EEST 2026)
⚠️ Not found locally on dios-macbook-air. Querying Tailscale mesh nodes...
❌ Philips SSD drive not found on local or remote Tailscale nodes.
=== 💾 PHILIPS SSD MULTI-NODE DISCOVERY & MOUNT UTILITY ===
Current Node: dios-macbook-air (Sun Jul 26 12:45:41 EEST 2026)
⚠️ Not found locally on dios-macbook-air. Querying Tailscale mesh nodes...
❌ Philips SSD drive not found on local or remote Tailscale nodes.
=== 💾 PHILIPS SSD MULTI-NODE DISCOVERY & MOUNT UTILITY ===
Current Node: dios-macbook-air (Sun Jul 26 12:50:41 EEST 2026)
⚠️ Not found locally on dios-macbook-air. Querying Tailscale mesh nodes...
❌ Philips SSD drive not found on local or remote Tailscale nodes.
=== 💾 PHILIPS SSD MULTI-NODE DISCOVERY & MOUNT UTILITY ===
Current Node: dios-macbook-air (Sun Jul 26 12:55:42 EEST 2026)
⚠️ Not found locally on dios-macbook-air. Querying Tailscale mesh nodes...
❌ Philips SSD drive not found on local or remote Tailscale nodes.
=== 💾 PHILIPS SSD MULTI-NODE DISCOVERY & MOUNT UTILITY ===
Current Node: dios-macbook-air (Sun Jul 26 13:00:43 EEST 2026)
⚠️ Not found locally on dios-macbook-air. Querying Tailscale mesh nodes...
❌ Philips SSD drive not found on local or remote Tailscale nodes.
=== 💾 PHILIPS SSD MULTI-NODE DISCOVERY & MOUNT UTILITY ===
Current Node: dios-macbook-air (Sun Jul 26 13:05:44 EEST 2026)
⚠️ Not found locally on dios-macbook-air. Querying Tailscale mesh nodes...
❌ Philips SSD drive not found on local or remote Tailscale nodes.
=== 💾 PHILIPS SSD MULTI-NODE DISCOVERY & MOUNT UTILITY ===
Current Node: dios-macbook-air (Sun Jul 26 13:10:45 EEST 2026)
⚠️ Not found locally on dios-macbook-air. Querying Tailscale mesh nodes...
❌ Philips SSD drive not found on local or remote Tailscale nodes.
=== 💾 PHILIPS SSD MULTI-NODE DISCOVERY & MOUNT UTILITY ===
Current Node: dios-macbook-air (Sun Jul 26 13:15:46 EEST 2026)
⚠️ Not found locally on dios-macbook-air. Querying Tailscale mesh nodes...
❌ Philips SSD drive not found on local or remote Tailscale nodes.
=== 💾 PHILIPS SSD MULTI-NODE DISCOVERY & MOUNT UTILITY ===
Current Node: dios-macbook-air (Sun Jul 26 13:20:47 EEST 2026)
⚠️ Not found locally on dios-macbook-air. Querying Tailscale mesh nodes...
❌ Philips SSD drive not found on local or remote Tailscale nodes.
=== 💾 PHILIPS SSD MULTI-NODE DISCOVERY & MOUNT UTILITY ===
Current Node: dios-macbook-air (Sun Jul 26 13:25:47 EEST 2026)
⚠️ Not found locally on dios-macbook-air. Querying Tailscale mesh nodes...
❌ Philips SSD drive not found on local or remote Tailscale nodes.
=== 💾 PHILIPS SSD MULTI-NODE DISCOVERY & MOUNT UTILITY ===
Current Node: dios-macbook-air (Sun Jul 26 13:30:48 EEST 2026)
⚠️ Not found locally on dios-macbook-air. Querying Tailscale mesh nodes...
❌ Philips SSD drive not found on local or remote Tailscale nodes.
=== 💾 PHILIPS SSD MULTI-NODE DISCOVERY & MOUNT UTILITY ===
Current Node: dios-macbook-air (Sun Jul 26 13:35:48 EEST 2026)
⚠️ Not found locally on dios-macbook-air. Querying Tailscale mesh nodes...
❌ Philips SSD drive not found on local or remote Tailscale nodes.
=== 💾 PHILIPS SSD MULTI-NODE DISCOVERY & MOUNT UTILITY ===
Current Node: dios-macbook-air (Sun Jul 26 13:40:49 EEST 2026)
⚠️ Not found locally on dios-macbook-air. Querying Tailscale mesh nodes...
❌ Philips SSD drive not found on local or remote Tailscale nodes.
=== 💾 PHILIPS SSD MULTI-NODE DISCOVERY & MOUNT UTILITY ===
Current Node: dios-macbook-air (Sun Jul 26 13:45:50 EEST 2026)
⚠️ Not found locally on dios-macbook-air. Querying Tailscale mesh nodes...
❌ Philips SSD drive not found on local or remote Tailscale nodes.
=== 💾 PHILIPS SSD MULTI-NODE DISCOVERY & MOUNT UTILITY ===
Current Node: dios-macbook-air (Sun Jul 26 13:50:50 EEST 2026)
⚠️ Not found locally on dios-macbook-air. Querying Tailscale mesh nodes...
❌ Philips SSD drive not found on local or remote Tailscale nodes.
=== 💾 PHILIPS SSD MULTI-NODE DISCOVERY & MOUNT UTILITY ===
Current Node: dios-macbook-air (Sun Jul 26 13:55:51 EEST 2026)
⚠️ Not found locally on dios-macbook-air. Querying Tailscale mesh nodes...
❌ Philips SSD drive not found on local or remote Tailscale nodes.
=== 💾 PHILIPS SSD MULTI-NODE DISCOVERY & MOUNT UTILITY ===
Current Node: dios-macbook-air (Sun Jul 26 14:00:52 EEST 2026)
⚠️ Not found locally on dios-macbook-air. Querying Tailscale mesh nodes...
❌ Philips SSD drive not found on local or remote Tailscale nodes.
=== 💾 PHILIPS SSD MULTI-NODE DISCOVERY & MOUNT UTILITY ===
Current Node: dios-macbook-air (Sun Jul 26 14:05:53 EEST 2026)
⚠️ Not found locally on dios-macbook-air. Querying Tailscale mesh nodes...
❌ Philips SSD drive not found on local or remote Tailscale nodes.
=== 💾 PHILIPS SSD MULTI-NODE DISCOVERY & MOUNT UTILITY ===
Current Node: dios-macbook-air (Sun Jul 26 14:10:53 EEST 2026)
⚠️ Not found locally on dios-macbook-air. Querying Tailscale mesh nodes...
❌ Philips SSD drive not found on local or remote Tailscale nodes.
=== 💾 PHILIPS SSD MULTI-NODE DISCOVERY & MOUNT UTILITY ===
Current Node: dios-macbook-air (Sun Jul 26 14:15:54 EEST 2026)
⚠️ Not found locally on dios-macbook-air. Querying Tailscale mesh nodes...
❌ Philips SSD drive not found on local or remote Tailscale nodes.
=== 💾 PHILIPS SSD MULTI-NODE DISCOVERY & MOUNT UTILITY ===
Current Node: dios-macbook-air (Sun Jul 26 14:20:55 EEST 2026)
⚠️ Not found locally on dios-macbook-air. Querying Tailscale mesh nodes...
❌ Philips SSD drive not found on local or remote Tailscale nodes.
=== 💾 PHILIPS SSD MULTI-NODE DISCOVERY & MOUNT UTILITY ===
Current Node: dios-macbook-air (Sun Jul 26 14:25:56 EEST 2026)
⚠️ Not found locally on dios-macbook-air. Querying Tailscale mesh nodes...
❌ Philips SSD drive not found on local or remote Tailscale nodes.
=== 💾 PHILIPS SSD MULTI-NODE DISCOVERY & MOUNT UTILITY ===
Current Node: dios-macbook-air (Sun Jul 26 14:30:56 EEST 2026)
⚠️ Not found locally on dios-macbook-air. Querying Tailscale mesh nodes...
❌ Philips SSD drive not found on local or remote Tailscale nodes.
=== 💾 PHILIPS SSD MULTI-NODE DISCOVERY & MOUNT UTILITY ===
Current Node: dios-macbook-air (Sun Jul 26 14:35:57 EEST 2026)
⚠️ Not found locally on dios-macbook-air. Querying Tailscale mesh nodes...
❌ Philips SSD drive not found on local or remote Tailscale nodes.
=== 💾 PHILIPS SSD MULTI-NODE DISCOVERY & MOUNT UTILITY ===
Current Node: dios-macbook-air (Sun Jul 26 14:40:58 EEST 2026)
⚠️ Not found locally on dios-macbook-air. Querying Tailscale mesh nodes...
❌ Philips SSD drive not found on local or remote Tailscale nodes.
=== 💾 PHILIPS SSD MULTI-NODE DISCOVERY & MOUNT UTILITY ===
Current Node: dios-macbook-air (Sun Jul 26 14:45:59 EEST 2026)
⚠️ Not found locally on dios-macbook-air. Querying Tailscale mesh nodes...
❌ Philips SSD drive not found on local or remote Tailscale nodes.
=== 💾 PHILIPS SSD MULTI-NODE DISCOVERY & MOUNT UTILITY ===
Current Node: dios-macbook-air (Sun Jul 26 14:51:00 EEST 2026)
⚠️ Not found locally on dios-macbook-air. Querying Tailscale mesh nodes...
❌ Philips SSD drive not found on local or remote Tailscale nodes.
=== 💾 PHILIPS SSD MULTI-NODE DISCOVERY & MOUNT UTILITY ===
Current Node: dios-macbook-air (Sun Jul 26 14:56:00 EEST 2026)
⚠️ Not found locally on dios-macbook-air. Querying Tailscale mesh nodes...
❌ Philips SSD drive not found on local or remote Tailscale nodes.
=== 💾 PHILIPS SSD MULTI-NODE DISCOVERY & MOUNT UTILITY ===
Current Node: dios-macbook-air (Sun Jul 26 15:01:01 EEST 2026)
⚠️ Not found locally on dios-macbook-air. Querying Tailscale mesh nodes...
❌ Philips SSD drive not found on local or remote Tailscale nodes.
=== 💾 PHILIPS SSD MULTI-NODE DISCOVERY & MOUNT UTILITY ===
Current Node: dios-macbook-air (Sun Jul 26 15:06:02 EEST 2026)
⚠️ Not found locally on dios-macbook-air. Querying Tailscale mesh nodes...
❌ Philips SSD drive not found on local or remote Tailscale nodes.
=== 💾 PHILIPS SSD MULTI-NODE DISCOVERY & MOUNT UTILITY ===
Current Node: dios-macbook-air (Sun Jul 26 15:11:03 EEST 2026)
⚠️ Not found locally on dios-macbook-air. Querying Tailscale mesh nodes...
❌ Philips SSD drive not found on local or remote Tailscale nodes.
=== 💾 PHILIPS SSD MULTI-NODE DISCOVERY & MOUNT UTILITY ===
Current Node: dios-macbook-air (Sun Jul 26 15:16:04 EEST 2026)
⚠️ Not found locally on dios-macbook-air. Querying Tailscale mesh nodes...
❌ Philips SSD drive not found on local or remote Tailscale nodes.
=== 💾 PHILIPS SSD MULTI-NODE DISCOVERY & MOUNT UTILITY ===
Current Node: dios-macbook-air (Sun Jul 26 15:21:04 EEST 2026)
⚠️ Not found locally on dios-macbook-air. Querying Tailscale mesh nodes...
❌ Philips SSD drive not found on local or remote Tailscale nodes.
=== 💾 PHILIPS SSD MULTI-NODE DISCOVERY & MOUNT UTILITY ===
Current Node: dios-macbook-air (Sun Jul 26 15:26:05 EEST 2026)
⚠️ Not found locally on dios-macbook-air. Querying Tailscale mesh nodes...
❌ Philips SSD drive not found on local or remote Tailscale nodes.
=== 💾 PHILIPS SSD MULTI-NODE DISCOVERY & MOUNT UTILITY ===
Current Node: dios-macbook-air (Sun Jul 26 15:31:06 EEST 2026)
⚠️ Not found locally on dios-macbook-air. Querying Tailscale mesh nodes...
❌ Philips SSD drive not found on local or remote Tailscale nodes.
=== 💾 PHILIPS SSD MULTI-NODE DISCOVERY & MOUNT UTILITY ===
Current Node: dios-macbook-air (Sun Jul 26 15:36:07 EEST 2026)
⚠️ Not found locally on dios-macbook-air. Querying Tailscale mesh nodes...
❌ Philips SSD drive not found on local or remote Tailscale nodes.
=== 💾 PHILIPS SSD MULTI-NODE DISCOVERY & MOUNT UTILITY ===
Current Node: dios-macbook-air (Sun Jul 26 15:41:08 EEST 2026)
⚠️ Not found locally on dios-macbook-air. Querying Tailscale mesh nodes...
❌ Philips SSD drive not found on local or remote Tailscale nodes.
=== 💾 PHILIPS SSD MULTI-NODE DISCOVERY & MOUNT UTILITY ===
Current Node: dios-macbook-air (Sun Jul 26 15:46:08 EEST 2026)
⚠️ Not found locally on dios-macbook-air. Querying Tailscale mesh nodes...
❌ Philips SSD drive not found on local or remote Tailscale nodes.
=== 💾 PHILIPS SSD MULTI-NODE DISCOVERY & MOUNT UTILITY ===
Current Node: dios-macbook-air (Sun Jul 26 15:51:10 EEST 2026)
⚠️ Not found locally on dios-macbook-air. Querying Tailscale mesh nodes...
❌ Philips SSD drive not found on local or remote Tailscale nodes.
=== 💾 PHILIPS SSD MULTI-NODE DISCOVERY & MOUNT UTILITY ===
Current Node: dios-macbook-air (Sun Jul 26 15:56:11 EEST 2026)
⚠️ Not found locally on dios-macbook-air. Querying Tailscale mesh nodes...
❌ Philips SSD drive not found on local or remote Tailscale nodes.
=== 💾 PHILIPS SSD MULTI-NODE DISCOVERY & MOUNT UTILITY ===
Current Node: dios-macbook-air (Sun Jul 26 16:01:11 EEST 2026)
⚠️ Not found locally on dios-macbook-air. Querying Tailscale mesh nodes...
❌ Philips SSD drive not found on local or remote Tailscale nodes.
=== 💾 PHILIPS SSD MULTI-NODE DISCOVERY & MOUNT UTILITY ===
Current Node: dios-macbook-air (Sun Jul 26 16:06:12 EEST 2026)
⚠️ Not found locally on dios-macbook-air. Querying Tailscale mesh nodes...
❌ Philips SSD drive not found on local or remote Tailscale nodes.
=== 💾 PHILIPS SSD MULTI-NODE DISCOVERY & MOUNT UTILITY ===
Current Node: dios-macbook-air (Sun Jul 26 16:11:14 EEST 2026)
⚠️ Not found locally on dios-macbook-air. Querying Tailscale mesh nodes...
❌ Philips SSD drive not found on local or remote Tailscale nodes.
=== 💾 PHILIPS SSD MULTI-NODE DISCOVERY & MOUNT UTILITY ===
Current Node: dios-macbook-air (Sun Jul 26 16:16:14 EEST 2026)
⚠️ Not found locally on dios-macbook-air. Querying Tailscale mesh nodes...
❌ Philips SSD drive not found on local or remote Tailscale nodes.
=== 💾 PHILIPS SSD MULTI-NODE DISCOVERY & MOUNT UTILITY ===
Current Node: dios-macbook-air (Sun Jul 26 16:21:15 EEST 2026)
⚠️ Not found locally on dios-macbook-air. Querying Tailscale mesh nodes...
❌ Philips SSD drive not found on local or remote Tailscale nodes.
=== 💾 PHILIPS SSD MULTI-NODE DISCOVERY & MOUNT UTILITY ===
Current Node: dios-macbook-air (Sun Jul 26 16:26:16 EEST 2026)
⚠️ Not found locally on dios-macbook-air. Querying Tailscale mesh nodes...
❌ Philips SSD drive not found on local or remote Tailscale nodes.
=== 💾 PHILIPS SSD MULTI-NODE DISCOVERY & MOUNT UTILITY ===
Current Node: dios-macbook-air (Sun Jul 26 16:31:17 EEST 2026)
⚠️ Not found locally on dios-macbook-air. Querying Tailscale mesh nodes...
❌ Philips SSD drive not found on local or remote Tailscale nodes.
=== 💾 PHILIPS SSD MULTI-NODE DISCOVERY & MOUNT UTILITY ===
Current Node: dios-macbook-air (Sun Jul 26 16:36:17 EEST 2026)
⚠️ Not found locally on dios-macbook-air. Querying Tailscale mesh nodes...
❌ Philips SSD drive not found on local or remote Tailscale nodes.
=== 💾 PHILIPS SSD MULTI-NODE DISCOVERY & MOUNT UTILITY ===
Current Node: dios-macbook-air (Sun Jul 26 16:41:18 EEST 2026)
⚠️ Not found locally on dios-macbook-air. Querying Tailscale mesh nodes...
❌ Philips SSD drive not found on local or remote Tailscale nodes.
=== 💾 PHILIPS SSD MULTI-NODE DISCOVERY & MOUNT UTILITY ===
Current Node: dios-macbook-air (Sun Jul 26 16:46:19 EEST 2026)
⚠️ Not found locally on dios-macbook-air. Querying Tailscale mesh nodes...
❌ Philips SSD drive not found on local or remote Tailscale nodes.
=== 💾 PHILIPS SSD MULTI-NODE DISCOVERY & MOUNT UTILITY ===
Current Node: dios-macbook-air (Sun Jul 26 16:51:20 EEST 2026)
⚠️ Not found locally on dios-macbook-air. Querying Tailscale mesh nodes...
❌ Philips SSD drive not found on local or remote Tailscale nodes.
=== 💾 PHILIPS SSD MULTI-NODE DISCOVERY & MOUNT UTILITY ===
Current Node: dios-macbook-air (Sun Jul 26 16:56:42 EEST 2026)
⚠️ Not found locally on dios-macbook-air. Querying Tailscale mesh nodes...
❌ Philips SSD drive not found on local or remote Tailscale nodes.
=== 💾 PHILIPS SSD MULTI-NODE DISCOVERY & MOUNT UTILITY ===
Current Node: dios-macbook-air (Sun Jul 26 17:01:45 EEST 2026)
⚠️ Not found locally on dios-macbook-air. Querying Tailscale mesh nodes...
❌ Philips SSD drive not found on local or remote Tailscale nodes.
=== 💾 PHILIPS SSD MULTI-NODE DISCOVERY & MOUNT UTILITY ===
Current Node: dios-macbook-air (Sun Jul 26 17:07:09 EEST 2026)
⚠️ Not found locally on dios-macbook-air. Querying Tailscale mesh nodes...
❌ Philips SSD drive not found on local or remote Tailscale nodes.
=== 💾 PHILIPS SSD MULTI-NODE DISCOVERY & MOUNT UTILITY ===
Current Node: dios-macbook-air (Sun Jul 26 17:12:10 EEST 2026)
⚠️ Not found locally on dios-macbook-air. Querying Tailscale mesh nodes...
❌ Philips SSD drive not found on local or remote Tailscale nodes.
=== 💾 PHILIPS SSD MULTI-NODE DISCOVERY & MOUNT UTILITY ===
Current Node: dios-macbook-air (Sun Jul 26 17:17:11 EEST 2026)
⚠️ Not found locally on dios-macbook-air. Querying Tailscale mesh nodes...
❌ Philips SSD drive not found on local or remote Tailscale nodes.
=== 💾 PHILIPS SSD MULTI-NODE DISCOVERY & MOUNT UTILITY ===
Current Node: dios-macbook-air (Sun Jul 26 17:22:12 EEST 2026)
⚠️ Not found locally on dios-macbook-air. Querying Tailscale mesh nodes...
❌ Philips SSD drive not found on local or remote Tailscale nodes.
=== 💾 PHILIPS SSD MULTI-NODE DISCOVERY & MOUNT UTILITY ===
Current Node: dios-macbook-air (Sun Jul 26 17:27:12 EEST 2026)
⚠️ Not found locally on dios-macbook-air. Querying Tailscale mesh nodes...
❌ Philips SSD drive not found on local or remote Tailscale nodes.
=== 💾 PHILIPS SSD MULTI-NODE DISCOVERY & MOUNT UTILITY ===
Current Node: dios-macbook-air (Sun Jul 26 17:32:13 EEST 2026)
⚠️ Not found locally on dios-macbook-air. Querying Tailscale mesh nodes...
❌ Philips SSD drive not found on local or remote Tailscale nodes.
=== 💾 PHILIPS SSD MULTI-NODE DISCOVERY & MOUNT UTILITY ===
Current Node: dios-macbook-air (Sun Jul 26 17:37:14 EEST 2026)
⚠️ Not found locally on dios-macbook-air. Querying Tailscale mesh nodes...
❌ Philips SSD drive not found on local or remote Tailscale nodes.
=== 💾 PHILIPS SSD MULTI-NODE DISCOVERY & MOUNT UTILITY ===
Current Node: dios-macbook-air (Sun Jul 26 17:42:15 EEST 2026)
⚠️ Not found locally on dios-macbook-air. Querying Tailscale mesh nodes...
❌ Philips SSD drive not found on local or remote Tailscale nodes.
=== 💾 PHILIPS SSD MULTI-NODE DISCOVERY & MOUNT UTILITY ===
Current Node: dios-macbook-air (Sun Jul 26 17:47:15 EEST 2026)
⚠️ Not found locally on dios-macbook-air. Querying Tailscale mesh nodes...
❌ Philips SSD drive not found on local or remote Tailscale nodes.
=== 💾 PHILIPS SSD MULTI-NODE DISCOVERY & MOUNT UTILITY ===
Current Node: dios-macbook-air (Sun Jul 26 17:52:19 EEST 2026)
⚠️ Not found locally on dios-macbook-air. Querying Tailscale mesh nodes...
❌ Philips SSD drive not found on local or remote Tailscale nodes.
=== 💾 PHILIPS SSD MULTI-NODE DISCOVERY & MOUNT UTILITY ===
Current Node: dios-macbook-air (Sun Jul 26 17:57:19 EEST 2026)
⚠️ Not found locally on dios-macbook-air. Querying Tailscale mesh nodes...
❌ Philips SSD drive not found on local or remote Tailscale nodes.
=== 💾 PHILIPS SSD MULTI-NODE DISCOVERY & MOUNT UTILITY ===
Current Node: dios-macbook-air (Sun Jul 26 18:02:20 EEST 2026)
⚠️ Not found locally on dios-macbook-air. Querying Tailscale mesh nodes...
❌ Philips SSD drive not found on local or remote Tailscale nodes.
=== 💾 PHILIPS SSD MULTI-NODE DISCOVERY & MOUNT UTILITY ===
Current Node: dios-macbook-air (Sun Jul 26 18:07:21 EEST 2026)
⚠️ Not found locally on dios-macbook-air. Querying Tailscale mesh nodes...
❌ Philips SSD drive not found on local or remote Tailscale nodes.
=== 💾 PHILIPS SSD MULTI-NODE DISCOVERY & MOUNT UTILITY ===
Current Node: dios-macbook-air (Sun Jul 26 18:12:22 EEST 2026)
⚠️ Not found locally on dios-macbook-air. Querying Tailscale mesh nodes...
❌ Philips SSD drive not found on local or remote Tailscale nodes.
=== 💾 PHILIPS SSD MULTI-NODE DISCOVERY & MOUNT UTILITY ===
Current Node: dios-macbook-air (Sun Jul 26 18:17:22 EEST 2026)
⚠️ Not found locally on dios-macbook-air. Querying Tailscale mesh nodes...
❌ Philips SSD drive not found on local or remote Tailscale nodes.
=== 💾 PHILIPS SSD MULTI-NODE DISCOVERY & MOUNT UTILITY ===
Current Node: dios-macbook-air (Sun Jul 26 18:22:23 EEST 2026)
⚠️ Not found locally on dios-macbook-air. Querying Tailscale mesh nodes...
❌ Philips SSD drive not found on local or remote Tailscale nodes.
=== 💾 PHILIPS SSD MULTI-NODE DISCOVERY & MOUNT UTILITY ===
Current Node: dios-macbook-air (Sun Jul 26 18:27:23 EEST 2026)
⚠️ Not found locally on dios-macbook-air. Querying Tailscale mesh nodes...
❌ Philips SSD drive not found on local or remote Tailscale nodes.
=== 💾 PHILIPS SSD MULTI-NODE DISCOVERY & MOUNT UTILITY ===
Current Node: dios-macbook-air (Sun Jul 26 18:32:24 EEST 2026)
⚠️ Not found locally on dios-macbook-air. Querying Tailscale mesh nodes...
❌ Philips SSD drive not found on local or remote Tailscale nodes.
=== 💾 PHILIPS SSD MULTI-NODE DISCOVERY & MOUNT UTILITY ===
Current Node: dios-macbook-air (Sun Jul 26 18:37:25 EEST 2026)
⚠️ Not found locally on dios-macbook-air. Querying Tailscale mesh nodes...
❌ Philips SSD drive not found on local or remote Tailscale nodes.
=== 💾 PHILIPS SSD MULTI-NODE DISCOVERY & MOUNT UTILITY ===
Current Node: dios-macbook-air (Sun Jul 26 18:42:26 EEST 2026)
⚠️ Not found locally on dios-macbook-air. Querying Tailscale mesh nodes...
❌ Philips SSD drive not found on local or remote Tailscale nodes.
=== 💾 PHILIPS SSD MULTI-NODE DISCOVERY & MOUNT UTILITY ===
Current Node: dios-macbook-air (Sun Jul 26 18:47:26 EEST 2026)
⚠️ Not found locally on dios-macbook-air. Querying Tailscale mesh nodes...
❌ Philips SSD drive not found on local or remote Tailscale nodes.
=== 💾 PHILIPS SSD MULTI-NODE DISCOVERY & MOUNT UTILITY ===
Current Node: dios-macbook-air (Sun Jul 26 18:52:27 EEST 2026)
⚠️ Not found locally on dios-macbook-air. Querying Tailscale mesh nodes...
❌ Philips SSD drive not found on local or remote Tailscale nodes.
=== 💾 PHILIPS SSD MULTI-NODE DISCOVERY & MOUNT UTILITY ===
Current Node: dios-macbook-air (Sun Jul 26 18:57:28 EEST 2026)
⚠️ Not found locally on dios-macbook-air. Querying Tailscale mesh nodes...
❌ Philips SSD drive not found on local or remote Tailscale nodes.
=== 💾 PHILIPS SSD MULTI-NODE DISCOVERY & MOUNT UTILITY ===
Current Node: dios-macbook-air (Sun Jul 26 19:02:29 EEST 2026)
⚠️ Not found locally on dios-macbook-air. Querying Tailscale mesh nodes...
❌ Philips SSD drive not found on local or remote Tailscale nodes.
=== 💾 PHILIPS SSD MULTI-NODE DISCOVERY & MOUNT UTILITY ===
Current Node: dios-macbook-air (Sun Jul 26 19:07:30 EEST 2026)
⚠️ Not found locally on dios-macbook-air. Querying Tailscale mesh nodes...
❌ Philips SSD drive not found on local or remote Tailscale nodes.
=== 💾 PHILIPS SSD MULTI-NODE DISCOVERY & MOUNT UTILITY ===
Current Node: dios-macbook-air (Sun Jul 26 19:12:31 EEST 2026)
⚠️ Not found locally on dios-macbook-air. Querying Tailscale mesh nodes...
❌ Philips SSD drive not found on local or remote Tailscale nodes.
=== 💾 PHILIPS SSD MULTI-NODE DISCOVERY & MOUNT UTILITY ===
Current Node: dios-macbook-air (Sun Jul 26 19:17:31 EEST 2026)
⚠️ Not found locally on dios-macbook-air. Querying Tailscale mesh nodes...
❌ Philips SSD drive not found on local or remote Tailscale nodes.
=== 💾 PHILIPS SSD MULTI-NODE DISCOVERY & MOUNT UTILITY ===
Current Node: dios-macbook-air (Sun Jul 26 19:22:32 EEST 2026)
⚠️ Not found locally on dios-macbook-air. Querying Tailscale mesh nodes...
❌ Philips SSD drive not found on local or remote Tailscale nodes.
=== 💾 PHILIPS SSD MULTI-NODE DISCOVERY & MOUNT UTILITY ===
Current Node: dios-macbook-air (Sun Jul 26 19:27:32 EEST 2026)
⚠️ Not found locally on dios-macbook-air. Querying Tailscale mesh nodes...
❌ Philips SSD drive not found on local or remote Tailscale nodes.
=== 💾 PHILIPS SSD MULTI-NODE DISCOVERY & MOUNT UTILITY ===
Current Node: dios-macbook-air (Sun Jul 26 19:32:33 EEST 2026)
⚠️ Not found locally on dios-macbook-air. Querying Tailscale mesh nodes...
❌ Philips SSD drive not found on local or remote Tailscale nodes.
=== 💾 PHILIPS SSD MULTI-NODE DISCOVERY & MOUNT UTILITY ===
Current Node: dios-macbook-air (Sun Jul 26 19:37:34 EEST 2026)
⚠️ Not found locally on dios-macbook-air. Querying Tailscale mesh nodes...
❌ Philips SSD drive not found on local or remote Tailscale nodes.
=== 💾 PHILIPS SSD MULTI-NODE DISCOVERY & MOUNT UTILITY ===
Current Node: dios-macbook-air (Sun Jul 26 19:42:35 EEST 2026)
⚠️ Not found locally on dios-macbook-air. Querying Tailscale mesh nodes...
❌ Philips SSD drive not found on local or remote Tailscale nodes.
=== 💾 PHILIPS SSD MULTI-NODE DISCOVERY & MOUNT UTILITY ===
Current Node: dios-macbook-air (Sun Jul 26 19:47:37 EEST 2026)
⚠️ Not found locally on dios-macbook-air. Querying Tailscale mesh nodes...
❌ Philips SSD drive not found on local or remote Tailscale nodes.
=== 💾 PHILIPS SSD MULTI-NODE DISCOVERY & MOUNT UTILITY ===
Current Node: dios-macbook-air (Sun Jul 26 19:52:38 EEST 2026)
⚠️ Not found locally on dios-macbook-air. Querying Tailscale mesh nodes...
❌ Philips SSD drive not found on local or remote Tailscale nodes.
=== 💾 PHILIPS SSD MULTI-NODE DISCOVERY & MOUNT UTILITY ===
Current Node: dios-macbook-air (Sun Jul 26 19:57:40 EEST 2026)
⚠️ Not found locally on dios-macbook-air. Querying Tailscale mesh nodes...
❌ Philips SSD drive not found on local or remote Tailscale nodes.
=== 💾 PHILIPS SSD MULTI-NODE DISCOVERY & MOUNT UTILITY ===
Current Node: dios-macbook-air (Sun Jul 26 20:02:41 EEST 2026)
⚠️ Not found locally on dios-macbook-air. Querying Tailscale mesh nodes...
❌ Philips SSD drive not found on local or remote Tailscale nodes.
=== 💾 PHILIPS SSD MULTI-NODE DISCOVERY & MOUNT UTILITY ===
Current Node: dios-macbook-air (Sun Jul 26 20:07:42 EEST 2026)
⚠️ Not found locally on dios-macbook-air. Querying Tailscale mesh nodes...
❌ Philips SSD drive not found on local or remote Tailscale nodes.
=== 💾 PHILIPS SSD MULTI-NODE DISCOVERY & MOUNT UTILITY ===
Current Node: dios-macbook-air (Sun Jul 26 20:12:43 EEST 2026)
⚠️ Not found locally on dios-macbook-air. Querying Tailscale mesh nodes...
❌ Philips SSD drive not found on local or remote Tailscale nodes.
=== 💾 PHILIPS SSD MULTI-NODE DISCOVERY & MOUNT UTILITY ===
Current Node: dios-macbook-air (Sun Jul 26 20:17:44 EEST 2026)
⚠️ Not found locally on dios-macbook-air. Querying Tailscale mesh nodes...
❌ Philips SSD drive not found on local or remote Tailscale nodes.
=== 💾 PHILIPS SSD MULTI-NODE DISCOVERY & MOUNT UTILITY ===
Current Node: dios-macbook-air (Sun Jul 26 20:22:45 EEST 2026)
⚠️ Not found locally on dios-macbook-air. Querying Tailscale mesh nodes...
❌ Philips SSD drive not found on local or remote Tailscale nodes.
=== 💾 PHILIPS SSD MULTI-NODE DISCOVERY & MOUNT UTILITY ===
Current Node: dios-macbook-air (Sun Jul 26 20:27:46 EEST 2026)
⚠️ Not found locally on dios-macbook-air. Querying Tailscale mesh nodes...
❌ Philips SSD drive not found on local or remote Tailscale nodes.
=== 💾 PHILIPS SSD MULTI-NODE DISCOVERY & MOUNT UTILITY ===
Current Node: dios-macbook-air (Sun Jul 26 20:32:49 EEST 2026)
⚠️ Not found locally on dios-macbook-air. Querying Tailscale mesh nodes...
❌ Philips SSD drive not found on local or remote Tailscale nodes.
=== 💾 PHILIPS SSD MULTI-NODE DISCOVERY & MOUNT UTILITY ===
Current Node: dios-macbook-air (Sun Jul 26 20:37:54 EEST 2026)
⚠️ Not found locally on dios-macbook-air. Querying Tailscale mesh nodes...
❌ Philips SSD drive not found on local or remote Tailscale nodes.
=== 💾 PHILIPS SSD MULTI-NODE DISCOVERY & MOUNT UTILITY ===
Current Node: dios-macbook-air (Sun Jul 26 20:43:09 EEST 2026)
⚠️ Not found locally on dios-macbook-air. Querying Tailscale mesh nodes...
❌ Philips SSD drive not found on local or remote Tailscale nodes.
=== 💾 PHILIPS SSD MULTI-NODE DISCOVERY & MOUNT UTILITY ===
Current Node: dios-macbook-air (Sun Jul 26 20:48:10 EEST 2026)
⚠️ Not found locally on dios-macbook-air. Querying Tailscale mesh nodes...
❌ Philips SSD drive not found on local or remote Tailscale nodes.
=== 💾 PHILIPS SSD MULTI-NODE DISCOVERY & MOUNT UTILITY ===
Current Node: dios-macbook-air (Sun Jul 26 20:53:11 EEST 2026)
⚠️ Not found locally on dios-macbook-air. Querying Tailscale mesh nodes...
❌ Philips SSD drive not found on local or remote Tailscale nodes.
=== 💾 PHILIPS SSD MULTI-NODE DISCOVERY & MOUNT UTILITY ===
Current Node: dios-macbook-air (Sun Jul 26 20:58:12 EEST 2026)
⚠️ Not found locally on dios-macbook-air. Querying Tailscale mesh nodes...
❌ Philips SSD drive not found on local or remote Tailscale nodes.
=== 💾 PHILIPS SSD MULTI-NODE DISCOVERY & MOUNT UTILITY ===
Current Node: dios-macbook-air (Sun Jul 26 21:03:13 EEST 2026)
⚠️ Not found locally on dios-macbook-air. Querying Tailscale mesh nodes...
❌ Philips SSD drive not found on local or remote Tailscale nodes.
=== 💾 PHILIPS SSD MULTI-NODE DISCOVERY & MOUNT UTILITY ===
Current Node: dios-macbook-air (Sun Jul 26 21:08:14 EEST 2026)
⚠️ Not found locally on dios-macbook-air. Querying Tailscale mesh nodes...
❌ Philips SSD drive not found on local or remote Tailscale nodes.
=== 💾 PHILIPS SSD MULTI-NODE DISCOVERY & MOUNT UTILITY ===
Current Node: dios-macbook-air (Sun Jul 26 21:13:15 EEST 2026)
⚠️ Not found locally on dios-macbook-air. Querying Tailscale mesh nodes...
❌ Philips SSD drive not found on local or remote Tailscale nodes.
=== 💾 PHILIPS SSD MULTI-NODE DISCOVERY & MOUNT UTILITY ===
Current Node: dios-macbook-air (Sun Jul 26 21:18:16 EEST 2026)
⚠️ Not found locally on dios-macbook-air. Querying Tailscale mesh nodes...
❌ Philips SSD drive not found on local or remote Tailscale nodes.
=== 💾 PHILIPS SSD MULTI-NODE DISCOVERY & MOUNT UTILITY ===
Current Node: dios-macbook-air (Sun Jul 26 21:23:17 EEST 2026)
⚠️ Not found locally on dios-macbook-air. Querying Tailscale mesh nodes...
❌ Philips SSD drive not found on local or remote Tailscale nodes.
=== 💾 PHILIPS SSD MULTI-NODE DISCOVERY & MOUNT UTILITY ===
Current Node: dios-macbook-air (Sun Jul 26 21:28:18 EEST 2026)
⚠️ Not found locally on dios-macbook-air. Querying Tailscale mesh nodes...
❌ Philips SSD drive not found on local or remote Tailscale nodes.
=== 💾 PHILIPS SSD MULTI-NODE DISCOVERY & MOUNT UTILITY ===
Current Node: dios-macbook-air (Sun Jul 26 21:33:19 EEST 2026)
⚠️ Not found locally on dios-macbook-air. Querying Tailscale mesh nodes...
❌ Philips SSD drive not found on local or remote Tailscale nodes.
=== 💾 PHILIPS SSD MULTI-NODE DISCOVERY & MOUNT UTILITY ===
Current Node: dios-macbook-air (Sun Jul 26 21:38:20 EEST 2026)
⚠️ Not found locally on dios-macbook-air. Querying Tailscale mesh nodes...
❌ Philips SSD drive not found on local or remote Tailscale nodes.
=== 💾 PHILIPS SSD MULTI-NODE DISCOVERY & MOUNT UTILITY ===
Current Node: dios-macbook-air (Sun Jul 26 21:43:22 EEST 2026)
⚠️ Not found locally on dios-macbook-air. Querying Tailscale mesh nodes...
❌ Philips SSD drive not found on local or remote Tailscale nodes.
=== 💾 PHILIPS SSD MULTI-NODE DISCOVERY & MOUNT UTILITY ===
Current Node: dios-macbook-air (Sun Jul 26 21:48:23 EEST 2026)
⚠️ Not found locally on dios-macbook-air. Querying Tailscale mesh nodes...
❌ Philips SSD drive not found on local or remote Tailscale nodes.
=== 💾 PHILIPS SSD MULTI-NODE DISCOVERY & MOUNT UTILITY ===
Current Node: dios-macbook-air (Sun Jul 26 21:53:24 EEST 2026)
⚠️ Not found locally on dios-macbook-air. Querying Tailscale mesh nodes...
❌ Philips SSD drive not found on local or remote Tailscale nodes.
=== 💾 PHILIPS SSD MULTI-NODE DISCOVERY & MOUNT UTILITY ===
Current Node: dios-macbook-air (Sun Jul 26 21:58:24 EEST 2026)
⚠️ Not found locally on dios-macbook-air. Querying Tailscale mesh nodes...
❌ Philips SSD drive not found on local or remote Tailscale nodes.
=== 💾 PHILIPS SSD MULTI-NODE DISCOVERY & MOUNT UTILITY ===
Current Node: dios-macbook-air (Sun Jul 26 22:03:25 EEST 2026)
⚠️ Not found locally on dios-macbook-air. Querying Tailscale mesh nodes...
❌ Philips SSD drive not found on local or remote Tailscale nodes.
=== 💾 PHILIPS SSD MULTI-NODE DISCOVERY & MOUNT UTILITY ===
Current Node: dios-macbook-air (Sun Jul 26 22:08:26 EEST 2026)
⚠️ Not found locally on dios-macbook-air. Querying Tailscale mesh nodes...
❌ Philips SSD drive not found on local or remote Tailscale nodes.
=== 💾 PHILIPS SSD MULTI-NODE DISCOVERY & MOUNT UTILITY ===
Current Node: dios-macbook-air (Sun Jul 26 22:13:27 EEST 2026)
⚠️ Not found locally on dios-macbook-air. Querying Tailscale mesh nodes...
❌ Philips SSD drive not found on local or remote Tailscale nodes.
=== 💾 PHILIPS SSD MULTI-NODE DISCOVERY & MOUNT UTILITY ===
Current Node: dios-macbook-air (Sun Jul 26 22:18:28 EEST 2026)
⚠️ Not found locally on dios-macbook-air. Querying Tailscale mesh nodes...
❌ Philips SSD drive not found on local or remote Tailscale nodes.
=== 💾 PHILIPS SSD MULTI-NODE DISCOVERY & MOUNT UTILITY ===
Current Node: dios-macbook-air (Sun Jul 26 22:23:29 EEST 2026)
⚠️ Not found locally on dios-macbook-air. Querying Tailscale mesh nodes...
❌ Philips SSD drive not found on local or remote Tailscale nodes.
=== 💾 PHILIPS SSD MULTI-NODE DISCOVERY & MOUNT UTILITY ===
Current Node: dios-macbook-air (Sun Jul 26 22:28:30 EEST 2026)
⚠️ Not found locally on dios-macbook-air. Querying Tailscale mesh nodes...
❌ Philips SSD drive not found on local or remote Tailscale nodes.
=== 💾 PHILIPS SSD MULTI-NODE DISCOVERY & MOUNT UTILITY ===
Current Node: dios-macbook-air (Sun Jul 26 22:33:31 EEST 2026)
⚠️ Not found locally on dios-macbook-air. Querying Tailscale mesh nodes...
❌ Philips SSD drive not found on local or remote Tailscale nodes.
=== 💾 PHILIPS SSD MULTI-NODE DISCOVERY & MOUNT UTILITY ===
Current Node: dios-macbook-air (Sun Jul 26 22:38:32 EEST 2026)
⚠️ Not found locally on dios-macbook-air. Querying Tailscale mesh nodes...
❌ Philips SSD drive not found on local or remote Tailscale nodes.
=== 💾 PHILIPS SSD MULTI-NODE DISCOVERY & MOUNT UTILITY ===
Current Node: dios-macbook-air (Sun Jul 26 22:43:34 EEST 2026)
⚠️ Not found locally on dios-macbook-air. Querying Tailscale mesh nodes...
❌ Philips SSD drive not found on local or remote Tailscale nodes.
=== 💾 PHILIPS SSD MULTI-NODE DISCOVERY & MOUNT UTILITY ===
Current Node: dios-macbook-air (Sun Jul 26 22:48:35 EEST 2026)
⚠️ Not found locally on dios-macbook-air. Querying Tailscale mesh nodes...
❌ Philips SSD drive not found on local or remote Tailscale nodes.
=== 💾 PHILIPS SSD MULTI-NODE DISCOVERY & MOUNT UTILITY ===
Current Node: dios-macbook-air (Sun Jul 26 22:53:36 EEST 2026)
⚠️ Not found locally on dios-macbook-air. Querying Tailscale mesh nodes...
❌ Philips SSD drive not found on local or remote Tailscale nodes.
=== 💾 PHILIPS SSD MULTI-NODE DISCOVERY & MOUNT UTILITY ===
Current Node: dios-macbook-air (Sun Jul 26 22:58:37 EEST 2026)
⚠️ Not found locally on dios-macbook-air. Querying Tailscale mesh nodes...
❌ Philips SSD drive not found on local or remote Tailscale nodes.
=== 💾 PHILIPS SSD MULTI-NODE DISCOVERY & MOUNT UTILITY ===
Current Node: dios-macbook-air (Sun Jul 26 23:03:38 EEST 2026)
⚠️ Not found locally on dios-macbook-air. Querying Tailscale mesh nodes...
❌ Philips SSD drive not found on local or remote Tailscale nodes.
=== 💾 PHILIPS SSD MULTI-NODE DISCOVERY & MOUNT UTILITY ===
Current Node: dios-macbook-air (Sun Jul 26 23:08:39 EEST 2026)
⚠️ Not found locally on dios-macbook-air. Querying Tailscale mesh nodes...
❌ Philips SSD drive not found on local or remote Tailscale nodes.
=== 💾 PHILIPS SSD MULTI-NODE DISCOVERY & MOUNT UTILITY ===
Current Node: dios-macbook-air (Sun Jul 26 23:13:39 EEST 2026)
⚠️ Not found locally on dios-macbook-air. Querying Tailscale mesh nodes...
❌ Philips SSD drive not found on local or remote Tailscale nodes.
=== 💾 PHILIPS SSD MULTI-NODE DISCOVERY & MOUNT UTILITY ===
Current Node: dios-macbook-air (Sun Jul 26 23:18:40 EEST 2026)
⚠️ Not found locally on dios-macbook-air. Querying Tailscale mesh nodes...
❌ Philips SSD drive not found on local or remote Tailscale nodes.
=== 💾 PHILIPS SSD MULTI-NODE DISCOVERY & MOUNT UTILITY ===
Current Node: dios-macbook-air (Sun Jul 26 23:23:41 EEST 2026)
⚠️ Not found locally on dios-macbook-air. Querying Tailscale mesh nodes...
❌ Philips SSD drive not found on local or remote Tailscale nodes.
=== 💾 PHILIPS SSD MULTI-NODE DISCOVERY & MOUNT UTILITY ===
Current Node: dios-macbook-air (Sun Jul 26 23:28:42 EEST 2026)
⚠️ Not found locally on dios-macbook-air. Querying Tailscale mesh nodes...
❌ Philips SSD drive not found on local or remote Tailscale nodes.
=== 💾 PHILIPS SSD MULTI-NODE DISCOVERY & MOUNT UTILITY ===
Current Node: dios-macbook-air (Sun Jul 26 23:33:43 EEST 2026)
⚠️ Not found locally on dios-macbook-air. Querying Tailscale mesh nodes...
❌ Philips SSD drive not found on local or remote Tailscale nodes.
=== 💾 PHILIPS SSD MULTI-NODE DISCOVERY & MOUNT UTILITY ===
Current Node: dios-macbook-air (Sun Jul 26 23:38:44 EEST 2026)
⚠️ Not found locally on dios-macbook-air. Querying Tailscale mesh nodes...
❌ Philips SSD drive not found on local or remote Tailscale nodes.
=== 💾 PHILIPS SSD MULTI-NODE DISCOVERY & MOUNT UTILITY ===
Current Node: dios-macbook-air (Sun Jul 26 23:43:45 EEST 2026)
⚠️ Not found locally on dios-macbook-air. Querying Tailscale mesh nodes...
❌ Philips SSD drive not found on local or remote Tailscale nodes.
=== 💾 PHILIPS SSD MULTI-NODE DISCOVERY & MOUNT UTILITY ===
Current Node: dios-macbook-air (Sun Jul 26 23:48:45 EEST 2026)
⚠️ Not found locally on dios-macbook-air. Querying Tailscale mesh nodes...
❌ Philips SSD drive not found on local or remote Tailscale nodes.
=== 💾 PHILIPS SSD MULTI-NODE DISCOVERY & MOUNT UTILITY ===
Current Node: dios-macbook-air (Sun Jul 26 23:56:13 EEST 2026)
⚠️ Not found locally on dios-macbook-air. Querying Tailscale mesh nodes...
❌ Philips SSD drive not found on local or remote Tailscale nodes.
=== 💾 PHILIPS SSD MULTI-NODE DISCOVERY & MOUNT UTILITY ===
Current Node: dios-macbook-air (Mon Jul 27 00:01:40 EEST 2026)
⚠️ Not found locally on dios-macbook-air. Querying Tailscale mesh nodes...
❌ Philips SSD drive not found on local or remote Tailscale nodes.
=== 💾 PHILIPS SSD MULTI-NODE DISCOVERY & MOUNT UTILITY ===
Current Node: dios-macbook-air (Mon Jul 27 00:04:08 EEST 2026)
⚠️ Not found locally on dios-macbook-air. Querying Tailscale mesh nodes...
❌ Philips SSD drive not found on local or remote Tailscale nodes.
=== 💾 PHILIPS SSD MULTI-NODE DISCOVERY & MOUNT UTILITY ===
Current Node: dios-macbook-air (Mon Jul 27 00:09:08 EEST 2026)
⚠️ Not found locally on dios-macbook-air. Querying Tailscale mesh nodes...
❌ Philips SSD drive not found on local or remote Tailscale nodes.
=== 💾 PHILIPS SSD MULTI-NODE DISCOVERY & MOUNT UTILITY ===
Current Node: dios-macbook-air (Mon Jul 27 00:14:09 EEST 2026)
⚠️ Not found locally on dios-macbook-air. Querying Tailscale mesh nodes...
❌ Philips SSD drive not found on local or remote Tailscale nodes.
=== 💾 PHILIPS SSD MULTI-NODE DISCOVERY & MOUNT UTILITY ===
Current Node: dios-macbook-air (Mon Jul 27 00:19:10 EEST 2026)
⚠️ Not found locally on dios-macbook-air. Querying Tailscale mesh nodes...
❌ Philips SSD drive not found on local or remote Tailscale nodes.
=== 💾 PHILIPS SSD MULTI-NODE DISCOVERY & MOUNT UTILITY ===
Current Node: dios-macbook-air (Mon Jul 27 00:24:10 EEST 2026)
⚠️ Not found locally on dios-macbook-air. Querying Tailscale mesh nodes...
❌ Philips SSD drive not found on local or remote Tailscale nodes.
=== 💾 PHILIPS SSD MULTI-NODE DISCOVERY & MOUNT UTILITY ===
Current Node: dios-macbook-air (Mon Jul 27 00:29:11 EEST 2026)
⚠️ Not found locally on dios-macbook-air. Querying Tailscale mesh nodes...
❌ Philips SSD drive not found on local or remote Tailscale nodes.
=== 💾 PHILIPS SSD MULTI-NODE DISCOVERY & MOUNT UTILITY ===
Current Node: dios-macbook-air (Mon Jul 27 00:34:12 EEST 2026)
⚠️ Not found locally on dios-macbook-air. Querying Tailscale mesh nodes...
❌ Philips SSD drive not found on local or remote Tailscale nodes.
=== 💾 PHILIPS SSD MULTI-NODE DISCOVERY & MOUNT UTILITY ===
Current Node: dios-macbook-air (Mon Jul 27 00:39:12 EEST 2026)
⚠️ Not found locally on dios-macbook-air. Querying Tailscale mesh nodes...
❌ Philips SSD drive not found on local or remote Tailscale nodes.
=== 💾 PHILIPS SSD MULTI-NODE DISCOVERY & MOUNT UTILITY ===
Current Node: dios-macbook-air (Mon Jul 27 00:44:13 EEST 2026)
⚠️ Not found locally on dios-macbook-air. Querying Tailscale mesh nodes...
❌ Philips SSD drive not found on local or remote Tailscale nodes.
=== 💾 PHILIPS SSD MULTI-NODE DISCOVERY & MOUNT UTILITY ===
Current Node: dios-macbook-air (Mon Jul 27 00:47:53 EEST 2026)
⚠️ Not found locally on dios-macbook-air. Querying Tailscale mesh nodes...
❌ Philips SSD drive not found on local or remote Tailscale nodes.
=== 💾 PHILIPS SSD MULTI-NODE DISCOVERY & MOUNT UTILITY ===
Current Node: dios-macbook-air (Mon Jul 27 00:49:26 EEST 2026)
⚠️ Not found locally on dios-macbook-air. Querying Tailscale mesh nodes...
❌ Philips SSD drive not found on local or remote Tailscale nodes.
=== 💾 PHILIPS SSD MULTI-NODE DISCOVERY & MOUNT UTILITY ===
Current Node: dios-macbook-air (Mon Jul 27 01:29:22 EEST 2026)
⚠️ Not found locally on dios-macbook-air. Querying Tailscale mesh nodes...
❌ Philips SSD drive not found on local or remote Tailscale nodes.
=== 💾 PHILIPS SSD MULTI-NODE DISCOVERY & MOUNT UTILITY ===
Current Node: dios-macbook-air (Mon Jul 27 01:34:25 EEST 2026)
⚠️ Not found locally on dios-macbook-air. Querying Tailscale mesh nodes...
❌ Philips SSD drive not found on local or remote Tailscale nodes.
=== 💾 PHILIPS SSD MULTI-NODE DISCOVERY & MOUNT UTILITY ===
Current Node: dios-macbook-air (Mon Jul 27 01:39:26 EEST 2026)
⚠️ Not found locally on dios-macbook-air. Querying Tailscale mesh nodes...
❌ Philips SSD drive not found on local or remote Tailscale nodes.
=== 💾 PHILIPS SSD MULTI-NODE DISCOVERY & MOUNT UTILITY ===
Current Node: dios-macbook-air (Mon Jul 27 01:44:26 EEST 2026)
⚠️ Not found locally on dios-macbook-air. Querying Tailscale mesh nodes...
❌ Philips SSD drive not found on local or remote Tailscale nodes.
=== 💾 PHILIPS SSD MULTI-NODE DISCOVERY & MOUNT UTILITY ===
Current Node: dios-macbook-air (Mon Jul 27 01:49:27 EEST 2026)
⚠️ Not found locally on dios-macbook-air. Querying Tailscale mesh nodes...
❌ Philips SSD drive not found on local or remote Tailscale nodes.
=== 💾 PHILIPS SSD MULTI-NODE DISCOVERY & MOUNT UTILITY ===
Current Node: dios-macbook-air (Mon Jul 27 01:54:27 EEST 2026)
⚠️ Not found locally on dios-macbook-air. Querying Tailscale mesh nodes...
❌ Philips SSD drive not found on local or remote Tailscale nodes.
=== 💾 PHILIPS SSD MULTI-NODE DISCOVERY & MOUNT UTILITY ===
Current Node: dios-macbook-air (Mon Jul 27 01:59:29 EEST 2026)
⚠️ Not found locally on dios-macbook-air. Querying Tailscale mesh nodes...
❌ Philips SSD drive not found on local or remote Tailscale nodes.
=== 💾 PHILIPS SSD MULTI-NODE DISCOVERY & MOUNT UTILITY ===
Current Node: dios-macbook-air (Mon Jul 27 02:04:29 EEST 2026)
⚠️ Not found locally on dios-macbook-air. Querying Tailscale mesh nodes...
❌ Philips SSD drive not found on local or remote Tailscale nodes.
=== 💾 PHILIPS SSD MULTI-NODE DISCOVERY & MOUNT UTILITY ===
Current Node: dios-macbook-air (Mon Jul 27 02:09:30 EEST 2026)
⚠️ Not found locally on dios-macbook-air. Querying Tailscale mesh nodes...
❌ Philips SSD drive not found on local or remote Tailscale nodes.
=== 💾 PHILIPS SSD MULTI-NODE DISCOVERY & MOUNT UTILITY ===
Current Node: dios-macbook-air (Mon Jul 27 02:14:31 EEST 2026)
⚠️ Not found locally on dios-macbook-air. Querying Tailscale mesh nodes...
❌ Philips SSD drive not found on local or remote Tailscale nodes.
=== 💾 PHILIPS SSD MULTI-NODE DISCOVERY & MOUNT UTILITY ===
Current Node: dios-macbook-air (Mon Jul 27 02:19:31 EEST 2026)
⚠️ Not found locally on dios-macbook-air. Querying Tailscale mesh nodes...
❌ Philips SSD drive not found on local or remote Tailscale nodes.
=== 💾 PHILIPS SSD MULTI-NODE DISCOVERY & MOUNT UTILITY ===
Current Node: dios-macbook-air (Mon Jul 27 02:24:32 EEST 2026)
⚠️ Not found locally on dios-macbook-air. Querying Tailscale mesh nodes...
❌ Philips SSD drive not found on local or remote Tailscale nodes.
=== 💾 PHILIPS SSD MULTI-NODE DISCOVERY & MOUNT UTILITY ===
Current Node: dios-macbook-air (Mon Jul 27 02:29:32 EEST 2026)
⚠️ Not found locally on dios-macbook-air. Querying Tailscale mesh nodes...
❌ Philips SSD drive not found on local or remote Tailscale nodes.
=== 💾 PHILIPS SSD MULTI-NODE DISCOVERY & MOUNT UTILITY ===
Current Node: dios-macbook-air (Mon Jul 27 02:34:33 EEST 2026)
⚠️ Not found locally on dios-macbook-air. Querying Tailscale mesh nodes...
❌ Philips SSD drive not found on local or remote Tailscale nodes.
=== 💾 PHILIPS SSD MULTI-NODE DISCOVERY & MOUNT UTILITY ===
Current Node: dios-macbook-air (Mon Jul 27 02:39:33 EEST 2026)
⚠️ Not found locally on dios-macbook-air. Querying Tailscale mesh nodes...
❌ Philips SSD drive not found on local or remote Tailscale nodes.
=== 💾 PHILIPS SSD MULTI-NODE DISCOVERY & MOUNT UTILITY ===
Current Node: dios-macbook-air (Mon Jul 27 02:44:34 EEST 2026)
⚠️ Not found locally on dios-macbook-air. Querying Tailscale mesh nodes...
❌ Philips SSD drive not found on local or remote Tailscale nodes.
=== 💾 PHILIPS SSD MULTI-NODE DISCOVERY & MOUNT UTILITY ===
Current Node: dios-macbook-air (Mon Jul 27 02:49:35 EEST 2026)
⚠️ Not found locally on dios-macbook-air. Querying Tailscale mesh nodes...
❌ Philips SSD drive not found on local or remote Tailscale nodes.
=== 💾 PHILIPS SSD MULTI-NODE DISCOVERY & MOUNT UTILITY ===
Current Node: dios-macbook-air (Mon Jul 27 02:54:35 EEST 2026)
⚠️ Not found locally on dios-macbook-air. Querying Tailscale mesh nodes...
❌ Philips SSD drive not found on local or remote Tailscale nodes.
=== 💾 PHILIPS SSD MULTI-NODE DISCOVERY & MOUNT UTILITY ===
Current Node: dios-macbook-air (Mon Jul 27 02:59:36 EEST 2026)
⚠️ Not found locally on dios-macbook-air. Querying Tailscale mesh nodes...
❌ Philips SSD drive not found on local or remote Tailscale nodes.
=== 💾 PHILIPS SSD MULTI-NODE DISCOVERY & MOUNT UTILITY ===
Current Node: dios-macbook-air (Mon Jul 27 03:04:37 EEST 2026)
⚠️ Not found locally on dios-macbook-air. Querying Tailscale mesh nodes...
❌ Philips SSD drive not found on local or remote Tailscale nodes.
=== 💾 PHILIPS SSD MULTI-NODE DISCOVERY & MOUNT UTILITY ===
Current Node: dios-macbook-air (Mon Jul 27 03:09:38 EEST 2026)
⚠️ Not found locally on dios-macbook-air. Querying Tailscale mesh nodes...
❌ Philips SSD drive not found on local or remote Tailscale nodes.
=== 💾 PHILIPS SSD MULTI-NODE DISCOVERY & MOUNT UTILITY ===
Current Node: dios-macbook-air (Mon Jul 27 03:14:38 EEST 2026)
⚠️ Not found locally on dios-macbook-air. Querying Tailscale mesh nodes...
❌ Philips SSD drive not found on local or remote Tailscale nodes.
=== 💾 PHILIPS SSD MULTI-NODE DISCOVERY & MOUNT UTILITY ===
Current Node: dios-macbook-air (Mon Jul 27 03:19:39 EEST 2026)
⚠️ Not found locally on dios-macbook-air. Querying Tailscale mesh nodes...
❌ Philips SSD drive not found on local or remote Tailscale nodes.
=== 💾 PHILIPS SSD MULTI-NODE DISCOVERY & MOUNT UTILITY ===
Current Node: dios-macbook-air (Mon Jul 27 03:24:40 EEST 2026)
⚠️ Not found locally on dios-macbook-air. Querying Tailscale mesh nodes...
❌ Philips SSD drive not found on local or remote Tailscale nodes.
=== 💾 PHILIPS SSD MULTI-NODE DISCOVERY & MOUNT UTILITY ===
Current Node: dios-macbook-air (Mon Jul 27 03:29:40 EEST 2026)
⚠️ Not found locally on dios-macbook-air. Querying Tailscale mesh nodes...
❌ Philips SSD drive not found on local or remote Tailscale nodes.
=== 💾 PHILIPS SSD MULTI-NODE DISCOVERY & MOUNT UTILITY ===
Current Node: dios-macbook-air (Mon Jul 27 03:34:41 EEST 2026)
⚠️ Not found locally on dios-macbook-air. Querying Tailscale mesh nodes...
❌ Philips SSD drive not found on local or remote Tailscale nodes.
=== 💾 PHILIPS SSD MULTI-NODE DISCOVERY & MOUNT UTILITY ===
Current Node: dios-macbook-air (Mon Jul 27 03:39:42 EEST 2026)
⚠️ Not found locally on dios-macbook-air. Querying Tailscale mesh nodes...
❌ Philips SSD drive not found on local or remote Tailscale nodes.
=== 💾 PHILIPS SSD MULTI-NODE DISCOVERY & MOUNT UTILITY ===
Current Node: dios-macbook-air (Mon Jul 27 03:44:42 EEST 2026)
⚠️ Not found locally on dios-macbook-air. Querying Tailscale mesh nodes...
❌ Philips SSD drive not found on local or remote Tailscale nodes.
=== 💾 PHILIPS SSD MULTI-NODE DISCOVERY & MOUNT UTILITY ===
Current Node: dios-macbook-air (Mon Jul 27 03:49:43 EEST 2026)
⚠️ Not found locally on dios-macbook-air. Querying Tailscale mesh nodes...
❌ Philips SSD drive not found on local or remote Tailscale nodes.
=== 💾 PHILIPS SSD MULTI-NODE DISCOVERY & MOUNT UTILITY ===
Current Node: dios-macbook-air (Mon Jul 27 03:54:44 EEST 2026)
⚠️ Not found locally on dios-macbook-air. Querying Tailscale mesh nodes...
❌ Philips SSD drive not found on local or remote Tailscale nodes.
=== 💾 PHILIPS SSD MULTI-NODE DISCOVERY & MOUNT UTILITY ===
Current Node: dios-macbook-air (Mon Jul 27 03:59:44 EEST 2026)
⚠️ Not found locally on dios-macbook-air. Querying Tailscale mesh nodes...
❌ Philips SSD drive not found on local or remote Tailscale nodes.
=== 💾 PHILIPS SSD MULTI-NODE DISCOVERY & MOUNT UTILITY ===
Current Node: dios-macbook-air (Mon Jul 27 04:04:45 EEST 2026)
⚠️ Not found locally on dios-macbook-air. Querying Tailscale mesh nodes...
❌ Philips SSD drive not found on local or remote Tailscale nodes.
=== 💾 PHILIPS SSD MULTI-NODE DISCOVERY & MOUNT UTILITY ===
Current Node: dios-macbook-air (Mon Jul 27 04:09:45 EEST 2026)
⚠️ Not found locally on dios-macbook-air. Querying Tailscale mesh nodes...
❌ Philips SSD drive not found on local or remote Tailscale nodes.
=== 💾 PHILIPS SSD MULTI-NODE DISCOVERY & MOUNT UTILITY ===
Current Node: dios-macbook-air (Mon Jul 27 04:14:46 EEST 2026)
⚠️ Not found locally on dios-macbook-air. Querying Tailscale mesh nodes...
❌ Philips SSD drive not found on local or remote Tailscale nodes.
=== 💾 PHILIPS SSD MULTI-NODE DISCOVERY & MOUNT UTILITY ===
Current Node: dios-macbook-air (Mon Jul 27 04:19:46 EEST 2026)
⚠️ Not found locally on dios-macbook-air. Querying Tailscale mesh nodes...
❌ Philips SSD drive not found on local or remote Tailscale nodes.
=== 💾 PHILIPS SSD MULTI-NODE DISCOVERY & MOUNT UTILITY ===
Current Node: dios-macbook-air (Mon Jul 27 04:24:47 EEST 2026)
⚠️ Not found locally on dios-macbook-air. Querying Tailscale mesh nodes...
❌ Philips SSD drive not found on local or remote Tailscale nodes.
=== 💾 PHILIPS SSD MULTI-NODE DISCOVERY & MOUNT UTILITY ===
Current Node: dios-macbook-air (Mon Jul 27 04:29:48 EEST 2026)
⚠️ Not found locally on dios-macbook-air. Querying Tailscale mesh nodes...
❌ Philips SSD drive not found on local or remote Tailscale nodes.
=== 💾 PHILIPS SSD MULTI-NODE DISCOVERY & MOUNT UTILITY ===
Current Node: dios-macbook-air (Mon Jul 27 04:34:48 EEST 2026)
⚠️ Not found locally on dios-macbook-air. Querying Tailscale mesh nodes...
❌ Philips SSD drive not found on local or remote Tailscale nodes.
=== 💾 PHILIPS SSD MULTI-NODE DISCOVERY & MOUNT UTILITY ===
Current Node: dios-macbook-air (Mon Jul 27 04:39:49 EEST 2026)
⚠️ Not found locally on dios-macbook-air. Querying Tailscale mesh nodes...
❌ Philips SSD drive not found on local or remote Tailscale nodes.
=== 💾 PHILIPS SSD MULTI-NODE DISCOVERY & MOUNT UTILITY ===
Current Node: dios-macbook-air (Mon Jul 27 04:44:49 EEST 2026)
⚠️ Not found locally on dios-macbook-air. Querying Tailscale mesh nodes...
❌ Philips SSD drive not found on local or remote Tailscale nodes.
=== 💾 PHILIPS SSD MULTI-NODE DISCOVERY & MOUNT UTILITY ===
Current Node: dios-macbook-air (Mon Jul 27 04:49:50 EEST 2026)
⚠️ Not found locally on dios-macbook-air. Querying Tailscale mesh nodes...
❌ Philips SSD drive not found on local or remote Tailscale nodes.
=== 💾 PHILIPS SSD MULTI-NODE DISCOVERY & MOUNT UTILITY ===
Current Node: dios-macbook-air (Mon Jul 27 04:54:51 EEST 2026)
⚠️ Not found locally on dios-macbook-air. Querying Tailscale mesh nodes...
❌ Philips SSD drive not found on local or remote Tailscale nodes.
=== 💾 PHILIPS SSD MULTI-NODE DISCOVERY & MOUNT UTILITY ===
Current Node: dios-macbook-air (Mon Jul 27 04:59:51 EEST 2026)
⚠️ Not found locally on dios-macbook-air. Querying Tailscale mesh nodes...
❌ Philips SSD drive not found on local or remote Tailscale nodes.
=== 💾 PHILIPS SSD MULTI-NODE DISCOVERY & MOUNT UTILITY ===
Current Node: dios-macbook-air (Mon Jul 27 05:04:52 EEST 2026)
⚠️ Not found locally on dios-macbook-air. Querying Tailscale mesh nodes...
❌ Philips SSD drive not found on local or remote Tailscale nodes.
=== 💾 PHILIPS SSD MULTI-NODE DISCOVERY & MOUNT UTILITY ===
Current Node: dios-macbook-air (Mon Jul 27 05:09:53 EEST 2026)
⚠️ Not found locally on dios-macbook-air. Querying Tailscale mesh nodes...
❌ Philips SSD drive not found on local or remote Tailscale nodes.
=== 💾 PHILIPS SSD MULTI-NODE DISCOVERY & MOUNT UTILITY ===
Current Node: dios-macbook-air (Mon Jul 27 05:14:53 EEST 2026)
⚠️ Not found locally on dios-macbook-air. Querying Tailscale mesh nodes...
❌ Philips SSD drive not found on local or remote Tailscale nodes.
=== 💾 PHILIPS SSD MULTI-NODE DISCOVERY & MOUNT UTILITY ===
Current Node: dios-macbook-air (Mon Jul 27 05:19:54 EEST 2026)
⚠️ Not found locally on dios-macbook-air. Querying Tailscale mesh nodes...
❌ Philips SSD drive not found on local or remote Tailscale nodes.
=== 💾 PHILIPS SSD MULTI-NODE DISCOVERY & MOUNT UTILITY ===
Current Node: dios-macbook-air (Mon Jul 27 05:24:55 EEST 2026)
⚠️ Not found locally on dios-macbook-air. Querying Tailscale mesh nodes...
❌ Philips SSD drive not found on local or remote Tailscale nodes.
=== 💾 PHILIPS SSD MULTI-NODE DISCOVERY & MOUNT UTILITY ===
Current Node: dios-macbook-air (Mon Jul 27 05:29:56 EEST 2026)
⚠️ Not found locally on dios-macbook-air. Querying Tailscale mesh nodes...
❌ Philips SSD drive not found on local or remote Tailscale nodes.
=== 💾 PHILIPS SSD MULTI-NODE DISCOVERY & MOUNT UTILITY ===
Current Node: dios-macbook-air (Mon Jul 27 05:34:56 EEST 2026)
⚠️ Not found locally on dios-macbook-air. Querying Tailscale mesh nodes...
❌ Philips SSD drive not found on local or remote Tailscale nodes.
=== 💾 PHILIPS SSD MULTI-NODE DISCOVERY & MOUNT UTILITY ===
Current Node: dios-macbook-air (Mon Jul 27 05:39:57 EEST 2026)
⚠️ Not found locally on dios-macbook-air. Querying Tailscale mesh nodes...
❌ Philips SSD drive not found on local or remote Tailscale nodes.
=== 💾 PHILIPS SSD MULTI-NODE DISCOVERY & MOUNT UTILITY ===
Current Node: dios-macbook-air (Mon Jul 27 05:44:58 EEST 2026)
⚠️ Not found locally on dios-macbook-air. Querying Tailscale mesh nodes...
❌ Philips SSD drive not found on local or remote Tailscale nodes.
=== 💾 PHILIPS SSD MULTI-NODE DISCOVERY & MOUNT UTILITY ===
Current Node: dios-macbook-air (Mon Jul 27 05:49:58 EEST 2026)
⚠️ Not found locally on dios-macbook-air. Querying Tailscale mesh nodes...
❌ Philips SSD drive not found on local or remote Tailscale nodes.
=== 💾 PHILIPS SSD MULTI-NODE DISCOVERY & MOUNT UTILITY ===
Current Node: dios-macbook-air (Mon Jul 27 05:54:59 EEST 2026)
⚠️ Not found locally on dios-macbook-air. Querying Tailscale mesh nodes...
❌ Philips SSD drive not found on local or remote Tailscale nodes.
=== 💾 PHILIPS SSD MULTI-NODE DISCOVERY & MOUNT UTILITY ===
Current Node: dios-macbook-air (Mon Jul 27 05:59:59 EEST 2026)
⚠️ Not found locally on dios-macbook-air. Querying Tailscale mesh nodes...
❌ Philips SSD drive not found on local or remote Tailscale nodes.
=== 💾 PHILIPS SSD MULTI-NODE DISCOVERY & MOUNT UTILITY ===
Current Node: dios-macbook-air (Mon Jul 27 06:05:00 EEST 2026)
⚠️ Not found locally on dios-macbook-air. Querying Tailscale mesh nodes...
❌ Philips SSD drive not found on local or remote Tailscale nodes.
=== 💾 PHILIPS SSD MULTI-NODE DISCOVERY & MOUNT UTILITY ===
Current Node: dios-macbook-air (Mon Jul 27 06:10:01 EEST 2026)
⚠️ Not found locally on dios-macbook-air. Querying Tailscale mesh nodes...
❌ Philips SSD drive not found on local or remote Tailscale nodes.
=== 💾 PHILIPS SSD MULTI-NODE DISCOVERY & MOUNT UTILITY ===
Current Node: dios-macbook-air (Mon Jul 27 06:15:01 EEST 2026)
⚠️ Not found locally on dios-macbook-air. Querying Tailscale mesh nodes...
❌ Philips SSD drive not found on local or remote Tailscale nodes.
=== 💾 PHILIPS SSD MULTI-NODE DISCOVERY & MOUNT UTILITY ===
Current Node: dios-macbook-air (Mon Jul 27 06:20:02 EEST 2026)
⚠️ Not found locally on dios-macbook-air. Querying Tailscale mesh nodes...
❌ Philips SSD drive not found on local or remote Tailscale nodes.
=== 💾 PHILIPS SSD MULTI-NODE DISCOVERY & MOUNT UTILITY ===
Current Node: dios-macbook-air (Mon Jul 27 06:25:03 EEST 2026)
⚠️ Not found locally on dios-macbook-air. Querying Tailscale mesh nodes...
❌ Philips SSD drive not found on local or remote Tailscale nodes.
=== 💾 PHILIPS SSD MULTI-NODE DISCOVERY & MOUNT UTILITY ===
Current Node: dios-macbook-air (Mon Jul 27 06:30:03 EEST 2026)
⚠️ Not found locally on dios-macbook-air. Querying Tailscale mesh nodes...
❌ Philips SSD drive not found on local or remote Tailscale nodes.
=== 💾 PHILIPS SSD MULTI-NODE DISCOVERY & MOUNT UTILITY ===
Current Node: dios-macbook-air (Mon Jul 27 06:35:04 EEST 2026)
⚠️ Not found locally on dios-macbook-air. Querying Tailscale mesh nodes...
❌ Philips SSD drive not found on local or remote Tailscale nodes.
=== 💾 PHILIPS SSD MULTI-NODE DISCOVERY & MOUNT UTILITY ===
Current Node: dios-macbook-air (Mon Jul 27 06:40:05 EEST 2026)
⚠️ Not found locally on dios-macbook-air. Querying Tailscale mesh nodes...
❌ Philips SSD drive not found on local or remote Tailscale nodes.
=== 💾 PHILIPS SSD MULTI-NODE DISCOVERY & MOUNT UTILITY ===
Current Node: dios-macbook-air (Mon Jul 27 06:45:05 EEST 2026)
⚠️ Not found locally on dios-macbook-air. Querying Tailscale mesh nodes...
❌ Philips SSD drive not found on local or remote Tailscale nodes.
=== 💾 PHILIPS SSD MULTI-NODE DISCOVERY & MOUNT UTILITY ===
Current Node: dios-macbook-air (Mon Jul 27 06:50:06 EEST 2026)
⚠️ Not found locally on dios-macbook-air. Querying Tailscale mesh nodes...
❌ Philips SSD drive not found on local or remote Tailscale nodes.
=== 💾 PHILIPS SSD MULTI-NODE DISCOVERY & MOUNT UTILITY ===
Current Node: dios-macbook-air (Mon Jul 27 06:55:07 EEST 2026)
⚠️ Not found locally on dios-macbook-air. Querying Tailscale mesh nodes...
❌ Philips SSD drive not found on local or remote Tailscale nodes.
=== 💾 PHILIPS SSD MULTI-NODE DISCOVERY & MOUNT UTILITY ===
Current Node: dios-macbook-air (Mon Jul 27 07:00:07 EEST 2026)
⚠️ Not found locally on dios-macbook-air. Querying Tailscale mesh nodes...
❌ Philips SSD drive not found on local or remote Tailscale nodes.
=== 💾 PHILIPS SSD MULTI-NODE DISCOVERY & MOUNT UTILITY ===
Current Node: dios-macbook-air (Mon Jul 27 07:05:08 EEST 2026)
⚠️ Not found locally on dios-macbook-air. Querying Tailscale mesh nodes...
❌ Philips SSD drive not found on local or remote Tailscale nodes.
=== 💾 PHILIPS SSD MULTI-NODE DISCOVERY & MOUNT UTILITY ===
Current Node: dios-macbook-air (Mon Jul 27 07:10:09 EEST 2026)
⚠️ Not found locally on dios-macbook-air. Querying Tailscale mesh nodes...
❌ Philips SSD drive not found on local or remote Tailscale nodes.
=== 💾 PHILIPS SSD MULTI-NODE DISCOVERY & MOUNT UTILITY ===
Current Node: dios-macbook-air (Mon Jul 27 07:15:09 EEST 2026)
⚠️ Not found locally on dios-macbook-air. Querying Tailscale mesh nodes...
❌ Philips SSD drive not found on local or remote Tailscale nodes.
=== 💾 PHILIPS SSD MULTI-NODE DISCOVERY & MOUNT UTILITY ===
Current Node: dios-macbook-air (Mon Jul 27 07:20:10 EEST 2026)
⚠️ Not found locally on dios-macbook-air. Querying Tailscale mesh nodes...
❌ Philips SSD drive not found on local or remote Tailscale nodes.
=== 💾 PHILIPS SSD MULTI-NODE DISCOVERY & MOUNT UTILITY ===
Current Node: dios-macbook-air (Mon Jul 27 07:25:10 EEST 2026)
⚠️ Not found locally on dios-macbook-air. Querying Tailscale mesh nodes...
❌ Philips SSD drive not found on local or remote Tailscale nodes.
=== 💾 PHILIPS SSD MULTI-NODE DISCOVERY & MOUNT UTILITY ===
Current Node: dios-macbook-air (Mon Jul 27 07:30:11 EEST 2026)
⚠️ Not found locally on dios-macbook-air. Querying Tailscale mesh nodes...
❌ Philips SSD drive not found on local or remote Tailscale nodes.
=== 💾 PHILIPS SSD MULTI-NODE DISCOVERY & MOUNT UTILITY ===
Current Node: dios-macbook-air (Mon Jul 27 07:35:12 EEST 2026)
⚠️ Not found locally on dios-macbook-air. Querying Tailscale mesh nodes...
❌ Philips SSD drive not found on local or remote Tailscale nodes.
=== 💾 PHILIPS SSD MULTI-NODE DISCOVERY & MOUNT UTILITY ===
Current Node: dios-macbook-air (Mon Jul 27 07:40:12 EEST 2026)
⚠️ Not found locally on dios-macbook-air. Querying Tailscale mesh nodes...
❌ Philips SSD drive not found on local or remote Tailscale nodes.
=== 💾 PHILIPS SSD MULTI-NODE DISCOVERY & MOUNT UTILITY ===
Current Node: dios-macbook-air (Mon Jul 27 07:45:13 EEST 2026)
⚠️ Not found locally on dios-macbook-air. Querying Tailscale mesh nodes...
❌ Philips SSD drive not found on local or remote Tailscale nodes.
=== 💾 PHILIPS SSD MULTI-NODE DISCOVERY & MOUNT UTILITY ===
Current Node: dios-macbook-air (Mon Jul 27 07:50:14 EEST 2026)
⚠️ Not found locally on dios-macbook-air. Querying Tailscale mesh nodes...
❌ Philips SSD drive not found on local or remote Tailscale nodes.
=== 💾 PHILIPS SSD MULTI-NODE DISCOVERY & MOUNT UTILITY ===
Current Node: dios-macbook-air (Mon Jul 27 07:55:14 EEST 2026)
⚠️ Not found locally on dios-macbook-air. Querying Tailscale mesh nodes...
❌ Philips SSD drive not found on local or remote Tailscale nodes.
=== 💾 PHILIPS SSD MULTI-NODE DISCOVERY & MOUNT UTILITY ===
Current Node: dios-macbook-air (Mon Jul 27 08:00:15 EEST 2026)
⚠️ Not found locally on dios-macbook-air. Querying Tailscale mesh nodes...
❌ Philips SSD drive not found on local or remote Tailscale nodes.
=== 💾 PHILIPS SSD MULTI-NODE DISCOVERY & MOUNT UTILITY ===
Current Node: dios-macbook-air (Mon Jul 27 08:05:15 EEST 2026)
⚠️ Not found locally on dios-macbook-air. Querying Tailscale mesh nodes...
❌ Philips SSD drive not found on local or remote Tailscale nodes.
=== 💾 PHILIPS SSD MULTI-NODE DISCOVERY & MOUNT UTILITY ===
Current Node: dios-macbook-air (Mon Jul 27 08:10:16 EEST 2026)
⚠️ Not found locally on dios-macbook-air. Querying Tailscale mesh nodes...
❌ Philips SSD drive not found on local or remote Tailscale nodes.
=== 💾 PHILIPS SSD MULTI-NODE DISCOVERY & MOUNT UTILITY ===
Current Node: dios-macbook-air (Mon Jul 27 08:15:17 EEST 2026)
⚠️ Not found locally on dios-macbook-air. Querying Tailscale mesh nodes...
❌ Philips SSD drive not found on local or remote Tailscale nodes.
=== 💾 PHILIPS SSD MULTI-NODE DISCOVERY & MOUNT UTILITY ===
Current Node: dios-macbook-air (Mon Jul 27 08:20:18 EEST 2026)
⚠️ Not found locally on dios-macbook-air. Querying Tailscale mesh nodes...
❌ Philips SSD drive not found on local or remote Tailscale nodes.
=== 💾 PHILIPS SSD MULTI-NODE DISCOVERY & MOUNT UTILITY ===
Current Node: dios-macbook-air (Mon Jul 27 08:25:18 EEST 2026)
⚠️ Not found locally on dios-macbook-air. Querying Tailscale mesh nodes...
❌ Philips SSD drive not found on local or remote Tailscale nodes.
=== 💾 PHILIPS SSD MULTI-NODE DISCOVERY & MOUNT UTILITY ===
Current Node: dios-macbook-air (Mon Jul 27 08:30:19 EEST 2026)
⚠️ Not found locally on dios-macbook-air. Querying Tailscale mesh nodes...
❌ Philips SSD drive not found on local or remote Tailscale nodes.
=== 💾 PHILIPS SSD MULTI-NODE DISCOVERY & MOUNT UTILITY ===
Current Node: dios-macbook-air (Mon Jul 27 08:35:21 EEST 2026)
⚠️ Not found locally on dios-macbook-air. Querying Tailscale mesh nodes...
❌ Philips SSD drive not found on local or remote Tailscale nodes.
=== 💾 PHILIPS SSD MULTI-NODE DISCOVERY & MOUNT UTILITY ===
Current Node: dios-macbook-air (Mon Jul 27 08:40:21 EEST 2026)
⚠️ Not found locally on dios-macbook-air. Querying Tailscale mesh nodes...
❌ Philips SSD drive not found on local or remote Tailscale nodes.
=== 💾 PHILIPS SSD MULTI-NODE DISCOVERY & MOUNT UTILITY ===
Current Node: dios-macbook-air (Mon Jul 27 08:45:22 EEST 2026)
⚠️ Not found locally on dios-macbook-air. Querying Tailscale mesh nodes...
❌ Philips SSD drive not found on local or remote Tailscale nodes.
=== 💾 PHILIPS SSD MULTI-NODE DISCOVERY & MOUNT UTILITY ===
Current Node: dios-macbook-air (Mon Jul 27 08:50:23 EEST 2026)
⚠️ Not found locally on dios-macbook-air. Querying Tailscale mesh nodes...
❌ Philips SSD drive not found on local or remote Tailscale nodes.
=== 💾 PHILIPS SSD MULTI-NODE DISCOVERY & MOUNT UTILITY ===
Current Node: dios-macbook-air (Mon Jul 27 08:55:23 EEST 2026)
⚠️ Not found locally on dios-macbook-air. Querying Tailscale mesh nodes...
❌ Philips SSD drive not found on local or remote Tailscale nodes.
=== 💾 PHILIPS SSD MULTI-NODE DISCOVERY & MOUNT UTILITY ===
Current Node: dios-macbook-air (Mon Jul 27 09:00:24 EEST 2026)
⚠️ Not found locally on dios-macbook-air. Querying Tailscale mesh nodes...
❌ Philips SSD drive not found on local or remote Tailscale nodes.
=== 💾 PHILIPS SSD MULTI-NODE DISCOVERY & MOUNT UTILITY ===
Current Node: dios-macbook-air (Mon Jul 27 09:05:25 EEST 2026)
⚠️ Not found locally on dios-macbook-air. Querying Tailscale mesh nodes...
❌ Philips SSD drive not found on local or remote Tailscale nodes.
=== 💾 PHILIPS SSD MULTI-NODE DISCOVERY & MOUNT UTILITY ===
Current Node: dios-macbook-air (Mon Jul 27 09:10:25 EEST 2026)
⚠️ Not found locally on dios-macbook-air. Querying Tailscale mesh nodes...
❌ Philips SSD drive not found on local or remote Tailscale nodes.
=== 💾 PHILIPS SSD MULTI-NODE DISCOVERY & MOUNT UTILITY ===
Current Node: dios-macbook-air (Mon Jul 27 09:15:26 EEST 2026)
⚠️ Not found locally on dios-macbook-air. Querying Tailscale mesh nodes...
❌ Philips SSD drive not found on local or remote Tailscale nodes.
=== 💾 PHILIPS SSD MULTI-NODE DISCOVERY & MOUNT UTILITY ===
Current Node: dios-macbook-air (Mon Jul 27 09:20:27 EEST 2026)
⚠️ Not found locally on dios-macbook-air. Querying Tailscale mesh nodes...
❌ Philips SSD drive not found on local or remote Tailscale nodes.
=== 💾 PHILIPS SSD MULTI-NODE DISCOVERY & MOUNT UTILITY ===
Current Node: dios-macbook-air (Mon Jul 27 09:25:28 EEST 2026)
⚠️ Not found locally on dios-macbook-air. Querying Tailscale mesh nodes...
❌ Philips SSD drive not found on local or remote Tailscale nodes.
=== 💾 PHILIPS SSD MULTI-NODE DISCOVERY & MOUNT UTILITY ===
Current Node: dios-macbook-air (Mon Jul 27 09:30:28 EEST 2026)
⚠️ Not found locally on dios-macbook-air. Querying Tailscale mesh nodes...
❌ Philips SSD drive not found on local or remote Tailscale nodes.
=== 💾 PHILIPS SSD MULTI-NODE DISCOVERY & MOUNT UTILITY ===
Current Node: dios-macbook-air (Mon Jul 27 09:35:29 EEST 2026)
⚠️ Not found locally on dios-macbook-air. Querying Tailscale mesh nodes...
❌ Philips SSD drive not found on local or remote Tailscale nodes.
=== 💾 PHILIPS SSD MULTI-NODE DISCOVERY & MOUNT UTILITY ===
Current Node: dios-macbook-air (Mon Jul 27 09:40:30 EEST 2026)
⚠️ Not found locally on dios-macbook-air. Querying Tailscale mesh nodes...
❌ Philips SSD drive not found on local or remote Tailscale nodes.
=== 💾 PHILIPS SSD MULTI-NODE DISCOVERY & MOUNT UTILITY ===
Current Node: dios-macbook-air (Mon Jul 27 09:45:30 EEST 2026)
⚠️ Not found locally on dios-macbook-air. Querying Tailscale mesh nodes...
❌ Philips SSD drive not found on local or remote Tailscale nodes.
=== 💾 PHILIPS SSD MULTI-NODE DISCOVERY & MOUNT UTILITY ===
Current Node: dios-macbook-air (Mon Jul 27 09:50:31 EEST 2026)
⚠️ Not found locally on dios-macbook-air. Querying Tailscale mesh nodes...
❌ Philips SSD drive not found on local or remote Tailscale nodes.
=== 💾 PHILIPS SSD MULTI-NODE DISCOVERY & MOUNT UTILITY ===
Current Node: dios-macbook-air (Mon Jul 27 09:55:32 EEST 2026)
⚠️ Not found locally on dios-macbook-air. Querying Tailscale mesh nodes...
❌ Philips SSD drive not found on local or remote Tailscale nodes.
=== 💾 PHILIPS SSD MULTI-NODE DISCOVERY & MOUNT UTILITY ===
Current Node: dios-macbook-air (Mon Jul 27 10:00:32 EEST 2026)
⚠️ Not found locally on dios-macbook-air. Querying Tailscale mesh nodes...
❌ Philips SSD drive not found on local or remote Tailscale nodes.
=== 💾 PHILIPS SSD MULTI-NODE DISCOVERY & MOUNT UTILITY ===
Current Node: dios-macbook-air (Mon Jul 27 10:05:33 EEST 2026)
⚠️ Not found locally on dios-macbook-air. Querying Tailscale mesh nodes...
❌ Philips SSD drive not found on local or remote Tailscale nodes.
=== 💾 PHILIPS SSD MULTI-NODE DISCOVERY & MOUNT UTILITY ===
Current Node: dios-macbook-air (Mon Jul 27 10:10:34 EEST 2026)
⚠️ Not found locally on dios-macbook-air. Querying Tailscale mesh nodes...
❌ Philips SSD drive not found on local or remote Tailscale nodes.
=== 💾 PHILIPS SSD MULTI-NODE DISCOVERY & MOUNT UTILITY ===
Current Node: dios-macbook-air (Mon Jul 27 10:15:34 EEST 2026)
⚠️ Not found locally on dios-macbook-air. Querying Tailscale mesh nodes...
❌ Philips SSD drive not found on local or remote Tailscale nodes.
=== 💾 PHILIPS SSD MULTI-NODE DISCOVERY & MOUNT UTILITY ===
Current Node: dios-macbook-air (Mon Jul 27 10:20:35 EEST 2026)
⚠️ Not found locally on dios-macbook-air. Querying Tailscale mesh nodes...
❌ Philips SSD drive not found on local or remote Tailscale nodes.
=== 💾 PHILIPS SSD MULTI-NODE DISCOVERY & MOUNT UTILITY ===
Current Node: dios-macbook-air (Mon Jul 27 10:25:36 EEST 2026)
⚠️ Not found locally on dios-macbook-air. Querying Tailscale mesh nodes...
❌ Philips SSD drive not found on local or remote Tailscale nodes.
=== 💾 PHILIPS SSD MULTI-NODE DISCOVERY & MOUNT UTILITY ===
Current Node: dios-macbook-air (Mon Jul 27 10:30:36 EEST 2026)
⚠️ Not found locally on dios-macbook-air. Querying Tailscale mesh nodes...
❌ Philips SSD drive not found on local or remote Tailscale nodes.
=== 💾 PHILIPS SSD MULTI-NODE DISCOVERY & MOUNT UTILITY ===
Current Node: dios-macbook-air (Mon Jul 27 10:35:37 EEST 2026)
⚠️ Not found locally on dios-macbook-air. Querying Tailscale mesh nodes...
❌ Philips SSD drive not found on local or remote Tailscale nodes.
=== 💾 PHILIPS SSD MULTI-NODE DISCOVERY & MOUNT UTILITY ===
Current Node: dios-macbook-air (Mon Jul 27 10:40:38 EEST 2026)
⚠️ Not found locally on dios-macbook-air. Querying Tailscale mesh nodes...
❌ Philips SSD drive not found on local or remote Tailscale nodes.
=== 💾 PHILIPS SSD MULTI-NODE DISCOVERY & MOUNT UTILITY ===
Current Node: dios-macbook-air (Mon Jul 27 10:45:38 EEST 2026)
⚠️ Not found locally on dios-macbook-air. Querying Tailscale mesh nodes...
❌ Philips SSD drive not found on local or remote Tailscale nodes.
=== 💾 PHILIPS SSD MULTI-NODE DISCOVERY & MOUNT UTILITY ===
Current Node: dios-macbook-air (Mon Jul 27 10:50:39 EEST 2026)
⚠️ Not found locally on dios-macbook-air. Querying Tailscale mesh nodes...
❌ Philips SSD drive not found on local or remote Tailscale nodes.
=== 💾 PHILIPS SSD MULTI-NODE DISCOVERY & MOUNT UTILITY ===
Current Node: dios-macbook-air (Mon Jul 27 10:55:39 EEST 2026)
⚠️ Not found locally on dios-macbook-air. Querying Tailscale mesh nodes...
❌ Philips SSD drive not found on local or remote Tailscale nodes.
=== 💾 PHILIPS SSD MULTI-NODE DISCOVERY & MOUNT UTILITY ===
Current Node: dios-macbook-air (Mon Jul 27 11:00:40 EEST 2026)
⚠️ Not found locally on dios-macbook-air. Querying Tailscale mesh nodes...
❌ Philips SSD drive not found on local or remote Tailscale nodes.
=== 💾 PHILIPS SSD MULTI-NODE DISCOVERY & MOUNT UTILITY ===
Current Node: dios-macbook-air (Mon Jul 27 11:05:41 EEST 2026)
⚠️ Not found locally on dios-macbook-air. Querying Tailscale mesh nodes...
❌ Philips SSD drive not found on local or remote Tailscale nodes.
=== 💾 PHILIPS SSD MULTI-NODE DISCOVERY & MOUNT UTILITY ===
Current Node: dios-macbook-air (Mon Jul 27 11:10:41 EEST 2026)
⚠️ Not found locally on dios-macbook-air. Querying Tailscale mesh nodes...
❌ Philips SSD drive not found on local or remote Tailscale nodes.
=== 💾 PHILIPS SSD MULTI-NODE DISCOVERY & MOUNT UTILITY ===
Current Node: dios-macbook-air (Mon Jul 27 11:15:42 EEST 2026)
⚠️ Not found locally on dios-macbook-air. Querying Tailscale mesh nodes...
❌ Philips SSD drive not found on local or remote Tailscale nodes.
=== 💾 PHILIPS SSD MULTI-NODE DISCOVERY & MOUNT UTILITY ===
Current Node: dios-macbook-air (Mon Jul 27 11:20:43 EEST 2026)
⚠️ Not found locally on dios-macbook-air. Querying Tailscale mesh nodes...
❌ Philips SSD drive not found on local or remote Tailscale nodes.
=== 💾 PHILIPS SSD MULTI-NODE DISCOVERY & MOUNT UTILITY ===
Current Node: dios-macbook-air (Mon Jul 27 11:25:43 EEST 2026)
⚠️ Not found locally on dios-macbook-air. Querying Tailscale mesh nodes...
❌ Philips SSD drive not found on local or remote Tailscale nodes.
=== 💾 PHILIPS SSD MULTI-NODE DISCOVERY & MOUNT UTILITY ===
Current Node: dios-macbook-air (Mon Jul 27 11:30:44 EEST 2026)
⚠️ Not found locally on dios-macbook-air. Querying Tailscale mesh nodes...
❌ Philips SSD drive not found on local or remote Tailscale nodes.
=== 💾 PHILIPS SSD MULTI-NODE DISCOVERY & MOUNT UTILITY ===
Current Node: dios-macbook-air (Mon Jul 27 11:35:45 EEST 2026)
⚠️ Not found locally on dios-macbook-air. Querying Tailscale mesh nodes...
❌ Philips SSD drive not found on local or remote Tailscale nodes.
=== 💾 PHILIPS SSD MULTI-NODE DISCOVERY & MOUNT UTILITY ===
Current Node: dios-macbook-air (Mon Jul 27 11:40:45 EEST 2026)
⚠️ Not found locally on dios-macbook-air. Querying Tailscale mesh nodes...
❌ Philips SSD drive not found on local or remote Tailscale nodes.
=== 💾 PHILIPS SSD MULTI-NODE DISCOVERY & MOUNT UTILITY ===
Current Node: dios-macbook-air (Mon Jul 27 11:45:46 EEST 2026)
⚠️ Not found locally on dios-macbook-air. Querying Tailscale mesh nodes...
❌ Philips SSD drive not found on local or remote Tailscale nodes.
=== 💾 PHILIPS SSD MULTI-NODE DISCOVERY & MOUNT UTILITY ===
Current Node: dios-macbook-air (Mon Jul 27 11:50:47 EEST 2026)
⚠️ Not found locally on dios-macbook-air. Querying Tailscale mesh nodes...
❌ Philips SSD drive not found on local or remote Tailscale nodes.
=== 💾 PHILIPS SSD MULTI-NODE DISCOVERY & MOUNT UTILITY ===
Current Node: dios-macbook-air (Mon Jul 27 11:55:47 EEST 2026)
⚠️ Not found locally on dios-macbook-air. Querying Tailscale mesh nodes...
❌ Philips SSD drive not found on local or remote Tailscale nodes.
=== 💾 PHILIPS SSD MULTI-NODE DISCOVERY & MOUNT UTILITY ===
Current Node: dios-macbook-air (Mon Jul 27 12:00:48 EEST 2026)
⚠️ Not found locally on dios-macbook-air. Querying Tailscale mesh nodes...
❌ Philips SSD drive not found on local or remote Tailscale nodes.
=== 💾 PHILIPS SSD MULTI-NODE DISCOVERY & MOUNT UTILITY ===
Current Node: dios-macbook-air (Mon Jul 27 12:05:49 EEST 2026)
⚠️ Not found locally on dios-macbook-air. Querying Tailscale mesh nodes...
❌ Philips SSD drive not found on local or remote Tailscale nodes.
=== 💾 PHILIPS SSD MULTI-NODE DISCOVERY & MOUNT UTILITY ===
Current Node: dios-macbook-air (Mon Jul 27 12:10:50 EEST 2026)
⚠️ Not found locally on dios-macbook-air. Querying Tailscale mesh nodes...
❌ Philips SSD drive not found on local or remote Tailscale nodes.
=== 💾 PHILIPS SSD MULTI-NODE DISCOVERY & MOUNT UTILITY ===
Current Node: dios-macbook-air (Mon Jul 27 12:15:50 EEST 2026)
⚠️ Not found locally on dios-macbook-air. Querying Tailscale mesh nodes...
❌ Philips SSD drive not found on local or remote Tailscale nodes.
=== 💾 PHILIPS SSD MULTI-NODE DISCOVERY & MOUNT UTILITY ===
Current Node: dios-macbook-air (Mon Jul 27 12:20:51 EEST 2026)
⚠️ Not found locally on dios-macbook-air. Querying Tailscale mesh nodes...
❌ Philips SSD drive not found on local or remote Tailscale nodes.
=== 💾 PHILIPS SSD MULTI-NODE DISCOVERY & MOUNT UTILITY ===
Current Node: dios-macbook-air (Mon Jul 27 12:25:51 EEST 2026)
⚠️ Not found locally on dios-macbook-air. Querying Tailscale mesh nodes...
❌ Philips SSD drive not found on local or remote Tailscale nodes.
=== 💾 PHILIPS SSD MULTI-NODE DISCOVERY & MOUNT UTILITY ===
Current Node: dios-macbook-air (Mon Jul 27 12:30:52 EEST 2026)
⚠️ Not found locally on dios-macbook-air. Querying Tailscale mesh nodes...
❌ Philips SSD drive not found on local or remote Tailscale nodes.
=== 💾 PHILIPS SSD MULTI-NODE DISCOVERY & MOUNT UTILITY ===
Current Node: dios-macbook-air (Mon Jul 27 12:35:52 EEST 2026)
⚠️ Not found locally on dios-macbook-air. Querying Tailscale mesh nodes...
❌ Philips SSD drive not found on local or remote Tailscale nodes.
=== 💾 PHILIPS SSD MULTI-NODE DISCOVERY & MOUNT UTILITY ===
Current Node: dios-macbook-air (Mon Jul 27 12:40:53 EEST 2026)
⚠️ Not found locally on dios-macbook-air. Querying Tailscale mesh nodes...
❌ Philips SSD drive not found on local or remote Tailscale nodes.
=== 💾 PHILIPS SSD MULTI-NODE DISCOVERY & MOUNT UTILITY ===
Current Node: dios-macbook-air (Mon Jul 27 12:45:54 EEST 2026)
⚠️ Not found locally on dios-macbook-air. Querying Tailscale mesh nodes...
❌ Philips SSD drive not found on local or remote Tailscale nodes.
=== 💾 PHILIPS SSD MULTI-NODE DISCOVERY & MOUNT UTILITY ===
Current Node: dios-macbook-air (Mon Jul 27 12:50:54 EEST 2026)
⚠️ Not found locally on dios-macbook-air. Querying Tailscale mesh nodes...
❌ Philips SSD drive not found on local or remote Tailscale nodes.
=== 💾 PHILIPS SSD MULTI-NODE DISCOVERY & MOUNT UTILITY ===
Current Node: dios-macbook-air (Mon Jul 27 12:55:55 EEST 2026)
⚠️ Not found locally on dios-macbook-air. Querying Tailscale mesh nodes...
❌ Philips SSD drive not found on local or remote Tailscale nodes.
=== 💾 PHILIPS SSD MULTI-NODE DISCOVERY & MOUNT UTILITY ===
Current Node: dios-macbook-air (Mon Jul 27 13:00:55 EEST 2026)
⚠️ Not found locally on dios-macbook-air. Querying Tailscale mesh nodes...
❌ Philips SSD drive not found on local or remote Tailscale nodes.
=== 💾 PHILIPS SSD MULTI-NODE DISCOVERY & MOUNT UTILITY ===
Current Node: dios-macbook-air (Mon Jul 27 13:05:56 EEST 2026)
⚠️ Not found locally on dios-macbook-air. Querying Tailscale mesh nodes...
❌ Philips SSD drive not found on local or remote Tailscale nodes.
=== 💾 PHILIPS SSD MULTI-NODE DISCOVERY & MOUNT UTILITY ===
Current Node: dios-macbook-air (Mon Jul 27 13:10:57 EEST 2026)
⚠️ Not found locally on dios-macbook-air. Querying Tailscale mesh nodes...
❌ Philips SSD drive not found on local or remote Tailscale nodes.
=== 💾 PHILIPS SSD MULTI-NODE DISCOVERY & MOUNT UTILITY ===
Current Node: dios-macbook-air (Mon Jul 27 13:15:58 EEST 2026)
⚠️ Not found locally on dios-macbook-air. Querying Tailscale mesh nodes...
❌ Philips SSD drive not found on local or remote Tailscale nodes.
=== 💾 PHILIPS SSD MULTI-NODE DISCOVERY & MOUNT UTILITY ===
Current Node: dios-macbook-air (Mon Jul 27 13:20:58 EEST 2026)
⚠️ Not found locally on dios-macbook-air. Querying Tailscale mesh nodes...
❌ Philips SSD drive not found on local or remote Tailscale nodes.
=== 💾 PHILIPS SSD MULTI-NODE DISCOVERY & MOUNT UTILITY ===
Current Node: dios-macbook-air (Mon Jul 27 13:25:59 EEST 2026)
⚠️ Not found locally on dios-macbook-air. Querying Tailscale mesh nodes...
❌ Philips SSD drive not found on local or remote Tailscale nodes.
=== 💾 PHILIPS SSD MULTI-NODE DISCOVERY & MOUNT UTILITY ===
Current Node: dios-macbook-air (Mon Jul 27 13:31:00 EEST 2026)
⚠️ Not found locally on dios-macbook-air. Querying Tailscale mesh nodes...
❌ Philips SSD drive not found on local or remote Tailscale nodes.
=== 💾 PHILIPS SSD MULTI-NODE DISCOVERY & MOUNT UTILITY ===
Current Node: dios-macbook-air (Mon Jul 27 13:36:02 EEST 2026)
⚠️ Not found locally on dios-macbook-air. Querying Tailscale mesh nodes...
❌ Philips SSD drive not found on local or remote Tailscale nodes.
=== 💾 PHILIPS SSD MULTI-NODE DISCOVERY & MOUNT UTILITY ===
Current Node: dios-macbook-air (Mon Jul 27 13:41:04 EEST 2026)
⚠️ Not found locally on dios-macbook-air. Querying Tailscale mesh nodes...
❌ Philips SSD drive not found on local or remote Tailscale nodes.
=== 💾 PHILIPS SSD MULTI-NODE DISCOVERY & MOUNT UTILITY ===
Current Node: dios-macbook-air (Mon Jul 27 13:46:05 EEST 2026)
⚠️ Not found locally on dios-macbook-air. Querying Tailscale mesh nodes...
❌ Philips SSD drive not found on local or remote Tailscale nodes.
=== 💾 PHILIPS SSD MULTI-NODE DISCOVERY & MOUNT UTILITY ===
Current Node: dios-macbook-air (Mon Jul 27 13:51:06 EEST 2026)
⚠️ Not found locally on dios-macbook-air. Querying Tailscale mesh nodes...
❌ Philips SSD drive not found on local or remote Tailscale nodes.
=== 💾 PHILIPS SSD MULTI-NODE DISCOVERY & MOUNT UTILITY ===
Current Node: dios-macbook-air (Mon Jul 27 13:56:06 EEST 2026)
⚠️ Not found locally on dios-macbook-air. Querying Tailscale mesh nodes...
❌ Philips SSD drive not found on local or remote Tailscale nodes.
=== 💾 PHILIPS SSD MULTI-NODE DISCOVERY & MOUNT UTILITY ===
Current Node: dios-macbook-air (Mon Jul 27 14:01:07 EEST 2026)
⚠️ Not found locally on dios-macbook-air. Querying Tailscale mesh nodes...
❌ Philips SSD drive not found on local or remote Tailscale nodes.
=== 💾 PHILIPS SSD MULTI-NODE DISCOVERY & MOUNT UTILITY ===
Current Node: dios-macbook-air (Mon Jul 27 14:06:08 EEST 2026)
⚠️ Not found locally on dios-macbook-air. Querying Tailscale mesh nodes...
❌ Philips SSD drive not found on local or remote Tailscale nodes.
=== 💾 PHILIPS SSD MULTI-NODE DISCOVERY & MOUNT UTILITY ===
Current Node: dios-macbook-air (Mon Jul 27 14:11:08 EEST 2026)
⚠️ Not found locally on dios-macbook-air. Querying Tailscale mesh nodes...
❌ Philips SSD drive not found on local or remote Tailscale nodes.
=== 💾 PHILIPS SSD MULTI-NODE DISCOVERY & MOUNT UTILITY ===
Current Node: dios-macbook-air (Mon Jul 27 14:16:09 EEST 2026)
⚠️ Not found locally on dios-macbook-air. Querying Tailscale mesh nodes...
❌ Philips SSD drive not found on local or remote Tailscale nodes.
=== 💾 PHILIPS SSD MULTI-NODE DISCOVERY & MOUNT UTILITY ===
Current Node: dios-macbook-air (Mon Jul 27 14:21:09 EEST 2026)
⚠️ Not found locally on dios-macbook-air. Querying Tailscale mesh nodes...
❌ Philips SSD drive not found on local or remote Tailscale nodes.
=== 💾 PHILIPS SSD MULTI-NODE DISCOVERY & MOUNT UTILITY ===
Current Node: dios-macbook-air (Mon Jul 27 14:26:10 EEST 2026)
⚠️ Not found locally on dios-macbook-air. Querying Tailscale mesh nodes...
❌ Philips SSD drive not found on local or remote Tailscale nodes.
=== 💾 PHILIPS SSD MULTI-NODE DISCOVERY & MOUNT UTILITY ===
Current Node: dios-macbook-air (Mon Jul 27 14:31:11 EEST 2026)
⚠️ Not found locally on dios-macbook-air. Querying Tailscale mesh nodes...
❌ Philips SSD drive not found on local or remote Tailscale nodes.
=== 💾 PHILIPS SSD MULTI-NODE DISCOVERY & MOUNT UTILITY ===
Current Node: dios-macbook-air (Mon Jul 27 14:36:11 EEST 2026)
⚠️ Not found locally on dios-macbook-air. Querying Tailscale mesh nodes...
❌ Philips SSD drive not found on local or remote Tailscale nodes.
=== 💾 PHILIPS SSD MULTI-NODE DISCOVERY & MOUNT UTILITY ===
Current Node: dios-macbook-air (Mon Jul 27 14:41:12 EEST 2026)
⚠️ Not found locally on dios-macbook-air. Querying Tailscale mesh nodes...
❌ Philips SSD drive not found on local or remote Tailscale nodes.
=== 💾 PHILIPS SSD MULTI-NODE DISCOVERY & MOUNT UTILITY ===
Current Node: dios-macbook-air (Mon Jul 27 14:46:13 EEST 2026)
⚠️ Not found locally on dios-macbook-air. Querying Tailscale mesh nodes...
❌ Philips SSD drive not found on local or remote Tailscale nodes.
=== 💾 PHILIPS SSD MULTI-NODE DISCOVERY & MOUNT UTILITY ===
Current Node: dios-macbook-air (Mon Jul 27 14:51:13 EEST 2026)
⚠️ Not found locally on dios-macbook-air. Querying Tailscale mesh nodes...
❌ Philips SSD drive not found on local or remote Tailscale nodes.
=== 💾 PHILIPS SSD MULTI-NODE DISCOVERY & MOUNT UTILITY ===
Current Node: dios-macbook-air (Mon Jul 27 14:56:14 EEST 2026)
⚠️ Not found locally on dios-macbook-air. Querying Tailscale mesh nodes...
❌ Philips SSD drive not found on local or remote Tailscale nodes.
=== 💾 PHILIPS SSD MULTI-NODE DISCOVERY & MOUNT UTILITY ===
Current Node: dios-macbook-air (Mon Jul 27 15:01:15 EEST 2026)
⚠️ Not found locally on dios-macbook-air. Querying Tailscale mesh nodes...
❌ Philips SSD drive not found on local or remote Tailscale nodes.
=== 💾 PHILIPS SSD MULTI-NODE DISCOVERY & MOUNT UTILITY ===
Current Node: dios-macbook-air (Mon Jul 27 15:06:15 EEST 2026)
⚠️ Not found locally on dios-macbook-air. Querying Tailscale mesh nodes...
❌ Philips SSD drive not found on local or remote Tailscale nodes.
=== 💾 PHILIPS SSD MULTI-NODE DISCOVERY & MOUNT UTILITY ===
Current Node: dios-macbook-air (Mon Jul 27 15:11:16 EEST 2026)
⚠️ Not found locally on dios-macbook-air. Querying Tailscale mesh nodes...
❌ Philips SSD drive not found on local or remote Tailscale nodes.
=== 💾 PHILIPS SSD MULTI-NODE DISCOVERY & MOUNT UTILITY ===
Current Node: dios-macbook-air (Mon Jul 27 15:16:17 EEST 2026)
⚠️ Not found locally on dios-macbook-air. Querying Tailscale mesh nodes...
❌ Philips SSD drive not found on local or remote Tailscale nodes.
=== 💾 PHILIPS SSD MULTI-NODE DISCOVERY & MOUNT UTILITY ===
Current Node: dios-macbook-air (Mon Jul 27 15:21:18 EEST 2026)
⚠️ Not found locally on dios-macbook-air. Querying Tailscale mesh nodes...
❌ Philips SSD drive not found on local or remote Tailscale nodes.
=== 💾 PHILIPS SSD MULTI-NODE DISCOVERY & MOUNT UTILITY ===
Current Node: dios-macbook-air (Mon Jul 27 15:26:18 EEST 2026)
⚠️ Not found locally on dios-macbook-air. Querying Tailscale mesh nodes...
❌ Philips SSD drive not found on local or remote Tailscale nodes.
=== 💾 PHILIPS SSD MULTI-NODE DISCOVERY & MOUNT UTILITY ===
Current Node: dios-macbook-air (Mon Jul 27 15:31:19 EEST 2026)
⚠️ Not found locally on dios-macbook-air. Querying Tailscale mesh nodes...
❌ Philips SSD drive not found on local or remote Tailscale nodes.
=== 💾 PHILIPS SSD MULTI-NODE DISCOVERY & MOUNT UTILITY ===
Current Node: dios-macbook-air (Mon Jul 27 15:36:20 EEST 2026)
⚠️ Not found locally on dios-macbook-air. Querying Tailscale mesh nodes...
❌ Philips SSD drive not found on local or remote Tailscale nodes.
=== 💾 PHILIPS SSD MULTI-NODE DISCOVERY & MOUNT UTILITY ===
Current Node: dios-macbook-air (Mon Jul 27 15:41:20 EEST 2026)
⚠️ Not found locally on dios-macbook-air. Querying Tailscale mesh nodes...
❌ Philips SSD drive not found on local or remote Tailscale nodes.
=== 💾 PHILIPS SSD MULTI-NODE DISCOVERY & MOUNT UTILITY ===
Current Node: dios-macbook-air (Mon Jul 27 15:46:21 EEST 2026)
⚠️ Not found locally on dios-macbook-air. Querying Tailscale mesh nodes...
❌ Philips SSD drive not found on local or remote Tailscale nodes.
=== 💾 PHILIPS SSD MULTI-NODE DISCOVERY & MOUNT UTILITY ===
Current Node: dios-macbook-air (Mon Jul 27 15:51:22 EEST 2026)
⚠️ Not found locally on dios-macbook-air. Querying Tailscale mesh nodes...
❌ Philips SSD drive not found on local or remote Tailscale nodes.
=== 💾 PHILIPS SSD MULTI-NODE DISCOVERY & MOUNT UTILITY ===
Current Node: dios-macbook-air (Mon Jul 27 15:56:22 EEST 2026)
⚠️ Not found locally on dios-macbook-air. Querying Tailscale mesh nodes...
❌ Philips SSD drive not found on local or remote Tailscale nodes.
=== 💾 PHILIPS SSD MULTI-NODE DISCOVERY & MOUNT UTILITY ===
Current Node: dios-macbook-air (Mon Jul 27 16:01:23 EEST 2026)
⚠️ Not found locally on dios-macbook-air. Querying Tailscale mesh nodes...
❌ Philips SSD drive not found on local or remote Tailscale nodes.
=== 💾 PHILIPS SSD MULTI-NODE DISCOVERY & MOUNT UTILITY ===
Current Node: dios-macbook-air (Mon Jul 27 16:06:24 EEST 2026)
⚠️ Not found locally on dios-macbook-air. Querying Tailscale mesh nodes...
❌ Philips SSD drive not found on local or remote Tailscale nodes.
=== 💾 PHILIPS SSD MULTI-NODE DISCOVERY & MOUNT UTILITY ===
Current Node: dios-macbook-air (Mon Jul 27 16:11:25 EEST 2026)
⚠️ Not found locally on dios-macbook-air. Querying Tailscale mesh nodes...
❌ Philips SSD drive not found on local or remote Tailscale nodes.
=== 💾 PHILIPS SSD MULTI-NODE DISCOVERY & MOUNT UTILITY ===
Current Node: dios-macbook-air (Mon Jul 27 16:16:25 EEST 2026)
⚠️ Not found locally on dios-macbook-air. Querying Tailscale mesh nodes...
❌ Philips SSD drive not found on local or remote Tailscale nodes.
=== 💾 PHILIPS SSD MULTI-NODE DISCOVERY & MOUNT UTILITY ===
Current Node: dios-macbook-air (Mon Jul 27 16:21:26 EEST 2026)
⚠️ Not found locally on dios-macbook-air. Querying Tailscale mesh nodes...
❌ Philips SSD drive not found on local or remote Tailscale nodes.
=== 💾 PHILIPS SSD MULTI-NODE DISCOVERY & MOUNT UTILITY ===
Current Node: dios-macbook-air (Mon Jul 27 16:26:26 EEST 2026)
⚠️ Not found locally on dios-macbook-air. Querying Tailscale mesh nodes...
❌ Philips SSD drive not found on local or remote Tailscale nodes.
=== 💾 PHILIPS SSD MULTI-NODE DISCOVERY & MOUNT UTILITY ===
Current Node: dios-macbook-air (Mon Jul 27 16:31:27 EEST 2026)
⚠️ Not found locally on dios-macbook-air. Querying Tailscale mesh nodes...
❌ Philips SSD drive not found on local or remote Tailscale nodes.
=== 💾 PHILIPS SSD MULTI-NODE DISCOVERY & MOUNT UTILITY ===
Current Node: dios-macbook-air (Mon Jul 27 16:36:28 EEST 2026)
⚠️ Not found locally on dios-macbook-air. Querying Tailscale mesh nodes...
❌ Philips SSD drive not found on local or remote Tailscale nodes.
=== 💾 PHILIPS SSD MULTI-NODE DISCOVERY & MOUNT UTILITY ===
Current Node: dios-macbook-air (Mon Jul 27 16:41:28 EEST 2026)
⚠️ Not found locally on dios-macbook-air. Querying Tailscale mesh nodes...
❌ Philips SSD drive not found on local or remote Tailscale nodes.
=== 💾 PHILIPS SSD MULTI-NODE DISCOVERY & MOUNT UTILITY ===
Current Node: dios-macbook-air (Mon Jul 27 16:46:29 EEST 2026)
⚠️ Not found locally on dios-macbook-air. Querying Tailscale mesh nodes...
❌ Philips SSD drive not found on local or remote Tailscale nodes.
=== 💾 PHILIPS SSD MULTI-NODE DISCOVERY & MOUNT UTILITY ===
Current Node: dios-macbook-air (Mon Jul 27 16:51:29 EEST 2026)
⚠️ Not found locally on dios-macbook-air. Querying Tailscale mesh nodes...
❌ Philips SSD drive not found on local or remote Tailscale nodes.
=== 💾 PHILIPS SSD MULTI-NODE DISCOVERY & MOUNT UTILITY ===
Current Node: dios-macbook-air (Mon Jul 27 16:56:30 EEST 2026)
⚠️ Not found locally on dios-macbook-air. Querying Tailscale mesh nodes...
❌ Philips SSD drive not found on local or remote Tailscale nodes.
=== 💾 PHILIPS SSD MULTI-NODE DISCOVERY & MOUNT UTILITY ===
Current Node: dios-macbook-air (Mon Jul 27 17:01:31 EEST 2026)
⚠️ Not found locally on dios-macbook-air. Querying Tailscale mesh nodes...
❌ Philips SSD drive not found on local or remote Tailscale nodes.
=== 💾 PHILIPS SSD MULTI-NODE DISCOVERY & MOUNT UTILITY ===
Current Node: dios-macbook-air (Mon Jul 27 17:06:31 EEST 2026)
⚠️ Not found locally on dios-macbook-air. Querying Tailscale mesh nodes...
❌ Philips SSD drive not found on local or remote Tailscale nodes.
=== 💾 PHILIPS SSD MULTI-NODE DISCOVERY & MOUNT UTILITY ===
Current Node: dios-macbook-air (Mon Jul 27 17:11:32 EEST 2026)
⚠️ Not found locally on dios-macbook-air. Querying Tailscale mesh nodes...
❌ Philips SSD drive not found on local or remote Tailscale nodes.
=== 💾 PHILIPS SSD MULTI-NODE DISCOVERY & MOUNT UTILITY ===
Current Node: dios-macbook-air (Mon Jul 27 17:16:33 EEST 2026)
⚠️ Not found locally on dios-macbook-air. Querying Tailscale mesh nodes...
❌ Philips SSD drive not found on local or remote Tailscale nodes.
=== 💾 PHILIPS SSD MULTI-NODE DISCOVERY & MOUNT UTILITY ===
Current Node: dios-macbook-air (Mon Jul 27 17:21:34 EEST 2026)
⚠️ Not found locally on dios-macbook-air. Querying Tailscale mesh nodes...
❌ Philips SSD drive not found on local or remote Tailscale nodes.
=== 💾 PHILIPS SSD MULTI-NODE DISCOVERY & MOUNT UTILITY ===
Current Node: dios-macbook-air (Mon Jul 27 17:26:34 EEST 2026)
⚠️ Not found locally on dios-macbook-air. Querying Tailscale mesh nodes...
❌ Philips SSD drive not found on local or remote Tailscale nodes.
=== 💾 PHILIPS SSD MULTI-NODE DISCOVERY & MOUNT UTILITY ===
Current Node: dios-macbook-air (Mon Jul 27 17:31:35 EEST 2026)
⚠️ Not found locally on dios-macbook-air. Querying Tailscale mesh nodes...
❌ Philips SSD drive not found on local or remote Tailscale nodes.
=== 💾 PHILIPS SSD MULTI-NODE DISCOVERY & MOUNT UTILITY ===
Current Node: dios-macbook-air (Mon Jul 27 17:36:36 EEST 2026)
⚠️ Not found locally on dios-macbook-air. Querying Tailscale mesh nodes...
❌ Philips SSD drive not found on local or remote Tailscale nodes.
=== 💾 PHILIPS SSD MULTI-NODE DISCOVERY & MOUNT UTILITY ===
Current Node: dios-macbook-air (Mon Jul 27 17:41:37 EEST 2026)
⚠️ Not found locally on dios-macbook-air. Querying Tailscale mesh nodes...
❌ Philips SSD drive not found on local or remote Tailscale nodes.
=== 💾 PHILIPS SSD MULTI-NODE DISCOVERY & MOUNT UTILITY ===
Current Node: dios-macbook-air (Mon Jul 27 17:46:38 EEST 2026)
⚠️ Not found locally on dios-macbook-air. Querying Tailscale mesh nodes...
❌ Philips SSD drive not found on local or remote Tailscale nodes.
=== 💾 PHILIPS SSD MULTI-NODE DISCOVERY & MOUNT UTILITY ===
Current Node: dios-macbook-air (Mon Jul 27 17:51:38 EEST 2026)
⚠️ Not found locally on dios-macbook-air. Querying Tailscale mesh nodes...
❌ Philips SSD drive not found on local or remote Tailscale nodes.
=== 💾 PHILIPS SSD MULTI-NODE DISCOVERY & MOUNT UTILITY ===
Current Node: dios-macbook-air (Mon Jul 27 17:56:39 EEST 2026)
⚠️ Not found locally on dios-macbook-air. Querying Tailscale mesh nodes...
❌ Philips SSD drive not found on local or remote Tailscale nodes.
=== 💾 PHILIPS SSD MULTI-NODE DISCOVERY & MOUNT UTILITY ===
Current Node: dios-macbook-air (Mon Jul 27 18:01:39 EEST 2026)
⚠️ Not found locally on dios-macbook-air. Querying Tailscale mesh nodes...
❌ Philips SSD drive not found on local or remote Tailscale nodes.
=== 💾 PHILIPS SSD MULTI-NODE DISCOVERY & MOUNT UTILITY ===
Current Node: dios-macbook-air (Mon Jul 27 18:06:40 EEST 2026)
⚠️ Not found locally on dios-macbook-air. Querying Tailscale mesh nodes...
❌ Philips SSD drive not found on local or remote Tailscale nodes.
=== 💾 PHILIPS SSD MULTI-NODE DISCOVERY & MOUNT UTILITY ===
Current Node: dios-macbook-air (Mon Jul 27 18:11:41 EEST 2026)
⚠️ Not found locally on dios-macbook-air. Querying Tailscale mesh nodes...
❌ Philips SSD drive not found on local or remote Tailscale nodes.
=== 💾 PHILIPS SSD MULTI-NODE DISCOVERY & MOUNT UTILITY ===
Current Node: dios-macbook-air (Mon Jul 27 18:16:41 EEST 2026)
⚠️ Not found locally on dios-macbook-air. Querying Tailscale mesh nodes...
❌ Philips SSD drive not found on local or remote Tailscale nodes.
=== 💾 PHILIPS SSD MULTI-NODE DISCOVERY & MOUNT UTILITY ===
Current Node: dios-macbook-air (Mon Jul 27 18:21:42 EEST 2026)
⚠️ Not found locally on dios-macbook-air. Querying Tailscale mesh nodes...
❌ Philips SSD drive not found on local or remote Tailscale nodes.
=== 💾 PHILIPS SSD MULTI-NODE DISCOVERY & MOUNT UTILITY ===
Current Node: dios-macbook-air (Mon Jul 27 18:26:43 EEST 2026)
⚠️ Not found locally on dios-macbook-air. Querying Tailscale mesh nodes...
❌ Philips SSD drive not found on local or remote Tailscale nodes.
=== 💾 PHILIPS SSD MULTI-NODE DISCOVERY & MOUNT UTILITY ===
Current Node: dios-macbook-air (Mon Jul 27 18:31:43 EEST 2026)
⚠️ Not found locally on dios-macbook-air. Querying Tailscale mesh nodes...
❌ Philips SSD drive not found on local or remote Tailscale nodes.
=== 💾 PHILIPS SSD MULTI-NODE DISCOVERY & MOUNT UTILITY ===
Current Node: dios-macbook-air (Mon Jul 27 18:36:44 EEST 2026)
⚠️ Not found locally on dios-macbook-air. Querying Tailscale mesh nodes...
❌ Philips SSD drive not found on local or remote Tailscale nodes.
=== 💾 PHILIPS SSD MULTI-NODE DISCOVERY & MOUNT UTILITY ===
Current Node: dios-macbook-air (Mon Jul 27 18:41:44 EEST 2026)
⚠️ Not found locally on dios-macbook-air. Querying Tailscale mesh nodes...
❌ Philips SSD drive not found on local or remote Tailscale nodes.
=== 💾 PHILIPS SSD MULTI-NODE DISCOVERY & MOUNT UTILITY ===
Current Node: dios-macbook-air (Mon Jul 27 18:46:45 EEST 2026)
⚠️ Not found locally on dios-macbook-air. Querying Tailscale mesh nodes...
❌ Philips SSD drive not found on local or remote Tailscale nodes.
=== 💾 PHILIPS SSD MULTI-NODE DISCOVERY & MOUNT UTILITY ===
Current Node: dios-macbook-air (Mon Jul 27 18:51:46 EEST 2026)
⚠️ Not found locally on dios-macbook-air. Querying Tailscale mesh nodes...
❌ Philips SSD drive not found on local or remote Tailscale nodes.
=== 💾 PHILIPS SSD MULTI-NODE DISCOVERY & MOUNT UTILITY ===
Current Node: dios-macbook-air (Mon Jul 27 18:56:47 EEST 2026)
⚠️ Not found locally on dios-macbook-air. Querying Tailscale mesh nodes...
❌ Philips SSD drive not found on local or remote Tailscale nodes.
=== 💾 PHILIPS SSD MULTI-NODE DISCOVERY & MOUNT UTILITY ===
Current Node: dios-macbook-air (Mon Jul 27 19:01:47 EEST 2026)
⚠️ Not found locally on dios-macbook-air. Querying Tailscale mesh nodes...
❌ Philips SSD drive not found on local or remote Tailscale nodes.
=== 💾 PHILIPS SSD MULTI-NODE DISCOVERY & MOUNT UTILITY ===
Current Node: dios-macbook-air (Mon Jul 27 19:06:48 EEST 2026)
⚠️ Not found locally on dios-macbook-air. Querying Tailscale mesh nodes...
❌ Philips SSD drive not found on local or remote Tailscale nodes.
=== 💾 PHILIPS SSD MULTI-NODE DISCOVERY & MOUNT UTILITY ===
Current Node: dios-macbook-air (Mon Jul 27 19:11:49 EEST 2026)
⚠️ Not found locally on dios-macbook-air. Querying Tailscale mesh nodes...
❌ Philips SSD drive not found on local or remote Tailscale nodes.
=== 💾 PHILIPS SSD MULTI-NODE DISCOVERY & MOUNT UTILITY ===
Current Node: dios-macbook-air (Mon Jul 27 19:16:49 EEST 2026)
⚠️ Not found locally on dios-macbook-air. Querying Tailscale mesh nodes...
❌ Philips SSD drive not found on local or remote Tailscale nodes.
=== 💾 PHILIPS SSD MULTI-NODE DISCOVERY & MOUNT UTILITY ===
Current Node: dios-macbook-air (Mon Jul 27 19:21:50 EEST 2026)
⚠️ Not found locally on dios-macbook-air. Querying Tailscale mesh nodes...
❌ Philips SSD drive not found on local or remote Tailscale nodes.
=== 💾 PHILIPS SSD MULTI-NODE DISCOVERY & MOUNT UTILITY ===
Current Node: dios-macbook-air (Mon Jul 27 19:26:51 EEST 2026)
⚠️ Not found locally on dios-macbook-air. Querying Tailscale mesh nodes...
❌ Philips SSD drive not found on local or remote Tailscale nodes.
=== 💾 PHILIPS SSD MULTI-NODE DISCOVERY & MOUNT UTILITY ===
Current Node: dios-macbook-air (Mon Jul 27 19:31:51 EEST 2026)
⚠️ Not found locally on dios-macbook-air. Querying Tailscale mesh nodes...
❌ Philips SSD drive not found on local or remote Tailscale nodes.
=== 💾 PHILIPS SSD MULTI-NODE DISCOVERY & MOUNT UTILITY ===
Current Node: dios-macbook-air (Mon Jul 27 19:36:52 EEST 2026)
⚠️ Not found locally on dios-macbook-air. Querying Tailscale mesh nodes...
❌ Philips SSD drive not found on local or remote Tailscale nodes.
=== 💾 PHILIPS SSD MULTI-NODE DISCOVERY & MOUNT UTILITY ===
Current Node: dios-macbook-air (Mon Jul 27 19:41:53 EEST 2026)
⚠️ Not found locally on dios-macbook-air. Querying Tailscale mesh nodes...
❌ Philips SSD drive not found on local or remote Tailscale nodes.
=== 💾 PHILIPS SSD MULTI-NODE DISCOVERY & MOUNT UTILITY ===
Current Node: dios-macbook-air (Mon Jul 27 19:46:53 EEST 2026)
⚠️ Not found locally on dios-macbook-air. Querying Tailscale mesh nodes...
❌ Philips SSD drive not found on local or remote Tailscale nodes.
=== 💾 PHILIPS SSD MULTI-NODE DISCOVERY & MOUNT UTILITY ===
Current Node: dios-macbook-air (Mon Jul 27 19:51:54 EEST 2026)
⚠️ Not found locally on dios-macbook-air. Querying Tailscale mesh nodes...
❌ Philips SSD drive not found on local or remote Tailscale nodes.
=== 💾 PHILIPS SSD MULTI-NODE DISCOVERY & MOUNT UTILITY ===
Current Node: dios-macbook-air (Mon Jul 27 19:56:55 EEST 2026)
⚠️ Not found locally on dios-macbook-air. Querying Tailscale mesh nodes...
❌ Philips SSD drive not found on local or remote Tailscale nodes.
=== 💾 PHILIPS SSD MULTI-NODE DISCOVERY & MOUNT UTILITY ===
Current Node: dios-macbook-air (Mon Jul 27 20:01:56 EEST 2026)
⚠️ Not found locally on dios-macbook-air. Querying Tailscale mesh nodes...
❌ Philips SSD drive not found on local or remote Tailscale nodes.
=== 💾 PHILIPS SSD MULTI-NODE DISCOVERY & MOUNT UTILITY ===
Current Node: dios-macbook-air (Mon Jul 27 20:06:57 EEST 2026)
⚠️ Not found locally on dios-macbook-air. Querying Tailscale mesh nodes...
❌ Philips SSD drive not found on local or remote Tailscale nodes.
=== 💾 PHILIPS SSD MULTI-NODE DISCOVERY & MOUNT UTILITY ===
Current Node: dios-macbook-air (Mon Jul 27 20:11:57 EEST 2026)
⚠️ Not found locally on dios-macbook-air. Querying Tailscale mesh nodes...
❌ Philips SSD drive not found on local or remote Tailscale nodes.
=== 💾 PHILIPS SSD MULTI-NODE DISCOVERY & MOUNT UTILITY ===
Current Node: dios-macbook-air (Mon Jul 27 20:16:58 EEST 2026)
⚠️ Not found locally on dios-macbook-air. Querying Tailscale mesh nodes...
❌ Philips SSD drive not found on local or remote Tailscale nodes.
=== 💾 PHILIPS SSD MULTI-NODE DISCOVERY & MOUNT UTILITY ===
Current Node: dios-macbook-air (Mon Jul 27 20:21:59 EEST 2026)
⚠️ Not found locally on dios-macbook-air. Querying Tailscale mesh nodes...
❌ Philips SSD drive not found on local or remote Tailscale nodes.
=== 💾 PHILIPS SSD MULTI-NODE DISCOVERY & MOUNT UTILITY ===
Current Node: dios-macbook-air (Mon Jul 27 20:26:59 EEST 2026)
⚠️ Not found locally on dios-macbook-air. Querying Tailscale mesh nodes...
❌ Philips SSD drive not found on local or remote Tailscale nodes.
=== 💾 PHILIPS SSD MULTI-NODE DISCOVERY & MOUNT UTILITY ===
Current Node: dios-macbook-air (Mon Jul 27 20:32:00 EEST 2026)
⚠️ Not found locally on dios-macbook-air. Querying Tailscale mesh nodes...
❌ Philips SSD drive not found on local or remote Tailscale nodes.
=== 💾 PHILIPS SSD MULTI-NODE DISCOVERY & MOUNT UTILITY ===
Current Node: dios-macbook-air (Mon Jul 27 20:37:01 EEST 2026)
⚠️ Not found locally on dios-macbook-air. Querying Tailscale mesh nodes...
❌ Philips SSD drive not found on local or remote Tailscale nodes.
=== 💾 PHILIPS SSD MULTI-NODE DISCOVERY & MOUNT UTILITY ===
Current Node: dios-macbook-air (Mon Jul 27 20:42:02 EEST 2026)
⚠️ Not found locally on dios-macbook-air. Querying Tailscale mesh nodes...
❌ Philips SSD drive not found on local or remote Tailscale nodes.
=== 💾 PHILIPS SSD MULTI-NODE DISCOVERY & MOUNT UTILITY ===
Current Node: dios-macbook-air (Mon Jul 27 20:47:02 EEST 2026)
⚠️ Not found locally on dios-macbook-air. Querying Tailscale mesh nodes...
❌ Philips SSD drive not found on local or remote Tailscale nodes.
=== 💾 PHILIPS SSD MULTI-NODE DISCOVERY & MOUNT UTILITY ===
Current Node: dios-macbook-air (Mon Jul 27 20:52:03 EEST 2026)
⚠️ Not found locally on dios-macbook-air. Querying Tailscale mesh nodes...
❌ Philips SSD drive not found on local or remote Tailscale nodes.
=== 💾 PHILIPS SSD MULTI-NODE DISCOVERY & MOUNT UTILITY ===
Current Node: dios-macbook-air (Mon Jul 27 20:57:03 EEST 2026)
⚠️ Not found locally on dios-macbook-air. Querying Tailscale mesh nodes...
❌ Philips SSD drive not found on local or remote Tailscale nodes.
=== 💾 PHILIPS SSD MULTI-NODE DISCOVERY & MOUNT UTILITY ===
Current Node: dios-macbook-air (Mon Jul 27 21:02:04 EEST 2026)
⚠️ Not found locally on dios-macbook-air. Querying Tailscale mesh nodes...
❌ Philips SSD drive not found on local or remote Tailscale nodes.
=== 💾 PHILIPS SSD MULTI-NODE DISCOVERY & MOUNT UTILITY ===
Current Node: dios-macbook-air (Mon Jul 27 21:07:05 EEST 2026)
⚠️ Not found locally on dios-macbook-air. Querying Tailscale mesh nodes...
❌ Philips SSD drive not found on local or remote Tailscale nodes.
=== 💾 PHILIPS SSD MULTI-NODE DISCOVERY & MOUNT UTILITY ===
Current Node: dios-macbook-air (Mon Jul 27 21:12:05 EEST 2026)
⚠️ Not found locally on dios-macbook-air. Querying Tailscale mesh nodes...
❌ Philips SSD drive not found on local or remote Tailscale nodes.
=== 💾 PHILIPS SSD MULTI-NODE DISCOVERY & MOUNT UTILITY ===
Current Node: dios-macbook-air (Mon Jul 27 21:17:06 EEST 2026)
⚠️ Not found locally on dios-macbook-air. Querying Tailscale mesh nodes...
❌ Philips SSD drive not found on local or remote Tailscale nodes.
=== 💾 PHILIPS SSD MULTI-NODE DISCOVERY & MOUNT UTILITY ===
Current Node: dios-macbook-air (Mon Jul 27 21:22:06 EEST 2026)
⚠️ Not found locally on dios-macbook-air. Querying Tailscale mesh nodes...
❌ Philips SSD drive not found on local or remote Tailscale nodes.
=== 💾 PHILIPS SSD MULTI-NODE DISCOVERY & MOUNT UTILITY ===
Current Node: dios-macbook-air (Mon Jul 27 21:27:07 EEST 2026)
⚠️ Not found locally on dios-macbook-air. Querying Tailscale mesh nodes...
❌ Philips SSD drive not found on local or remote Tailscale nodes.
=== 💾 PHILIPS SSD MULTI-NODE DISCOVERY & MOUNT UTILITY ===
Current Node: dios-macbook-air (Mon Jul 27 21:32:09 EEST 2026)
⚠️ Not found locally on dios-macbook-air. Querying Tailscale mesh nodes...
❌ Philips SSD drive not found on local or remote Tailscale nodes.
=== 💾 PHILIPS SSD MULTI-NODE DISCOVERY & MOUNT UTILITY ===
Current Node: dios-macbook-air (Mon Jul 27 21:37:11 EEST 2026)
⚠️ Not found locally on dios-macbook-air. Querying Tailscale mesh nodes...
❌ Philips SSD drive not found on local or remote Tailscale nodes.
=== 💾 PHILIPS SSD MULTI-NODE DISCOVERY & MOUNT UTILITY ===
Current Node: dios-macbook-air (Mon Jul 27 21:42:11 EEST 2026)
⚠️ Not found locally on dios-macbook-air. Querying Tailscale mesh nodes...
❌ Philips SSD drive not found on local or remote Tailscale nodes.
=== 💾 PHILIPS SSD MULTI-NODE DISCOVERY & MOUNT UTILITY ===
Current Node: dios-macbook-air (Mon Jul 27 21:47:12 EEST 2026)
⚠️ Not found locally on dios-macbook-air. Querying Tailscale mesh nodes...
❌ Philips SSD drive not found on local or remote Tailscale nodes.
=== 💾 PHILIPS SSD MULTI-NODE DISCOVERY & MOUNT UTILITY ===
Current Node: dios-macbook-air (Mon Jul 27 21:52:12 EEST 2026)
⚠️ Not found locally on dios-macbook-air. Querying Tailscale mesh nodes...
❌ Philips SSD drive not found on local or remote Tailscale nodes.
=== 💾 PHILIPS SSD MULTI-NODE DISCOVERY & MOUNT UTILITY ===
Current Node: dios-macbook-air (Mon Jul 27 21:57:13 EEST 2026)
⚠️ Not found locally on dios-macbook-air. Querying Tailscale mesh nodes...
❌ Philips SSD drive not found on local or remote Tailscale nodes.
=== 💾 PHILIPS SSD MULTI-NODE DISCOVERY & MOUNT UTILITY ===
Current Node: dios-macbook-air (Mon Jul 27 22:02:13 EEST 2026)
⚠️ Not found locally on dios-macbook-air. Querying Tailscale mesh nodes...
❌ Philips SSD drive not found on local or remote Tailscale nodes.
=== 💾 PHILIPS SSD MULTI-NODE DISCOVERY & MOUNT UTILITY ===
Current Node: dios-macbook-air (Mon Jul 27 22:07:14 EEST 2026)
⚠️ Not found locally on dios-macbook-air. Querying Tailscale mesh nodes...
❌ Philips SSD drive not found on local or remote Tailscale nodes.
=== 💾 PHILIPS SSD MULTI-NODE DISCOVERY & MOUNT UTILITY ===
Current Node: dios-macbook-air (Mon Jul 27 22:12:14 EEST 2026)
⚠️ Not found locally on dios-macbook-air. Querying Tailscale mesh nodes...
❌ Philips SSD drive not found on local or remote Tailscale nodes.
=== 💾 PHILIPS SSD MULTI-NODE DISCOVERY & MOUNT UTILITY ===
Current Node: dios-macbook-air (Mon Jul 27 22:17:15 EEST 2026)
⚠️ Not found locally on dios-macbook-air. Querying Tailscale mesh nodes...
❌ Philips SSD drive not found on local or remote Tailscale nodes.
=== 💾 PHILIPS SSD MULTI-NODE DISCOVERY & MOUNT UTILITY ===
Current Node: dios-macbook-air (Mon Jul 27 22:22:15 EEST 2026)
⚠️ Not found locally on dios-macbook-air. Querying Tailscale mesh nodes...
❌ Philips SSD drive not found on local or remote Tailscale nodes.
=== 💾 PHILIPS SSD MULTI-NODE DISCOVERY & MOUNT UTILITY ===
Current Node: dios-macbook-air (Mon Jul 27 22:27:17 EEST 2026)
⚠️ Not found locally on dios-macbook-air. Querying Tailscale mesh nodes...
❌ Philips SSD drive not found on local or remote Tailscale nodes.
=== 💾 PHILIPS SSD MULTI-NODE DISCOVERY & MOUNT UTILITY ===
Current Node: dios-macbook-air (Mon Jul 27 22:32:18 EEST 2026)
⚠️ Not found locally on dios-macbook-air. Querying Tailscale mesh nodes...
❌ Philips SSD drive not found on local or remote Tailscale nodes.
=== 💾 PHILIPS SSD MULTI-NODE DISCOVERY & MOUNT UTILITY ===
Current Node: dios-macbook-air (Mon Jul 27 22:37:19 EEST 2026)
⚠️ Not found locally on dios-macbook-air. Querying Tailscale mesh nodes...
❌ Philips SSD drive not found on local or remote Tailscale nodes.
=== 💾 PHILIPS SSD MULTI-NODE DISCOVERY & MOUNT UTILITY ===
Current Node: dios-macbook-air (Mon Jul 27 22:42:20 EEST 2026)
⚠️ Not found locally on dios-macbook-air. Querying Tailscale mesh nodes...
❌ Philips SSD drive not found on local or remote Tailscale nodes.
=== 💾 PHILIPS SSD MULTI-NODE DISCOVERY & MOUNT UTILITY ===
Current Node: dios-macbook-air (Mon Jul 27 22:47:20 EEST 2026)
⚠️ Not found locally on dios-macbook-air. Querying Tailscale mesh nodes...
❌ Philips SSD drive not found on local or remote Tailscale nodes.
=== 💾 PHILIPS SSD MULTI-NODE DISCOVERY & MOUNT UTILITY ===
Current Node: dios-macbook-air (Mon Jul 27 22:52:21 EEST 2026)
⚠️ Not found locally on dios-macbook-air. Querying Tailscale mesh nodes...
❌ Philips SSD drive not found on local or remote Tailscale nodes.
=== 💾 PHILIPS SSD MULTI-NODE DISCOVERY & MOUNT UTILITY ===
Current Node: dios-macbook-air (Mon Jul 27 22:57:21 EEST 2026)
⚠️ Not found locally on dios-macbook-air. Querying Tailscale mesh nodes...
❌ Philips SSD drive not found on local or remote Tailscale nodes.
=== 💾 PHILIPS SSD MULTI-NODE DISCOVERY & MOUNT UTILITY ===
Current Node: dios-macbook-air (Mon Jul 27 23:02:22 EEST 2026)
⚠️ Not found locally on dios-macbook-air. Querying Tailscale mesh nodes...
❌ Philips SSD drive not found on local or remote Tailscale nodes.
=== 💾 PHILIPS SSD MULTI-NODE DISCOVERY & MOUNT UTILITY ===
Current Node: dios-macbook-air (Mon Jul 27 23:07:22 EEST 2026)
⚠️ Not found locally on dios-macbook-air. Querying Tailscale mesh nodes...
❌ Philips SSD drive not found on local or remote Tailscale nodes.
=== 💾 PHILIPS SSD MULTI-NODE DISCOVERY & MOUNT UTILITY ===
Current Node: dios-macbook-air (Mon Jul 27 23:12:23 EEST 2026)
⚠️ Not found locally on dios-macbook-air. Querying Tailscale mesh nodes...
❌ Philips SSD drive not found on local or remote Tailscale nodes.
=== 💾 PHILIPS SSD MULTI-NODE DISCOVERY & MOUNT UTILITY ===
Current Node: dios-macbook-air (Mon Jul 27 23:17:24 EEST 2026)
⚠️ Not found locally on dios-macbook-air. Querying Tailscale mesh nodes...
❌ Philips SSD drive not found on local or remote Tailscale nodes.
=== 💾 PHILIPS SSD MULTI-NODE DISCOVERY & MOUNT UTILITY ===
Current Node: dios-macbook-air (Mon Jul 27 23:22:24 EEST 2026)
⚠️ Not found locally on dios-macbook-air. Querying Tailscale mesh nodes...
❌ Philips SSD drive not found on local or remote Tailscale nodes.
=== 💾 PHILIPS SSD MULTI-NODE DISCOVERY & MOUNT UTILITY ===
Current Node: dios-macbook-air (Mon Jul 27 23:27:25 EEST 2026)
⚠️ Not found locally on dios-macbook-air. Querying Tailscale mesh nodes...
❌ Philips SSD drive not found on local or remote Tailscale nodes.
=== 💾 PHILIPS SSD MULTI-NODE DISCOVERY & MOUNT UTILITY ===
Current Node: dios-macbook-air (Mon Jul 27 23:32:25 EEST 2026)
⚠️ Not found locally on dios-macbook-air. Querying Tailscale mesh nodes...
❌ Philips SSD drive not found on local or remote Tailscale nodes.
=== 💾 PHILIPS SSD MULTI-NODE DISCOVERY & MOUNT UTILITY ===
Current Node: dios-macbook-air (Mon Jul 27 23:37:26 EEST 2026)
⚠️ Not found locally on dios-macbook-air. Querying Tailscale mesh nodes...
❌ Philips SSD drive not found on local or remote Tailscale nodes.
=== 💾 PHILIPS SSD MULTI-NODE DISCOVERY & MOUNT UTILITY ===
Current Node: dios-macbook-air (Mon Jul 27 23:42:27 EEST 2026)
⚠️ Not found locally on dios-macbook-air. Querying Tailscale mesh nodes...
❌ Philips SSD drive not found on local or remote Tailscale nodes.
=== 💾 PHILIPS SSD MULTI-NODE DISCOVERY & MOUNT UTILITY ===
Current Node: dios-macbook-air (Mon Jul 27 23:47:27 EEST 2026)
⚠️ Not found locally on dios-macbook-air. Querying Tailscale mesh nodes...
❌ Philips SSD drive not found on local or remote Tailscale nodes.
=== 💾 PHILIPS SSD MULTI-NODE DISCOVERY & MOUNT UTILITY ===
Current Node: dios-macbook-air (Mon Jul 27 23:52:28 EEST 2026)
⚠️ Not found locally on dios-macbook-air. Querying Tailscale mesh nodes...
❌ Philips SSD drive not found on local or remote Tailscale nodes.
=== 💾 PHILIPS SSD MULTI-NODE DISCOVERY & MOUNT UTILITY ===
Current Node: dios-macbook-air (Mon Jul 27 23:57:29 EEST 2026)
⚠️ Not found locally on dios-macbook-air. Querying Tailscale mesh nodes...
❌ Philips SSD drive not found on local or remote Tailscale nodes.
=== 💾 PHILIPS SSD MULTI-NODE DISCOVERY & MOUNT UTILITY ===
Current Node: dios-macbook-air (Tue Jul 28 00:02:29 EEST 2026)
⚠️ Not found locally on dios-macbook-air. Querying Tailscale mesh nodes...
❌ Philips SSD drive not found on local or remote Tailscale nodes.
=== 💾 PHILIPS SSD MULTI-NODE DISCOVERY & MOUNT UTILITY ===
Current Node: dios-macbook-air (Tue Jul 28 00:07:30 EEST 2026)
⚠️ Not found locally on dios-macbook-air. Querying Tailscale mesh nodes...
❌ Philips SSD drive not found on local or remote Tailscale nodes.
=== 💾 PHILIPS SSD MULTI-NODE DISCOVERY & MOUNT UTILITY ===
Current Node: dios-macbook-air (Tue Jul 28 00:12:31 EEST 2026)
⚠️ Not found locally on dios-macbook-air. Querying Tailscale mesh nodes...
❌ Philips SSD drive not found on local or remote Tailscale nodes.
=== 💾 PHILIPS SSD MULTI-NODE DISCOVERY & MOUNT UTILITY ===
Current Node: dios-macbook-air (Tue Jul 28 00:17:31 EEST 2026)
⚠️ Not found locally on dios-macbook-air. Querying Tailscale mesh nodes...
❌ Philips SSD drive not found on local or remote Tailscale nodes.
=== 💾 PHILIPS SSD MULTI-NODE DISCOVERY & MOUNT UTILITY ===
Current Node: dios-macbook-air (Tue Jul 28 00:22:32 EEST 2026)
⚠️ Not found locally on dios-macbook-air. Querying Tailscale mesh nodes...
❌ Philips SSD drive not found on local or remote Tailscale nodes.
=== 💾 PHILIPS SSD MULTI-NODE DISCOVERY & MOUNT UTILITY ===
Current Node: dios-macbook-air (Tue Jul 28 00:27:33 EEST 2026)
⚠️ Not found locally on dios-macbook-air. Querying Tailscale mesh nodes...
❌ Philips SSD drive not found on local or remote Tailscale nodes.
=== 💾 PHILIPS SSD MULTI-NODE DISCOVERY & MOUNT UTILITY ===
Current Node: dios-macbook-air (Tue Jul 28 00:32:33 EEST 2026)
⚠️ Not found locally on dios-macbook-air. Querying Tailscale mesh nodes...
❌ Philips SSD drive not found on local or remote Tailscale nodes.
=== 💾 PHILIPS SSD MULTI-NODE DISCOVERY & MOUNT UTILITY ===
Current Node: dios-macbook-air (Tue Jul 28 00:37:35 EEST 2026)
⚠️ Not found locally on dios-macbook-air. Querying Tailscale mesh nodes...
❌ Philips SSD drive not found on local or remote Tailscale nodes.
=== 💾 PHILIPS SSD MULTI-NODE DISCOVERY & MOUNT UTILITY ===
Current Node: dios-macbook-air (Tue Jul 28 00:42:35 EEST 2026)
⚠️ Not found locally on dios-macbook-air. Querying Tailscale mesh nodes...
❌ Philips SSD drive not found on local or remote Tailscale nodes.
=== 💾 PHILIPS SSD MULTI-NODE DISCOVERY & MOUNT UTILITY ===
Current Node: dios-macbook-air (Tue Jul 28 00:47:36 EEST 2026)
⚠️ Not found locally on dios-macbook-air. Querying Tailscale mesh nodes...
❌ Philips SSD drive not found on local or remote Tailscale nodes.
=== 💾 PHILIPS SSD MULTI-NODE DISCOVERY & MOUNT UTILITY ===
Current Node: dios-macbook-air (Tue Jul 28 00:52:37 EEST 2026)
⚠️ Not found locally on dios-macbook-air. Querying Tailscale mesh nodes...
❌ Philips SSD drive not found on local or remote Tailscale nodes.
=== 💾 PHILIPS SSD MULTI-NODE DISCOVERY & MOUNT UTILITY ===
Current Node: dios-macbook-air (Tue Jul 28 00:57:37 EEST 2026)
⚠️ Not found locally on dios-macbook-air. Querying Tailscale mesh nodes...
❌ Philips SSD drive not found on local or remote Tailscale nodes.
=== 💾 PHILIPS SSD MULTI-NODE DISCOVERY & MOUNT UTILITY ===
Current Node: dios-macbook-air (Tue Jul 28 01:02:38 EEST 2026)
⚠️ Not found locally on dios-macbook-air. Querying Tailscale mesh nodes...
❌ Philips SSD drive not found on local or remote Tailscale nodes.
=== 💾 PHILIPS SSD MULTI-NODE DISCOVERY & MOUNT UTILITY ===
Current Node: dios-macbook-air (Tue Jul 28 01:07:39 EEST 2026)
⚠️ Not found locally on dios-macbook-air. Querying Tailscale mesh nodes...
❌ Philips SSD drive not found on local or remote Tailscale nodes.
=== 💾 PHILIPS SSD MULTI-NODE DISCOVERY & MOUNT UTILITY ===
Current Node: dios-macbook-air (Tue Jul 28 01:12:40 EEST 2026)
⚠️ Not found locally on dios-macbook-air. Querying Tailscale mesh nodes...
❌ Philips SSD drive not found on local or remote Tailscale nodes.
=== 💾 PHILIPS SSD MULTI-NODE DISCOVERY & MOUNT UTILITY ===
Current Node: dios-macbook-air (Tue Jul 28 01:17:40 EEST 2026)
⚠️ Not found locally on dios-macbook-air. Querying Tailscale mesh nodes...
❌ Philips SSD drive not found on local or remote Tailscale nodes.
=== 💾 PHILIPS SSD MULTI-NODE DISCOVERY & MOUNT UTILITY ===
Current Node: dios-macbook-air (Tue Jul 28 01:22:41 EEST 2026)
⚠️ Not found locally on dios-macbook-air. Querying Tailscale mesh nodes...
❌ Philips SSD drive not found on local or remote Tailscale nodes.
=== 💾 PHILIPS SSD MULTI-NODE DISCOVERY & MOUNT UTILITY ===
Current Node: dios-macbook-air (Tue Jul 28 01:27:41 EEST 2026)
⚠️ Not found locally on dios-macbook-air. Querying Tailscale mesh nodes...
❌ Philips SSD drive not found on local or remote Tailscale nodes.
=== 💾 PHILIPS SSD MULTI-NODE DISCOVERY & MOUNT UTILITY ===
Current Node: dios-macbook-air (Tue Jul 28 01:32:42 EEST 2026)
⚠️ Not found locally on dios-macbook-air. Querying Tailscale mesh nodes...
❌ Philips SSD drive not found on local or remote Tailscale nodes.
=== 💾 PHILIPS SSD MULTI-NODE DISCOVERY & MOUNT UTILITY ===
Current Node: dios-macbook-air (Tue Jul 28 01:37:42 EEST 2026)
⚠️ Not found locally on dios-macbook-air. Querying Tailscale mesh nodes...
❌ Philips SSD drive not found on local or remote Tailscale nodes.
=== 💾 PHILIPS SSD MULTI-NODE DISCOVERY & MOUNT UTILITY ===
Current Node: dios-macbook-air (Tue Jul 28 01:42:43 EEST 2026)
⚠️ Not found locally on dios-macbook-air. Querying Tailscale mesh nodes...
❌ Philips SSD drive not found on local or remote Tailscale nodes.
=== 💾 PHILIPS SSD MULTI-NODE DISCOVERY & MOUNT UTILITY ===
Current Node: dios-macbook-air (Tue Jul 28 01:47:43 EEST 2026)
⚠️ Not found locally on dios-macbook-air. Querying Tailscale mesh nodes...
❌ Philips SSD drive not found on local or remote Tailscale nodes.
=== 💾 PHILIPS SSD MULTI-NODE DISCOVERY & MOUNT UTILITY ===
Current Node: dios-macbook-air (Tue Jul 28 01:52:44 EEST 2026)
⚠️ Not found locally on dios-macbook-air. Querying Tailscale mesh nodes...
❌ Philips SSD drive not found on local or remote Tailscale nodes.
=== 💾 PHILIPS SSD MULTI-NODE DISCOVERY & MOUNT UTILITY ===
Current Node: dios-macbook-air (Tue Jul 28 01:57:44 EEST 2026)
⚠️ Not found locally on dios-macbook-air. Querying Tailscale mesh nodes...
❌ Philips SSD drive not found on local or remote Tailscale nodes.
=== 💾 PHILIPS SSD MULTI-NODE DISCOVERY & MOUNT UTILITY ===
Current Node: dios-macbook-air (Tue Jul 28 02:02:45 EEST 2026)
⚠️ Not found locally on dios-macbook-air. Querying Tailscale mesh nodes...
❌ Philips SSD drive not found on local or remote Tailscale nodes.
=== 💾 PHILIPS SSD MULTI-NODE DISCOVERY & MOUNT UTILITY ===
Current Node: dios-macbook-air (Tue Jul 28 02:07:45 EEST 2026)
⚠️ Not found locally on dios-macbook-air. Querying Tailscale mesh nodes...
❌ Philips SSD drive not found on local or remote Tailscale nodes.
=== 💾 PHILIPS SSD MULTI-NODE DISCOVERY & MOUNT UTILITY ===
Current Node: dios-macbook-air (Tue Jul 28 02:12:46 EEST 2026)
⚠️ Not found locally on dios-macbook-air. Querying Tailscale mesh nodes...
❌ Philips SSD drive not found on local or remote Tailscale nodes.
=== 💾 PHILIPS SSD MULTI-NODE DISCOVERY & MOUNT UTILITY ===
Current Node: dios-macbook-air (Tue Jul 28 02:17:47 EEST 2026)
⚠️ Not found locally on dios-macbook-air. Querying Tailscale mesh nodes...
❌ Philips SSD drive not found on local or remote Tailscale nodes.
=== 💾 PHILIPS SSD MULTI-NODE DISCOVERY & MOUNT UTILITY ===
Current Node: dios-macbook-air (Tue Jul 28 02:22:47 EEST 2026)
⚠️ Not found locally on dios-macbook-air. Querying Tailscale mesh nodes...
❌ Philips SSD drive not found on local or remote Tailscale nodes.
=== 💾 PHILIPS SSD MULTI-NODE DISCOVERY & MOUNT UTILITY ===
Current Node: dios-macbook-air (Tue Jul 28 02:27:48 EEST 2026)
⚠️ Not found locally on dios-macbook-air. Querying Tailscale mesh nodes...
❌ Philips SSD drive not found on local or remote Tailscale nodes.
=== 💾 PHILIPS SSD MULTI-NODE DISCOVERY & MOUNT UTILITY ===
Current Node: dios-macbook-air (Tue Jul 28 02:32:48 EEST 2026)
⚠️ Not found locally on dios-macbook-air. Querying Tailscale mesh nodes...
❌ Philips SSD drive not found on local or remote Tailscale nodes.
=== 💾 PHILIPS SSD MULTI-NODE DISCOVERY & MOUNT UTILITY ===
Current Node: dios-macbook-air (Tue Jul 28 02:37:49 EEST 2026)
⚠️ Not found locally on dios-macbook-air. Querying Tailscale mesh nodes...
❌ Philips SSD drive not found on local or remote Tailscale nodes.
=== 💾 PHILIPS SSD MULTI-NODE DISCOVERY & MOUNT UTILITY ===
Current Node: dios-macbook-air (Tue Jul 28 02:42:49 EEST 2026)
⚠️ Not found locally on dios-macbook-air. Querying Tailscale mesh nodes...
❌ Philips SSD drive not found on local or remote Tailscale nodes.
=== 💾 PHILIPS SSD MULTI-NODE DISCOVERY & MOUNT UTILITY ===
Current Node: dios-macbook-air (Tue Jul 28 02:47:50 EEST 2026)
⚠️ Not found locally on dios-macbook-air. Querying Tailscale mesh nodes...
❌ Philips SSD drive not found on local or remote Tailscale nodes.
=== 💾 PHILIPS SSD MULTI-NODE DISCOVERY & MOUNT UTILITY ===
Current Node: dios-macbook-air (Tue Jul 28 02:52:51 EEST 2026)
⚠️ Not found locally on dios-macbook-air. Querying Tailscale mesh nodes...
❌ Philips SSD drive not found on local or remote Tailscale nodes.
=== 💾 PHILIPS SSD MULTI-NODE DISCOVERY & MOUNT UTILITY ===
Current Node: dios-macbook-air (Tue Jul 28 02:57:51 EEST 2026)
⚠️ Not found locally on dios-macbook-air. Querying Tailscale mesh nodes...
❌ Philips SSD drive not found on local or remote Tailscale nodes.
=== 💾 PHILIPS SSD MULTI-NODE DISCOVERY & MOUNT UTILITY ===
Current Node: dios-macbook-air (Tue Jul 28 03:02:52 EEST 2026)
⚠️ Not found locally on dios-macbook-air. Querying Tailscale mesh nodes...
❌ Philips SSD drive not found on local or remote Tailscale nodes.
=== 💾 PHILIPS SSD MULTI-NODE DISCOVERY & MOUNT UTILITY ===
Current Node: dios-macbook-air (Tue Jul 28 03:07:52 EEST 2026)
⚠️ Not found locally on dios-macbook-air. Querying Tailscale mesh nodes...
❌ Philips SSD drive not found on local or remote Tailscale nodes.
=== 💾 PHILIPS SSD MULTI-NODE DISCOVERY & MOUNT UTILITY ===
Current Node: dios-macbook-air (Tue Jul 28 03:12:53 EEST 2026)
⚠️ Not found locally on dios-macbook-air. Querying Tailscale mesh nodes...
❌ Philips SSD drive not found on local or remote Tailscale nodes.
=== 💾 PHILIPS SSD MULTI-NODE DISCOVERY & MOUNT UTILITY ===
Current Node: dios-macbook-air (Tue Jul 28 03:17:53 EEST 2026)
⚠️ Not found locally on dios-macbook-air. Querying Tailscale mesh nodes...
❌ Philips SSD drive not found on local or remote Tailscale nodes.
=== 💾 PHILIPS SSD MULTI-NODE DISCOVERY & MOUNT UTILITY ===
Current Node: dios-macbook-air (Tue Jul 28 03:22:54 EEST 2026)
⚠️ Not found locally on dios-macbook-air. Querying Tailscale mesh nodes...
❌ Philips SSD drive not found on local or remote Tailscale nodes.
=== 💾 PHILIPS SSD MULTI-NODE DISCOVERY & MOUNT UTILITY ===
Current Node: dios-macbook-air (Tue Jul 28 03:27:54 EEST 2026)
⚠️ Not found locally on dios-macbook-air. Querying Tailscale mesh nodes...
❌ Philips SSD drive not found on local or remote Tailscale nodes.
=== 💾 PHILIPS SSD MULTI-NODE DISCOVERY & MOUNT UTILITY ===
Current Node: dios-macbook-air (Tue Jul 28 03:32:55 EEST 2026)
⚠️ Not found locally on dios-macbook-air. Querying Tailscale mesh nodes...
❌ Philips SSD drive not found on local or remote Tailscale nodes.
=== 💾 PHILIPS SSD MULTI-NODE DISCOVERY & MOUNT UTILITY ===
Current Node: dios-macbook-air (Tue Jul 28 03:37:55 EEST 2026)
⚠️ Not found locally on dios-macbook-air. Querying Tailscale mesh nodes...
❌ Philips SSD drive not found on local or remote Tailscale nodes.
=== 💾 PHILIPS SSD MULTI-NODE DISCOVERY & MOUNT UTILITY ===
Current Node: dios-macbook-air (Tue Jul 28 03:42:56 EEST 2026)
⚠️ Not found locally on dios-macbook-air. Querying Tailscale mesh nodes...
❌ Philips SSD drive not found on local or remote Tailscale nodes.
=== 💾 PHILIPS SSD MULTI-NODE DISCOVERY & MOUNT UTILITY ===
Current Node: dios-macbook-air (Tue Jul 28 03:47:56 EEST 2026)
⚠️ Not found locally on dios-macbook-air. Querying Tailscale mesh nodes...
❌ Philips SSD drive not found on local or remote Tailscale nodes.
=== 💾 PHILIPS SSD MULTI-NODE DISCOVERY & MOUNT UTILITY ===
Current Node: dios-macbook-air (Tue Jul 28 03:52:57 EEST 2026)
⚠️ Not found locally on dios-macbook-air. Querying Tailscale mesh nodes...
❌ Philips SSD drive not found on local or remote Tailscale nodes.
=== 💾 PHILIPS SSD MULTI-NODE DISCOVERY & MOUNT UTILITY ===
Current Node: dios-macbook-air (Tue Jul 28 03:57:58 EEST 2026)
⚠️ Not found locally on dios-macbook-air. Querying Tailscale mesh nodes...
❌ Philips SSD drive not found on local or remote Tailscale nodes.
=== 💾 PHILIPS SSD MULTI-NODE DISCOVERY & MOUNT UTILITY ===
Current Node: dios-macbook-air (Tue Jul 28 04:02:58 EEST 2026)
⚠️ Not found locally on dios-macbook-air. Querying Tailscale mesh nodes...
❌ Philips SSD drive not found on local or remote Tailscale nodes.
=== 💾 PHILIPS SSD MULTI-NODE DISCOVERY & MOUNT UTILITY ===
Current Node: dios-macbook-air (Tue Jul 28 04:07:59 EEST 2026)
⚠️ Not found locally on dios-macbook-air. Querying Tailscale mesh nodes...
❌ Philips SSD drive not found on local or remote Tailscale nodes.
=== 💾 PHILIPS SSD MULTI-NODE DISCOVERY & MOUNT UTILITY ===
Current Node: dios-macbook-air (Tue Jul 28 04:12:59 EEST 2026)
⚠️ Not found locally on dios-macbook-air. Querying Tailscale mesh nodes...
❌ Philips SSD drive not found on local or remote Tailscale nodes.
=== 💾 PHILIPS SSD MULTI-NODE DISCOVERY & MOUNT UTILITY ===
Current Node: dios-macbook-air (Tue Jul 28 04:18:00 EEST 2026)
⚠️ Not found locally on dios-macbook-air. Querying Tailscale mesh nodes...
❌ Philips SSD drive not found on local or remote Tailscale nodes.
=== 💾 PHILIPS SSD MULTI-NODE DISCOVERY & MOUNT UTILITY ===
Current Node: dios-macbook-air (Tue Jul 28 04:23:00 EEST 2026)
⚠️ Not found locally on dios-macbook-air. Querying Tailscale mesh nodes...
❌ Philips SSD drive not found on local or remote Tailscale nodes.
=== 💾 PHILIPS SSD MULTI-NODE DISCOVERY & MOUNT UTILITY ===
Current Node: dios-macbook-air (Tue Jul 28 04:28:01 EEST 2026)
⚠️ Not found locally on dios-macbook-air. Querying Tailscale mesh nodes...
❌ Philips SSD drive not found on local or remote Tailscale nodes.
=== 💾 PHILIPS SSD MULTI-NODE DISCOVERY & MOUNT UTILITY ===
Current Node: dios-macbook-air (Tue Jul 28 04:33:01 EEST 2026)
⚠️ Not found locally on dios-macbook-air. Querying Tailscale mesh nodes...
❌ Philips SSD drive not found on local or remote Tailscale nodes.
=== 💾 PHILIPS SSD MULTI-NODE DISCOVERY & MOUNT UTILITY ===
Current Node: dios-macbook-air (Tue Jul 28 04:38:02 EEST 2026)
⚠️ Not found locally on dios-macbook-air. Querying Tailscale mesh nodes...
❌ Philips SSD drive not found on local or remote Tailscale nodes.
=== 💾 PHILIPS SSD MULTI-NODE DISCOVERY & MOUNT UTILITY ===
Current Node: dios-macbook-air (Tue Jul 28 04:43:03 EEST 2026)
⚠️ Not found locally on dios-macbook-air. Querying Tailscale mesh nodes...
❌ Philips SSD drive not found on local or remote Tailscale nodes.
=== 💾 PHILIPS SSD MULTI-NODE DISCOVERY & MOUNT UTILITY ===
Current Node: dios-macbook-air (Tue Jul 28 04:48:04 EEST 2026)
⚠️ Not found locally on dios-macbook-air. Querying Tailscale mesh nodes...
❌ Philips SSD drive not found on local or remote Tailscale nodes.
=== 💾 PHILIPS SSD MULTI-NODE DISCOVERY & MOUNT UTILITY ===
Current Node: dios-macbook-air (Tue Jul 28 04:53:04 EEST 2026)
⚠️ Not found locally on dios-macbook-air. Querying Tailscale mesh nodes...
❌ Philips SSD drive not found on local or remote Tailscale nodes.
=== 💾 PHILIPS SSD MULTI-NODE DISCOVERY & MOUNT UTILITY ===
Current Node: dios-macbook-air (Tue Jul 28 04:58:05 EEST 2026)
⚠️ Not found locally on dios-macbook-air. Querying Tailscale mesh nodes...
❌ Philips SSD drive not found on local or remote Tailscale nodes.
=== 💾 PHILIPS SSD MULTI-NODE DISCOVERY & MOUNT UTILITY ===
Current Node: dios-macbook-air (Tue Jul 28 05:03:05 EEST 2026)
⚠️ Not found locally on dios-macbook-air. Querying Tailscale mesh nodes...
❌ Philips SSD drive not found on local or remote Tailscale nodes.
=== 💾 PHILIPS SSD MULTI-NODE DISCOVERY & MOUNT UTILITY ===
Current Node: dios-macbook-air (Tue Jul 28 05:08:06 EEST 2026)
⚠️ Not found locally on dios-macbook-air. Querying Tailscale mesh nodes...
❌ Philips SSD drive not found on local or remote Tailscale nodes.
=== 💾 PHILIPS SSD MULTI-NODE DISCOVERY & MOUNT UTILITY ===
Current Node: dios-macbook-air (Tue Jul 28 05:13:06 EEST 2026)
⚠️ Not found locally on dios-macbook-air. Querying Tailscale mesh nodes...
❌ Philips SSD drive not found on local or remote Tailscale nodes.
=== 💾 PHILIPS SSD MULTI-NODE DISCOVERY & MOUNT UTILITY ===
Current Node: dios-macbook-air (Tue Jul 28 05:18:08 EEST 2026)
⚠️ Not found locally on dios-macbook-air. Querying Tailscale mesh nodes...
❌ Philips SSD drive not found on local or remote Tailscale nodes.
=== 💾 PHILIPS SSD MULTI-NODE DISCOVERY & MOUNT UTILITY ===
Current Node: dios-macbook-air (Tue Jul 28 05:23:09 EEST 2026)
⚠️ Not found locally on dios-macbook-air. Querying Tailscale mesh nodes...
❌ Philips SSD drive not found on local or remote Tailscale nodes.
=== 💾 PHILIPS SSD MULTI-NODE DISCOVERY & MOUNT UTILITY ===
Current Node: dios-macbook-air (Tue Jul 28 05:28:10 EEST 2026)
⚠️ Not found locally on dios-macbook-air. Querying Tailscale mesh nodes...
❌ Philips SSD drive not found on local or remote Tailscale nodes.
=== 💾 PHILIPS SSD MULTI-NODE DISCOVERY & MOUNT UTILITY ===
Current Node: dios-macbook-air (Tue Jul 28 05:33:11 EEST 2026)
⚠️ Not found locally on dios-macbook-air. Querying Tailscale mesh nodes...
❌ Philips SSD drive not found on local or remote Tailscale nodes.
=== 💾 PHILIPS SSD MULTI-NODE DISCOVERY & MOUNT UTILITY ===
Current Node: dios-macbook-air (Tue Jul 28 05:38:11 EEST 2026)
⚠️ Not found locally on dios-macbook-air. Querying Tailscale mesh nodes...
❌ Philips SSD drive not found on local or remote Tailscale nodes.
=== 💾 PHILIPS SSD MULTI-NODE DISCOVERY & MOUNT UTILITY ===
Current Node: dios-macbook-air (Tue Jul 28 05:43:12 EEST 2026)
⚠️ Not found locally on dios-macbook-air. Querying Tailscale mesh nodes...
❌ Philips SSD drive not found on local or remote Tailscale nodes.
=== 💾 PHILIPS SSD MULTI-NODE DISCOVERY & MOUNT UTILITY ===
Current Node: dios-macbook-air (Tue Jul 28 05:48:13 EEST 2026)
⚠️ Not found locally on dios-macbook-air. Querying Tailscale mesh nodes...
❌ Philips SSD drive not found on local or remote Tailscale nodes.
=== 💾 PHILIPS SSD MULTI-NODE DISCOVERY & MOUNT UTILITY ===
Current Node: dios-macbook-air (Tue Jul 28 05:53:13 EEST 2026)
⚠️ Not found locally on dios-macbook-air. Querying Tailscale mesh nodes...
❌ Philips SSD drive not found on local or remote Tailscale nodes.
=== 💾 PHILIPS SSD MULTI-NODE DISCOVERY & MOUNT UTILITY ===
Current Node: dios-macbook-air (Tue Jul 28 05:58:14 EEST 2026)
⚠️ Not found locally on dios-macbook-air. Querying Tailscale mesh nodes...
❌ Philips SSD drive not found on local or remote Tailscale nodes.
=== 💾 PHILIPS SSD MULTI-NODE DISCOVERY & MOUNT UTILITY ===
Current Node: dios-macbook-air (Tue Jul 28 06:03:14 EEST 2026)
⚠️ Not found locally on dios-macbook-air. Querying Tailscale mesh nodes...
❌ Philips SSD drive not found on local or remote Tailscale nodes.
=== 💾 PHILIPS SSD MULTI-NODE DISCOVERY & MOUNT UTILITY ===
Current Node: dios-macbook-air (Tue Jul 28 06:08:15 EEST 2026)
⚠️ Not found locally on dios-macbook-air. Querying Tailscale mesh nodes...
❌ Philips SSD drive not found on local or remote Tailscale nodes.
=== 💾 PHILIPS SSD MULTI-NODE DISCOVERY & MOUNT UTILITY ===
Current Node: dios-macbook-air (Tue Jul 28 06:13:15 EEST 2026)
⚠️ Not found locally on dios-macbook-air. Querying Tailscale mesh nodes...
❌ Philips SSD drive not found on local or remote Tailscale nodes.
=== 💾 PHILIPS SSD MULTI-NODE DISCOVERY & MOUNT UTILITY ===
Current Node: dios-macbook-air (Tue Jul 28 06:18:16 EEST 2026)
⚠️ Not found locally on dios-macbook-air. Querying Tailscale mesh nodes...
❌ Philips SSD drive not found on local or remote Tailscale nodes.
=== 💾 PHILIPS SSD MULTI-NODE DISCOVERY & MOUNT UTILITY ===
Current Node: dios-macbook-air (Tue Jul 28 06:23:16 EEST 2026)
⚠️ Not found locally on dios-macbook-air. Querying Tailscale mesh nodes...
❌ Philips SSD drive not found on local or remote Tailscale nodes.
=== 💾 PHILIPS SSD MULTI-NODE DISCOVERY & MOUNT UTILITY ===
Current Node: dios-macbook-air (Tue Jul 28 06:28:17 EEST 2026)
⚠️ Not found locally on dios-macbook-air. Querying Tailscale mesh nodes...
❌ Philips SSD drive not found on local or remote Tailscale nodes.
=== 💾 PHILIPS SSD MULTI-NODE DISCOVERY & MOUNT UTILITY ===
Current Node: dios-macbook-air (Tue Jul 28 06:33:18 EEST 2026)
⚠️ Not found locally on dios-macbook-air. Querying Tailscale mesh nodes...
❌ Philips SSD drive not found on local or remote Tailscale nodes.
=== 💾 PHILIPS SSD MULTI-NODE DISCOVERY & MOUNT UTILITY ===
Current Node: dios-macbook-air (Tue Jul 28 06:38:18 EEST 2026)
⚠️ Not found locally on dios-macbook-air. Querying Tailscale mesh nodes...
❌ Philips SSD drive not found on local or remote Tailscale nodes.
=== 💾 PHILIPS SSD MULTI-NODE DISCOVERY & MOUNT UTILITY ===
Current Node: dios-macbook-air (Tue Jul 28 06:43:19 EEST 2026)
⚠️ Not found locally on dios-macbook-air. Querying Tailscale mesh nodes...
❌ Philips SSD drive not found on local or remote Tailscale nodes.
=== 💾 PHILIPS SSD MULTI-NODE DISCOVERY & MOUNT UTILITY ===
Current Node: dios-macbook-air (Tue Jul 28 06:48:20 EEST 2026)
⚠️ Not found locally on dios-macbook-air. Querying Tailscale mesh nodes...
❌ Philips SSD drive not found on local or remote Tailscale nodes.
=== 💾 PHILIPS SSD MULTI-NODE DISCOVERY & MOUNT UTILITY ===
Current Node: dios-macbook-air (Tue Jul 28 06:53:20 EEST 2026)
⚠️ Not found locally on dios-macbook-air. Querying Tailscale mesh nodes...
❌ Philips SSD drive not found on local or remote Tailscale nodes.
=== 💾 PHILIPS SSD MULTI-NODE DISCOVERY & MOUNT UTILITY ===
Current Node: dios-macbook-air (Tue Jul 28 06:58:21 EEST 2026)
⚠️ Not found locally on dios-macbook-air. Querying Tailscale mesh nodes...
❌ Philips SSD drive not found on local or remote Tailscale nodes.
=== 💾 PHILIPS SSD MULTI-NODE DISCOVERY & MOUNT UTILITY ===
Current Node: dios-macbook-air (Tue Jul 28 07:03:21 EEST 2026)
⚠️ Not found locally on dios-macbook-air. Querying Tailscale mesh nodes...
❌ Philips SSD drive not found on local or remote Tailscale nodes.
=== 💾 PHILIPS SSD MULTI-NODE DISCOVERY & MOUNT UTILITY ===
Current Node: dios-macbook-air (Tue Jul 28 07:08:22 EEST 2026)
⚠️ Not found locally on dios-macbook-air. Querying Tailscale mesh nodes...
❌ Philips SSD drive not found on local or remote Tailscale nodes.
=== 💾 PHILIPS SSD MULTI-NODE DISCOVERY & MOUNT UTILITY ===
Current Node: dios-macbook-air (Tue Jul 28 07:13:23 EEST 2026)
⚠️ Not found locally on dios-macbook-air. Querying Tailscale mesh nodes...
❌ Philips SSD drive not found on local or remote Tailscale nodes.
=== 💾 PHILIPS SSD MULTI-NODE DISCOVERY & MOUNT UTILITY ===
Current Node: dios-macbook-air (Tue Jul 28 07:18:23 EEST 2026)
⚠️ Not found locally on dios-macbook-air. Querying Tailscale mesh nodes...
❌ Philips SSD drive not found on local or remote Tailscale nodes.
=== 💾 PHILIPS SSD MULTI-NODE DISCOVERY & MOUNT UTILITY ===
Current Node: dios-macbook-air (Tue Jul 28 07:23:24 EEST 2026)
⚠️ Not found locally on dios-macbook-air. Querying Tailscale mesh nodes...
❌ Philips SSD drive not found on local or remote Tailscale nodes.
=== 💾 PHILIPS SSD MULTI-NODE DISCOVERY & MOUNT UTILITY ===
Current Node: dios-macbook-air (Tue Jul 28 07:28:24 EEST 2026)
⚠️ Not found locally on dios-macbook-air. Querying Tailscale mesh nodes...
❌ Philips SSD drive not found on local or remote Tailscale nodes.
=== 💾 PHILIPS SSD MULTI-NODE DISCOVERY & MOUNT UTILITY ===
Current Node: dios-macbook-air (Tue Jul 28 07:33:25 EEST 2026)
⚠️ Not found locally on dios-macbook-air. Querying Tailscale mesh nodes...
❌ Philips SSD drive not found on local or remote Tailscale nodes.
=== 💾 PHILIPS SSD MULTI-NODE DISCOVERY & MOUNT UTILITY ===
Current Node: dios-macbook-air (Tue Jul 28 07:38:26 EEST 2026)
⚠️ Not found locally on dios-macbook-air. Querying Tailscale mesh nodes...
❌ Philips SSD drive not found on local or remote Tailscale nodes.
=== 💾 PHILIPS SSD MULTI-NODE DISCOVERY & MOUNT UTILITY ===
Current Node: dios-macbook-air (Tue Jul 28 07:43:26 EEST 2026)
⚠️ Not found locally on dios-macbook-air. Querying Tailscale mesh nodes...
❌ Philips SSD drive not found on local or remote Tailscale nodes.
=== 💾 PHILIPS SSD MULTI-NODE DISCOVERY & MOUNT UTILITY ===
Current Node: dios-macbook-air (Tue Jul 28 07:48:27 EEST 2026)
⚠️ Not found locally on dios-macbook-air. Querying Tailscale mesh nodes...
❌ Philips SSD drive not found on local or remote Tailscale nodes.
=== 💾 PHILIPS SSD MULTI-NODE DISCOVERY & MOUNT UTILITY ===
Current Node: dios-macbook-air (Tue Jul 28 07:53:27 EEST 2026)
⚠️ Not found locally on dios-macbook-air. Querying Tailscale mesh nodes...
❌ Philips SSD drive not found on local or remote Tailscale nodes.
=== 💾 PHILIPS SSD MULTI-NODE DISCOVERY & MOUNT UTILITY ===
Current Node: dios-macbook-air (Tue Jul 28 07:58:28 EEST 2026)
⚠️ Not found locally on dios-macbook-air. Querying Tailscale mesh nodes...
❌ Philips SSD drive not found on local or remote Tailscale nodes.
=== 💾 PHILIPS SSD MULTI-NODE DISCOVERY & MOUNT UTILITY ===
Current Node: dios-macbook-air (Tue Jul 28 08:03:29 EEST 2026)
⚠️ Not found locally on dios-macbook-air. Querying Tailscale mesh nodes...
❌ Philips SSD drive not found on local or remote Tailscale nodes.
=== 💾 PHILIPS SSD MULTI-NODE DISCOVERY & MOUNT UTILITY ===
Current Node: dios-macbook-air (Tue Jul 28 08:08:30 EEST 2026)
⚠️ Not found locally on dios-macbook-air. Querying Tailscale mesh nodes...
❌ Philips SSD drive not found on local or remote Tailscale nodes.
=== 💾 PHILIPS SSD MULTI-NODE DISCOVERY & MOUNT UTILITY ===
Current Node: dios-macbook-air (Tue Jul 28 08:13:30 EEST 2026)
⚠️ Not found locally on dios-macbook-air. Querying Tailscale mesh nodes...
❌ Philips SSD drive not found on local or remote Tailscale nodes.
=== 💾 PHILIPS SSD MULTI-NODE DISCOVERY & MOUNT UTILITY ===
Current Node: dios-macbook-air (Tue Jul 28 08:18:31 EEST 2026)
⚠️ Not found locally on dios-macbook-air. Querying Tailscale mesh nodes...
❌ Philips SSD drive not found on local or remote Tailscale nodes.
=== 💾 PHILIPS SSD MULTI-NODE DISCOVERY & MOUNT UTILITY ===
Current Node: dios-macbook-air (Tue Jul 28 08:23:32 EEST 2026)
⚠️ Not found locally on dios-macbook-air. Querying Tailscale mesh nodes...
❌ Philips SSD drive not found on local or remote Tailscale nodes.
=== 💾 PHILIPS SSD MULTI-NODE DISCOVERY & MOUNT UTILITY ===
Current Node: dios-macbook-air (Tue Jul 28 08:28:32 EEST 2026)
⚠️ Not found locally on dios-macbook-air. Querying Tailscale mesh nodes...
❌ Philips SSD drive not found on local or remote Tailscale nodes.
=== 💾 PHILIPS SSD MULTI-NODE DISCOVERY & MOUNT UTILITY ===
Current Node: dios-macbook-air (Tue Jul 28 08:33:33 EEST 2026)
⚠️ Not found locally on dios-macbook-air. Querying Tailscale mesh nodes...
❌ Philips SSD drive not found on local or remote Tailscale nodes.
=== 💾 PHILIPS SSD MULTI-NODE DISCOVERY & MOUNT UTILITY ===
Current Node: dios-macbook-air (Tue Jul 28 08:38:33 EEST 2026)
⚠️ Not found locally on dios-macbook-air. Querying Tailscale mesh nodes...
❌ Philips SSD drive not found on local or remote Tailscale nodes.
=== 💾 PHILIPS SSD MULTI-NODE DISCOVERY & MOUNT UTILITY ===
Current Node: dios-macbook-air (Tue Jul 28 08:43:34 EEST 2026)
⚠️ Not found locally on dios-macbook-air. Querying Tailscale mesh nodes...
❌ Philips SSD drive not found on local or remote Tailscale nodes.
=== 💾 PHILIPS SSD MULTI-NODE DISCOVERY & MOUNT UTILITY ===
Current Node: dios-macbook-air (Tue Jul 28 08:48:35 EEST 2026)
⚠️ Not found locally on dios-macbook-air. Querying Tailscale mesh nodes...
❌ Philips SSD drive not found on local or remote Tailscale nodes.
=== 💾 PHILIPS SSD MULTI-NODE DISCOVERY & MOUNT UTILITY ===
Current Node: dios-macbook-air (Tue Jul 28 08:53:35 EEST 2026)
⚠️ Not found locally on dios-macbook-air. Querying Tailscale mesh nodes...
❌ Philips SSD drive not found on local or remote Tailscale nodes.
=== 💾 PHILIPS SSD MULTI-NODE DISCOVERY & MOUNT UTILITY ===
Current Node: dios-macbook-air (Tue Jul 28 08:58:36 EEST 2026)
⚠️ Not found locally on dios-macbook-air. Querying Tailscale mesh nodes...
❌ Philips SSD drive not found on local or remote Tailscale nodes.
=== 💾 PHILIPS SSD MULTI-NODE DISCOVERY & MOUNT UTILITY ===
Current Node: dios-macbook-air (Tue Jul 28 09:03:36 EEST 2026)
⚠️ Not found locally on dios-macbook-air. Querying Tailscale mesh nodes...
❌ Philips SSD drive not found on local or remote Tailscale nodes.
=== 💾 PHILIPS SSD MULTI-NODE DISCOVERY & MOUNT UTILITY ===
Current Node: dios-macbook-air (Tue Jul 28 09:08:37 EEST 2026)
⚠️ Not found locally on dios-macbook-air. Querying Tailscale mesh nodes...
❌ Philips SSD drive not found on local or remote Tailscale nodes.
=== 💾 PHILIPS SSD MULTI-NODE DISCOVERY & MOUNT UTILITY ===
Current Node: dios-macbook-air (Tue Jul 28 09:13:37 EEST 2026)
⚠️ Not found locally on dios-macbook-air. Querying Tailscale mesh nodes...
❌ Philips SSD drive not found on local or remote Tailscale nodes.
=== 💾 PHILIPS SSD MULTI-NODE DISCOVERY & MOUNT UTILITY ===
Current Node: dios-macbook-air (Tue Jul 28 09:18:38 EEST 2026)
⚠️ Not found locally on dios-macbook-air. Querying Tailscale mesh nodes...
❌ Philips SSD drive not found on local or remote Tailscale nodes.
=== 💾 PHILIPS SSD MULTI-NODE DISCOVERY & MOUNT UTILITY ===
Current Node: dios-macbook-air (Tue Jul 28 09:23:38 EEST 2026)
⚠️ Not found locally on dios-macbook-air. Querying Tailscale mesh nodes...
❌ Philips SSD drive not found on local or remote Tailscale nodes.
=== 💾 PHILIPS SSD MULTI-NODE DISCOVERY & MOUNT UTILITY ===
Current Node: dios-macbook-air (Tue Jul 28 09:28:39 EEST 2026)
⚠️ Not found locally on dios-macbook-air. Querying Tailscale mesh nodes...
❌ Philips SSD drive not found on local or remote Tailscale nodes.
=== 💾 PHILIPS SSD MULTI-NODE DISCOVERY & MOUNT UTILITY ===
Current Node: dios-macbook-air (Tue Jul 28 09:33:40 EEST 2026)
⚠️ Not found locally on dios-macbook-air. Querying Tailscale mesh nodes...
❌ Philips SSD drive not found on local or remote Tailscale nodes.
=== 💾 PHILIPS SSD MULTI-NODE DISCOVERY & MOUNT UTILITY ===
Current Node: dios-macbook-air (Tue Jul 28 09:38:40 EEST 2026)
⚠️ Not found locally on dios-macbook-air. Querying Tailscale mesh nodes...
❌ Philips SSD drive not found on local or remote Tailscale nodes.
=== 💾 PHILIPS SSD MULTI-NODE DISCOVERY & MOUNT UTILITY ===
Current Node: dios-macbook-air (Tue Jul 28 09:43:41 EEST 2026)
⚠️ Not found locally on dios-macbook-air. Querying Tailscale mesh nodes...
❌ Philips SSD drive not found on local or remote Tailscale nodes.
=== 💾 PHILIPS SSD MULTI-NODE DISCOVERY & MOUNT UTILITY ===
Current Node: dios-macbook-air (Tue Jul 28 09:48:41 EEST 2026)
⚠️ Not found locally on dios-macbook-air. Querying Tailscale mesh nodes...
❌ Philips SSD drive not found on local or remote Tailscale nodes.
=== 💾 PHILIPS SSD MULTI-NODE DISCOVERY & MOUNT UTILITY ===
Current Node: dios-macbook-air (Tue Jul 28 09:53:42 EEST 2026)
⚠️ Not found locally on dios-macbook-air. Querying Tailscale mesh nodes...
❌ Philips SSD drive not found on local or remote Tailscale nodes.
=== 💾 PHILIPS SSD MULTI-NODE DISCOVERY & MOUNT UTILITY ===
Current Node: dios-macbook-air (Tue Jul 28 09:58:42 EEST 2026)
⚠️ Not found locally on dios-macbook-air. Querying Tailscale mesh nodes...
❌ Philips SSD drive not found on local or remote Tailscale nodes.
=== 💾 PHILIPS SSD MULTI-NODE DISCOVERY & MOUNT UTILITY ===
Current Node: dios-macbook-air (Tue Jul 28 10:03:43 EEST 2026)
⚠️ Not found locally on dios-macbook-air. Querying Tailscale mesh nodes...
❌ Philips SSD drive not found on local or remote Tailscale nodes.
=== 💾 PHILIPS SSD MULTI-NODE DISCOVERY & MOUNT UTILITY ===
Current Node: dios-macbook-air (Tue Jul 28 10:08:44 EEST 2026)
⚠️ Not found locally on dios-macbook-air. Querying Tailscale mesh nodes...
❌ Philips SSD drive not found on local or remote Tailscale nodes.
=== 💾 PHILIPS SSD MULTI-NODE DISCOVERY & MOUNT UTILITY ===
Current Node: dios-macbook-air (Tue Jul 28 10:13:45 EEST 2026)
⚠️ Not found locally on dios-macbook-air. Querying Tailscale mesh nodes...
❌ Philips SSD drive not found on local or remote Tailscale nodes.
=== 💾 PHILIPS SSD MULTI-NODE DISCOVERY & MOUNT UTILITY ===
Current Node: dios-macbook-air (Tue Jul 28 10:18:45 EEST 2026)
⚠️ Not found locally on dios-macbook-air. Querying Tailscale mesh nodes...
❌ Philips SSD drive not found on local or remote Tailscale nodes.
=== 💾 PHILIPS SSD MULTI-NODE DISCOVERY & MOUNT UTILITY ===
Current Node: dios-macbook-air (Tue Jul 28 10:23:46 EEST 2026)
⚠️ Not found locally on dios-macbook-air. Querying Tailscale mesh nodes...
❌ Philips SSD drive not found on local or remote Tailscale nodes.
=== 💾 PHILIPS SSD MULTI-NODE DISCOVERY & MOUNT UTILITY ===
Current Node: dios-macbook-air (Tue Jul 28 10:28:47 EEST 2026)
⚠️ Not found locally on dios-macbook-air. Querying Tailscale mesh nodes...
❌ Philips SSD drive not found on local or remote Tailscale nodes.
=== 💾 PHILIPS SSD MULTI-NODE DISCOVERY & MOUNT UTILITY ===
Current Node: dios-macbook-air (Tue Jul 28 10:33:47 EEST 2026)
⚠️ Not found locally on dios-macbook-air. Querying Tailscale mesh nodes...
❌ Philips SSD drive not found on local or remote Tailscale nodes.
=== 💾 PHILIPS SSD MULTI-NODE DISCOVERY & MOUNT UTILITY ===
Current Node: dios-macbook-air (Tue Jul 28 10:38:48 EEST 2026)
⚠️ Not found locally on dios-macbook-air. Querying Tailscale mesh nodes...
❌ Philips SSD drive not found on local or remote Tailscale nodes.
=== 💾 PHILIPS SSD MULTI-NODE DISCOVERY & MOUNT UTILITY ===
Current Node: dios-macbook-air (Tue Jul 28 10:43:48 EEST 2026)
⚠️ Not found locally on dios-macbook-air. Querying Tailscale mesh nodes...
❌ Philips SSD drive not found on local or remote Tailscale nodes.
=== 💾 PHILIPS SSD MULTI-NODE DISCOVERY & MOUNT UTILITY ===
Current Node: dios-macbook-air (Tue Jul 28 10:48:49 EEST 2026)
⚠️ Not found locally on dios-macbook-air. Querying Tailscale mesh nodes...
❌ Philips SSD drive not found on local or remote Tailscale nodes.
=== 💾 PHILIPS SSD MULTI-NODE DISCOVERY & MOUNT UTILITY ===
Current Node: dios-macbook-air (Tue Jul 28 10:53:50 EEST 2026)
⚠️ Not found locally on dios-macbook-air. Querying Tailscale mesh nodes...
❌ Philips SSD drive not found on local or remote Tailscale nodes.
=== 💾 PHILIPS SSD MULTI-NODE DISCOVERY & MOUNT UTILITY ===
Current Node: dios-macbook-air (Tue Jul 28 10:58:50 EEST 2026)
⚠️ Not found locally on dios-macbook-air. Querying Tailscale mesh nodes...
❌ Philips SSD drive not found on local or remote Tailscale nodes.
=== 💾 PHILIPS SSD MULTI-NODE DISCOVERY & MOUNT UTILITY ===
Current Node: dios-macbook-air (Tue Jul 28 11:03:51 EEST 2026)
⚠️ Not found locally on dios-macbook-air. Querying Tailscale mesh nodes...
❌ Philips SSD drive not found on local or remote Tailscale nodes.
=== 💾 PHILIPS SSD MULTI-NODE DISCOVERY & MOUNT UTILITY ===
Current Node: dios-macbook-air (Tue Jul 28 11:08:51 EEST 2026)
⚠️ Not found locally on dios-macbook-air. Querying Tailscale mesh nodes...
❌ Philips SSD drive not found on local or remote Tailscale nodes.
=== 💾 PHILIPS SSD MULTI-NODE DISCOVERY & MOUNT UTILITY ===
Current Node: dios-macbook-air (Tue Jul 28 11:13:52 EEST 2026)
⚠️ Not found locally on dios-macbook-air. Querying Tailscale mesh nodes...
❌ Philips SSD drive not found on local or remote Tailscale nodes.
=== 💾 PHILIPS SSD MULTI-NODE DISCOVERY & MOUNT UTILITY ===
Current Node: dios-macbook-air (Tue Jul 28 11:18:53 EEST 2026)
⚠️ Not found locally on dios-macbook-air. Querying Tailscale mesh nodes...
❌ Philips SSD drive not found on local or remote Tailscale nodes.
=== 💾 PHILIPS SSD MULTI-NODE DISCOVERY & MOUNT UTILITY ===
Current Node: dios-macbook-air (Tue Jul 28 11:23:53 EEST 2026)
⚠️ Not found locally on dios-macbook-air. Querying Tailscale mesh nodes...
❌ Philips SSD drive not found on local or remote Tailscale nodes.
=== 💾 PHILIPS SSD MULTI-NODE DISCOVERY & MOUNT UTILITY ===
Current Node: dios-macbook-air (Tue Jul 28 11:28:54 EEST 2026)
⚠️ Not found locally on dios-macbook-air. Querying Tailscale mesh nodes...
❌ Philips SSD drive not found on local or remote Tailscale nodes.
=== 💾 PHILIPS SSD MULTI-NODE DISCOVERY & MOUNT UTILITY ===
Current Node: dios-macbook-air (Tue Jul 28 11:33:54 EEST 2026)
⚠️ Not found locally on dios-macbook-air. Querying Tailscale mesh nodes...
❌ Philips SSD drive not found on local or remote Tailscale nodes.
=== 💾 PHILIPS SSD MULTI-NODE DISCOVERY & MOUNT UTILITY ===
Current Node: dios-macbook-air (Tue Jul 28 11:38:55 EEST 2026)
⚠️ Not found locally on dios-macbook-air. Querying Tailscale mesh nodes...
❌ Philips SSD drive not found on local or remote Tailscale nodes.
=== 💾 PHILIPS SSD MULTI-NODE DISCOVERY & MOUNT UTILITY ===
Current Node: dios-macbook-air (Tue Jul 28 11:43:55 EEST 2026)
⚠️ Not found locally on dios-macbook-air. Querying Tailscale mesh nodes...
❌ Philips SSD drive not found on local or remote Tailscale nodes.
=== 💾 PHILIPS SSD MULTI-NODE DISCOVERY & MOUNT UTILITY ===
Current Node: dios-macbook-air (Tue Jul 28 11:48:56 EEST 2026)
⚠️ Not found locally on dios-macbook-air. Querying Tailscale mesh nodes...
❌ Philips SSD drive not found on local or remote Tailscale nodes.
=== 💾 PHILIPS SSD MULTI-NODE DISCOVERY & MOUNT UTILITY ===
Current Node: dios-macbook-air (Tue Jul 28 11:53:56 EEST 2026)
⚠️ Not found locally on dios-macbook-air. Querying Tailscale mesh nodes...
❌ Philips SSD drive not found on local or remote Tailscale nodes.
=== 💾 PHILIPS SSD MULTI-NODE DISCOVERY & MOUNT UTILITY ===
Current Node: dios-macbook-air (Tue Jul 28 11:58:57 EEST 2026)
⚠️ Not found locally on dios-macbook-air. Querying Tailscale mesh nodes...
❌ Philips SSD drive not found on local or remote Tailscale nodes.
=== 💾 PHILIPS SSD MULTI-NODE DISCOVERY & MOUNT UTILITY ===
Current Node: dios-macbook-air (Tue Jul 28 12:03:58 EEST 2026)
⚠️ Not found locally on dios-macbook-air. Querying Tailscale mesh nodes...
❌ Philips SSD drive not found on local or remote Tailscale nodes.
=== 💾 PHILIPS SSD MULTI-NODE DISCOVERY & MOUNT UTILITY ===
Current Node: dios-macbook-air (Tue Jul 28 12:08:58 EEST 2026)
⚠️ Not found locally on dios-macbook-air. Querying Tailscale mesh nodes...
❌ Philips SSD drive not found on local or remote Tailscale nodes.
=== 💾 PHILIPS SSD MULTI-NODE DISCOVERY & MOUNT UTILITY ===
Current Node: dios-macbook-air (Tue Jul 28 12:13:59 EEST 2026)
⚠️ Not found locally on dios-macbook-air. Querying Tailscale mesh nodes...
❌ Philips SSD drive not found on local or remote Tailscale nodes.
=== 💾 PHILIPS SSD MULTI-NODE DISCOVERY & MOUNT UTILITY ===
Current Node: dios-macbook-air (Tue Jul 28 12:19:00 EEST 2026)
⚠️ Not found locally on dios-macbook-air. Querying Tailscale mesh nodes...
❌ Philips SSD drive not found on local or remote Tailscale nodes.
=== 💾 PHILIPS SSD MULTI-NODE DISCOVERY & MOUNT UTILITY ===
Current Node: dios-macbook-air (Tue Jul 28 12:24:00 EEST 2026)
⚠️ Not found locally on dios-macbook-air. Querying Tailscale mesh nodes...
❌ Philips SSD drive not found on local or remote Tailscale nodes.
=== 💾 PHILIPS SSD MULTI-NODE DISCOVERY & MOUNT UTILITY ===
Current Node: dios-macbook-air (Tue Jul 28 12:29:01 EEST 2026)
⚠️ Not found locally on dios-macbook-air. Querying Tailscale mesh nodes...
❌ Philips SSD drive not found on local or remote Tailscale nodes.
=== 💾 PHILIPS SSD MULTI-NODE DISCOVERY & MOUNT UTILITY ===
Current Node: dios-macbook-air (Tue Jul 28 12:34:02 EEST 2026)
⚠️ Not found locally on dios-macbook-air. Querying Tailscale mesh nodes...
❌ Philips SSD drive not found on local or remote Tailscale nodes.
=== 💾 PHILIPS SSD MULTI-NODE DISCOVERY & MOUNT UTILITY ===
Current Node: dios-macbook-air (Tue Jul 28 12:39:02 EEST 2026)
⚠️ Not found locally on dios-macbook-air. Querying Tailscale mesh nodes...
❌ Philips SSD drive not found on local or remote Tailscale nodes.
=== 💾 PHILIPS SSD MULTI-NODE DISCOVERY & MOUNT UTILITY ===
Current Node: dios-macbook-air (Tue Jul 28 12:44:03 EEST 2026)
⚠️ Not found locally on dios-macbook-air. Querying Tailscale mesh nodes...
❌ Philips SSD drive not found on local or remote Tailscale nodes.
=== 💾 PHILIPS SSD MULTI-NODE DISCOVERY & MOUNT UTILITY ===
Current Node: dios-macbook-air (Tue Jul 28 12:49:04 EEST 2026)
⚠️ Not found locally on dios-macbook-air. Querying Tailscale mesh nodes...
❌ Philips SSD drive not found on local or remote Tailscale nodes.
=== 💾 PHILIPS SSD MULTI-NODE DISCOVERY & MOUNT UTILITY ===
Current Node: dios-macbook-air (Tue Jul 28 12:54:04 EEST 2026)
⚠️ Not found locally on dios-macbook-air. Querying Tailscale mesh nodes...
❌ Philips SSD drive not found on local or remote Tailscale nodes.
=== 💾 PHILIPS SSD MULTI-NODE DISCOVERY & MOUNT UTILITY ===
Current Node: dios-macbook-air (Tue Jul 28 12:59:05 EEST 2026)
⚠️ Not found locally on dios-macbook-air. Querying Tailscale mesh nodes...
❌ Philips SSD drive not found on local or remote Tailscale nodes.
=== 💾 PHILIPS SSD MULTI-NODE DISCOVERY & MOUNT UTILITY ===
Current Node: dios-macbook-air (Tue Jul 28 13:04:06 EEST 2026)
⚠️ Not found locally on dios-macbook-air. Querying Tailscale mesh nodes...
❌ Philips SSD drive not found on local or remote Tailscale nodes.
=== 💾 PHILIPS SSD MULTI-NODE DISCOVERY & MOUNT UTILITY ===
Current Node: dios-macbook-air (Tue Jul 28 13:09:07 EEST 2026)
⚠️ Not found locally on dios-macbook-air. Querying Tailscale mesh nodes...
❌ Philips SSD drive not found on local or remote Tailscale nodes.
=== 💾 PHILIPS SSD MULTI-NODE DISCOVERY & MOUNT UTILITY ===
Current Node: dios-macbook-air (Tue Jul 28 13:14:07 EEST 2026)
⚠️ Not found locally on dios-macbook-air. Querying Tailscale mesh nodes...
❌ Philips SSD drive not found on local or remote Tailscale nodes.
=== 💾 PHILIPS SSD MULTI-NODE DISCOVERY & MOUNT UTILITY ===
Current Node: dios-macbook-air (Tue Jul 28 13:19:08 EEST 2026)
⚠️ Not found locally on dios-macbook-air. Querying Tailscale mesh nodes...
❌ Philips SSD drive not found on local or remote Tailscale nodes.
=== 💾 PHILIPS SSD MULTI-NODE DISCOVERY & MOUNT UTILITY ===
Current Node: dios-macbook-air (Tue Jul 28 13:24:09 EEST 2026)
⚠️ Not found locally on dios-macbook-air. Querying Tailscale mesh nodes...
❌ Philips SSD drive not found on local or remote Tailscale nodes.
=== 💾 PHILIPS SSD MULTI-NODE DISCOVERY & MOUNT UTILITY ===
Current Node: dios-macbook-air (Tue Jul 28 13:29:09 EEST 2026)
⚠️ Not found locally on dios-macbook-air. Querying Tailscale mesh nodes...
❌ Philips SSD drive not found on local or remote Tailscale nodes.
=== 💾 PHILIPS SSD MULTI-NODE DISCOVERY & MOUNT UTILITY ===
Current Node: dios-macbook-air (Tue Jul 28 13:34:10 EEST 2026)
⚠️ Not found locally on dios-macbook-air. Querying Tailscale mesh nodes...
❌ Philips SSD drive not found on local or remote Tailscale nodes.
=== 💾 PHILIPS SSD MULTI-NODE DISCOVERY & MOUNT UTILITY ===
Current Node: dios-macbook-air (Tue Jul 28 13:39:11 EEST 2026)
⚠️ Not found locally on dios-macbook-air. Querying Tailscale mesh nodes...
❌ Philips SSD drive not found on local or remote Tailscale nodes.
=== 💾 PHILIPS SSD MULTI-NODE DISCOVERY & MOUNT UTILITY ===
Current Node: dios-macbook-air (Tue Jul 28 13:44:11 EEST 2026)
⚠️ Not found locally on dios-macbook-air. Querying Tailscale mesh nodes...
❌ Philips SSD drive not found on local or remote Tailscale nodes.
=== 💾 PHILIPS SSD MULTI-NODE DISCOVERY & MOUNT UTILITY ===
Current Node: dios-macbook-air (Tue Jul 28 13:49:12 EEST 2026)
⚠️ Not found locally on dios-macbook-air. Querying Tailscale mesh nodes...
❌ Philips SSD drive not found on local or remote Tailscale nodes.
=== 💾 PHILIPS SSD MULTI-NODE DISCOVERY & MOUNT UTILITY ===
Current Node: dios-macbook-air (Tue Jul 28 13:54:12 EEST 2026)
⚠️ Not found locally on dios-macbook-air. Querying Tailscale mesh nodes...
❌ Philips SSD drive not found on local or remote Tailscale nodes.
=== 💾 PHILIPS SSD MULTI-NODE DISCOVERY & MOUNT UTILITY ===
Current Node: dios-macbook-air (Tue Jul 28 13:59:13 EEST 2026)
⚠️ Not found locally on dios-macbook-air. Querying Tailscale mesh nodes...
❌ Philips SSD drive not found on local or remote Tailscale nodes.
=== 💾 PHILIPS SSD MULTI-NODE DISCOVERY & MOUNT UTILITY ===
Current Node: dios-macbook-air (Tue Jul 28 14:04:14 EEST 2026)
⚠️ Not found locally on dios-macbook-air. Querying Tailscale mesh nodes...
❌ Philips SSD drive not found on local or remote Tailscale nodes.
=== 💾 PHILIPS SSD MULTI-NODE DISCOVERY & MOUNT UTILITY ===
Current Node: dios-macbook-air (Tue Jul 28 14:09:14 EEST 2026)
⚠️ Not found locally on dios-macbook-air. Querying Tailscale mesh nodes...
❌ Philips SSD drive not found on local or remote Tailscale nodes.
=== 💾 PHILIPS SSD MULTI-NODE DISCOVERY & MOUNT UTILITY ===
Current Node: dios-macbook-air (Tue Jul 28 14:14:15 EEST 2026)
⚠️ Not found locally on dios-macbook-air. Querying Tailscale mesh nodes...
❌ Philips SSD drive not found on local or remote Tailscale nodes.
=== 💾 PHILIPS SSD MULTI-NODE DISCOVERY & MOUNT UTILITY ===
Current Node: dios-macbook-air (Tue Jul 28 14:19:15 EEST 2026)
⚠️ Not found locally on dios-macbook-air. Querying Tailscale mesh nodes...
❌ Philips SSD drive not found on local or remote Tailscale nodes.
=== 💾 PHILIPS SSD MULTI-NODE DISCOVERY & MOUNT UTILITY ===
Current Node: dios-macbook-air (Tue Jul 28 14:24:16 EEST 2026)
⚠️ Not found locally on dios-macbook-air. Querying Tailscale mesh nodes...
❌ Philips SSD drive not found on local or remote Tailscale nodes.
=== 💾 PHILIPS SSD MULTI-NODE DISCOVERY & MOUNT UTILITY ===
Current Node: dios-macbook-air (Tue Jul 28 14:29:17 EEST 2026)
⚠️ Not found locally on dios-macbook-air. Querying Tailscale mesh nodes...
❌ Philips SSD drive not found on local or remote Tailscale nodes.
=== 💾 PHILIPS SSD MULTI-NODE DISCOVERY & MOUNT UTILITY ===
Current Node: dios-macbook-air (Tue Jul 28 14:34:17 EEST 2026)
⚠️ Not found locally on dios-macbook-air. Querying Tailscale mesh nodes...
❌ Philips SSD drive not found on local or remote Tailscale nodes.
=== 💾 PHILIPS SSD MULTI-NODE DISCOVERY & MOUNT UTILITY ===
Current Node: dios-macbook-air (Tue Jul 28 14:39:18 EEST 2026)
⚠️ Not found locally on dios-macbook-air. Querying Tailscale mesh nodes...
❌ Philips SSD drive not found on local or remote Tailscale nodes.
=== 💾 PHILIPS SSD MULTI-NODE DISCOVERY & MOUNT UTILITY ===
Current Node: dios-macbook-air (Tue Jul 28 14:44:18 EEST 2026)
⚠️ Not found locally on dios-macbook-air. Querying Tailscale mesh nodes...
❌ Philips SSD drive not found on local or remote Tailscale nodes.
=== 💾 PHILIPS SSD MULTI-NODE DISCOVERY & MOUNT UTILITY ===
Current Node: dios-macbook-air (Tue Jul 28 14:49:19 EEST 2026)
⚠️ Not found locally on dios-macbook-air. Querying Tailscale mesh nodes...
❌ Philips SSD drive not found on local or remote Tailscale nodes.
=== 💾 PHILIPS SSD MULTI-NODE DISCOVERY & MOUNT UTILITY ===
Current Node: dios-macbook-air (Tue Jul 28 14:54:19 EEST 2026)
⚠️ Not found locally on dios-macbook-air. Querying Tailscale mesh nodes...
❌ Philips SSD drive not found on local or remote Tailscale nodes.
=== 💾 PHILIPS SSD MULTI-NODE DISCOVERY & MOUNT UTILITY ===
Current Node: dios-macbook-air (Tue Jul 28 14:59:20 EEST 2026)
⚠️ Not found locally on dios-macbook-air. Querying Tailscale mesh nodes...
❌ Philips SSD drive not found on local or remote Tailscale nodes.
=== 💾 PHILIPS SSD MULTI-NODE DISCOVERY & MOUNT UTILITY ===
Current Node: dios-macbook-air (Tue Jul 28 15:04:21 EEST 2026)
⚠️ Not found locally on dios-macbook-air. Querying Tailscale mesh nodes...
❌ Philips SSD drive not found on local or remote Tailscale nodes.
=== 💾 PHILIPS SSD MULTI-NODE DISCOVERY & MOUNT UTILITY ===
Current Node: dios-macbook-air (Tue Jul 28 15:09:21 EEST 2026)
⚠️ Not found locally on dios-macbook-air. Querying Tailscale mesh nodes...
❌ Philips SSD drive not found on local or remote Tailscale nodes.
=== 💾 PHILIPS SSD MULTI-NODE DISCOVERY & MOUNT UTILITY ===
Current Node: dios-macbook-air (Tue Jul 28 15:14:22 EEST 2026)
⚠️ Not found locally on dios-macbook-air. Querying Tailscale mesh nodes...
❌ Philips SSD drive not found on local or remote Tailscale nodes.
=== 💾 PHILIPS SSD MULTI-NODE DISCOVERY & MOUNT UTILITY ===
Current Node: dios-macbook-air (Tue Jul 28 15:19:23 EEST 2026)
⚠️ Not found locally on dios-macbook-air. Querying Tailscale mesh nodes...
❌ Philips SSD drive not found on local or remote Tailscale nodes.
=== 💾 PHILIPS SSD MULTI-NODE DISCOVERY & MOUNT UTILITY ===
Current Node: dios-macbook-air (Tue Jul 28 15:24:24 EEST 2026)
⚠️ Not found locally on dios-macbook-air. Querying Tailscale mesh nodes...
❌ Philips SSD drive not found on local or remote Tailscale nodes.
=== 💾 PHILIPS SSD MULTI-NODE DISCOVERY & MOUNT UTILITY ===
Current Node: dios-macbook-air (Tue Jul 28 15:29:25 EEST 2026)
⚠️ Not found locally on dios-macbook-air. Querying Tailscale mesh nodes...
❌ Philips SSD drive not found on local or remote Tailscale nodes.
=== 💾 PHILIPS SSD MULTI-NODE DISCOVERY & MOUNT UTILITY ===
Current Node: dios-macbook-air (Tue Jul 28 15:34:27 EEST 2026)
⚠️ Not found locally on dios-macbook-air. Querying Tailscale mesh nodes...
❌ Philips SSD drive not found on local or remote Tailscale nodes.
=== 💾 PHILIPS SSD MULTI-NODE DISCOVERY & MOUNT UTILITY ===
Current Node: dios-macbook-air (Tue Jul 28 15:39:28 EEST 2026)
⚠️ Not found locally on dios-macbook-air. Querying Tailscale mesh nodes...
❌ Philips SSD drive not found on local or remote Tailscale nodes.
=== 💾 PHILIPS SSD MULTI-NODE DISCOVERY & MOUNT UTILITY ===
Current Node: dios-macbook-air (Tue Jul 28 15:44:28 EEST 2026)
⚠️ Not found locally on dios-macbook-air. Querying Tailscale mesh nodes...
❌ Philips SSD drive not found on local or remote Tailscale nodes.
=== 💾 PHILIPS SSD MULTI-NODE DISCOVERY & MOUNT UTILITY ===
Current Node: dios-macbook-air (Tue Jul 28 15:49:29 EEST 2026)
⚠️ Not found locally on dios-macbook-air. Querying Tailscale mesh nodes...
❌ Philips SSD drive not found on local or remote Tailscale nodes.
=== 💾 PHILIPS SSD MULTI-NODE DISCOVERY & MOUNT UTILITY ===
Current Node: dios-macbook-air (Tue Jul 28 15:54:30 EEST 2026)
⚠️ Not found locally on dios-macbook-air. Querying Tailscale mesh nodes...
❌ Philips SSD drive not found on local or remote Tailscale nodes.
=== 💾 PHILIPS SSD MULTI-NODE DISCOVERY & MOUNT UTILITY ===
Current Node: dios-macbook-air (Tue Jul 28 15:59:31 EEST 2026)
⚠️ Not found locally on dios-macbook-air. Querying Tailscale mesh nodes...
❌ Philips SSD drive not found on local or remote Tailscale nodes.
=== 💾 PHILIPS SSD MULTI-NODE DISCOVERY & MOUNT UTILITY ===
Current Node: dios-macbook-air (Tue Jul 28 16:04:32 EEST 2026)
⚠️ Not found locally on dios-macbook-air. Querying Tailscale mesh nodes...
❌ Philips SSD drive not found on local or remote Tailscale nodes.
=== 💾 PHILIPS SSD MULTI-NODE DISCOVERY & MOUNT UTILITY ===
Current Node: dios-macbook-air (Tue Jul 28 16:09:33 EEST 2026)
⚠️ Not found locally on dios-macbook-air. Querying Tailscale mesh nodes...
❌ Philips SSD drive not found on local or remote Tailscale nodes.
=== 💾 PHILIPS SSD MULTI-NODE DISCOVERY & MOUNT UTILITY ===
Current Node: dios-macbook-air (Tue Jul 28 16:14:33 EEST 2026)
⚠️ Not found locally on dios-macbook-air. Querying Tailscale mesh nodes...
❌ Philips SSD drive not found on local or remote Tailscale nodes.
=== 💾 PHILIPS SSD MULTI-NODE DISCOVERY & MOUNT UTILITY ===
Current Node: dios-macbook-air (Tue Jul 28 16:19:34 EEST 2026)
⚠️ Not found locally on dios-macbook-air. Querying Tailscale mesh nodes...
❌ Philips SSD drive not found on local or remote Tailscale nodes.
=== 💾 PHILIPS SSD MULTI-NODE DISCOVERY & MOUNT UTILITY ===
Current Node: dios-macbook-air (Tue Jul 28 16:24:35 EEST 2026)
⚠️ Not found locally on dios-macbook-air. Querying Tailscale mesh nodes...
❌ Philips SSD drive not found on local or remote Tailscale nodes.
=== 💾 PHILIPS SSD MULTI-NODE DISCOVERY & MOUNT UTILITY ===
Current Node: dios-macbook-air (Tue Jul 28 16:29:36 EEST 2026)
⚠️ Not found locally on dios-macbook-air. Querying Tailscale mesh nodes...
❌ Philips SSD drive not found on local or remote Tailscale nodes.
=== 💾 PHILIPS SSD MULTI-NODE DISCOVERY & MOUNT UTILITY ===
Current Node: dios-macbook-air (Tue Jul 28 16:34:36 EEST 2026)
⚠️ Not found locally on dios-macbook-air. Querying Tailscale mesh nodes...
❌ Philips SSD drive not found on local or remote Tailscale nodes.
=== 💾 PHILIPS SSD MULTI-NODE DISCOVERY & MOUNT UTILITY ===
Current Node: dios-macbook-air (Tue Jul 28 16:39:37 EEST 2026)
⚠️ Not found locally on dios-macbook-air. Querying Tailscale mesh nodes...
❌ Philips SSD drive not found on local or remote Tailscale nodes.
=== 💾 PHILIPS SSD MULTI-NODE DISCOVERY & MOUNT UTILITY ===
Current Node: dios-macbook-air (Tue Jul 28 16:44:38 EEST 2026)
⚠️ Not found locally on dios-macbook-air. Querying Tailscale mesh nodes...
❌ Philips SSD drive not found on local or remote Tailscale nodes.
=== 💾 PHILIPS SSD MULTI-NODE DISCOVERY & MOUNT UTILITY ===
Current Node: dios-macbook-air (Tue Jul 28 16:49:39 EEST 2026)
⚠️ Not found locally on dios-macbook-air. Querying Tailscale mesh nodes...
❌ Philips SSD drive not found on local or remote Tailscale nodes.
=== 💾 PHILIPS SSD MULTI-NODE DISCOVERY & MOUNT UTILITY ===
Current Node: dios-macbook-air (Tue Jul 28 16:54:40 EEST 2026)
⚠️ Not found locally on dios-macbook-air. Querying Tailscale mesh nodes...
❌ Philips SSD drive not found on local or remote Tailscale nodes.
=== 💾 PHILIPS SSD MULTI-NODE DISCOVERY & MOUNT UTILITY ===
Current Node: dios-macbook-air (Tue Jul 28 16:59:41 EEST 2026)
⚠️ Not found locally on dios-macbook-air. Querying Tailscale mesh nodes...
❌ Philips SSD drive not found on local or remote Tailscale nodes.
=== 💾 PHILIPS SSD MULTI-NODE DISCOVERY & MOUNT UTILITY ===
Current Node: dios-macbook-air (Tue Jul 28 17:04:42 EEST 2026)
⚠️ Not found locally on dios-macbook-air. Querying Tailscale mesh nodes...
❌ Philips SSD drive not found on local or remote Tailscale nodes.
=== 💾 PHILIPS SSD MULTI-NODE DISCOVERY & MOUNT UTILITY ===
Current Node: dios-macbook-air (Tue Jul 28 17:09:43 EEST 2026)
⚠️ Not found locally on dios-macbook-air. Querying Tailscale mesh nodes...
❌ Philips SSD drive not found on local or remote Tailscale nodes.
=== 💾 PHILIPS SSD MULTI-NODE DISCOVERY & MOUNT UTILITY ===
Current Node: dios-macbook-air (Tue Jul 28 17:14:43 EEST 2026)
⚠️ Not found locally on dios-macbook-air. Querying Tailscale mesh nodes...
❌ Philips SSD drive not found on local or remote Tailscale nodes.
=== 💾 PHILIPS SSD MULTI-NODE DISCOVERY & MOUNT UTILITY ===
Current Node: dios-macbook-air (Tue Jul 28 17:19:44 EEST 2026)
⚠️ Not found locally on dios-macbook-air. Querying Tailscale mesh nodes...
❌ Philips SSD drive not found on local or remote Tailscale nodes.
=== 💾 PHILIPS SSD MULTI-NODE DISCOVERY & MOUNT UTILITY ===
Current Node: dios-macbook-air (Tue Jul 28 17:24:45 EEST 2026)
⚠️ Not found locally on dios-macbook-air. Querying Tailscale mesh nodes...
❌ Philips SSD drive not found on local or remote Tailscale nodes.
=== 💾 PHILIPS SSD MULTI-NODE DISCOVERY & MOUNT UTILITY ===
Current Node: dios-macbook-air (Tue Jul 28 17:29:46 EEST 2026)
⚠️ Not found locally on dios-macbook-air. Querying Tailscale mesh nodes...
❌ Philips SSD drive not found on local or remote Tailscale nodes.
=== 💾 PHILIPS SSD MULTI-NODE DISCOVERY & MOUNT UTILITY ===
Current Node: dios-macbook-air (Tue Jul 28 17:34:47 EEST 2026)
⚠️ Not found locally on dios-macbook-air. Querying Tailscale mesh nodes...
❌ Philips SSD drive not found on local or remote Tailscale nodes.
=== 💾 PHILIPS SSD MULTI-NODE DISCOVERY & MOUNT UTILITY ===
Current Node: dios-macbook-air (Tue Jul 28 17:39:48 EEST 2026)
⚠️ Not found locally on dios-macbook-air. Querying Tailscale mesh nodes...
❌ Philips SSD drive not found on local or remote Tailscale nodes.
=== 💾 PHILIPS SSD MULTI-NODE DISCOVERY & MOUNT UTILITY ===
Current Node: dios-macbook-air (Tue Jul 28 17:44:49 EEST 2026)
⚠️ Not found locally on dios-macbook-air. Querying Tailscale mesh nodes...
❌ Philips SSD drive not found on local or remote Tailscale nodes.
=== 💾 PHILIPS SSD MULTI-NODE DISCOVERY & MOUNT UTILITY ===
Current Node: dios-macbook-air (Tue Jul 28 17:49:50 EEST 2026)
⚠️ Not found locally on dios-macbook-air. Querying Tailscale mesh nodes...
❌ Philips SSD drive not found on local or remote Tailscale nodes.
=== 💾 PHILIPS SSD MULTI-NODE DISCOVERY & MOUNT UTILITY ===
Current Node: dios-macbook-air (Tue Jul 28 17:54:51 EEST 2026)
⚠️ Not found locally on dios-macbook-air. Querying Tailscale mesh nodes...
❌ Philips SSD drive not found on local or remote Tailscale nodes.
=== 💾 PHILIPS SSD MULTI-NODE DISCOVERY & MOUNT UTILITY ===
Current Node: dios-macbook-air (Tue Jul 28 17:59:52 EEST 2026)
⚠️ Not found locally on dios-macbook-air. Querying Tailscale mesh nodes...
❌ Philips SSD drive not found on local or remote Tailscale nodes.
=== 💾 PHILIPS SSD MULTI-NODE DISCOVERY & MOUNT UTILITY ===
Current Node: dios-macbook-air (Tue Jul 28 18:04:52 EEST 2026)
⚠️ Not found locally on dios-macbook-air. Querying Tailscale mesh nodes...
❌ Philips SSD drive not found on local or remote Tailscale nodes.
=== 💾 PHILIPS SSD MULTI-NODE DISCOVERY & MOUNT UTILITY ===
Current Node: dios-macbook-air (Tue Jul 28 18:09:53 EEST 2026)
⚠️ Not found locally on dios-macbook-air. Querying Tailscale mesh nodes...
❌ Philips SSD drive not found on local or remote Tailscale nodes.
=== 💾 PHILIPS SSD MULTI-NODE DISCOVERY & MOUNT UTILITY ===
Current Node: dios-macbook-air (Tue Jul 28 18:14:54 EEST 2026)
⚠️ Not found locally on dios-macbook-air. Querying Tailscale mesh nodes...
❌ Philips SSD drive not found on local or remote Tailscale nodes.
=== 💾 PHILIPS SSD MULTI-NODE DISCOVERY & MOUNT UTILITY ===
Current Node: dios-macbook-air (Tue Jul 28 18:19:55 EEST 2026)
⚠️ Not found locally on dios-macbook-air. Querying Tailscale mesh nodes...
❌ Philips SSD drive not found on local or remote Tailscale nodes.
=== 💾 PHILIPS SSD MULTI-NODE DISCOVERY & MOUNT UTILITY ===
Current Node: dios-macbook-air (Tue Jul 28 18:24:56 EEST 2026)
⚠️ Not found locally on dios-macbook-air. Querying Tailscale mesh nodes...
❌ Philips SSD drive not found on local or remote Tailscale nodes.
=== 💾 PHILIPS SSD MULTI-NODE DISCOVERY & MOUNT UTILITY ===
Current Node: dios-macbook-air (Tue Jul 28 18:29:56 EEST 2026)
⚠️ Not found locally on dios-macbook-air. Querying Tailscale mesh nodes...
❌ Philips SSD drive not found on local or remote Tailscale nodes.
=== 💾 PHILIPS SSD MULTI-NODE DISCOVERY & MOUNT UTILITY ===
Current Node: dios-macbook-air (Tue Jul 28 18:34:57 EEST 2026)
⚠️ Not found locally on dios-macbook-air. Querying Tailscale mesh nodes...
❌ Philips SSD drive not found on local or remote Tailscale nodes.
=== 💾 PHILIPS SSD MULTI-NODE DISCOVERY & MOUNT UTILITY ===
Current Node: dios-macbook-air (Tue Jul 28 18:39:58 EEST 2026)
⚠️ Not found locally on dios-macbook-air. Querying Tailscale mesh nodes...
❌ Philips SSD drive not found on local or remote Tailscale nodes.
=== 💾 PHILIPS SSD MULTI-NODE DISCOVERY & MOUNT UTILITY ===
Current Node: dios-macbook-air (Tue Jul 28 18:44:59 EEST 2026)
⚠️ Not found locally on dios-macbook-air. Querying Tailscale mesh nodes...
❌ Philips SSD drive not found on local or remote Tailscale nodes.
=== 💾 PHILIPS SSD MULTI-NODE DISCOVERY & MOUNT UTILITY ===
Current Node: dios-macbook-air (Tue Jul 28 18:50:00 EEST 2026)
⚠️ Not found locally on dios-macbook-air. Querying Tailscale mesh nodes...
❌ Philips SSD drive not found on local or remote Tailscale nodes.
=== 💾 PHILIPS SSD MULTI-NODE DISCOVERY & MOUNT UTILITY ===
Current Node: dios-macbook-air (Tue Jul 28 18:55:01 EEST 2026)
⚠️ Not found locally on dios-macbook-air. Querying Tailscale mesh nodes...
❌ Philips SSD drive not found on local or remote Tailscale nodes.
=== 💾 PHILIPS SSD MULTI-NODE DISCOVERY & MOUNT UTILITY ===
Current Node: dios-macbook-air (Tue Jul 28 19:00:01 EEST 2026)
⚠️ Not found locally on dios-macbook-air. Querying Tailscale mesh nodes...
❌ Philips SSD drive not found on local or remote Tailscale nodes.
=== 💾 PHILIPS SSD MULTI-NODE DISCOVERY & MOUNT UTILITY ===
Current Node: dios-macbook-air (Tue Jul 28 19:05:02 EEST 2026)
⚠️ Not found locally on dios-macbook-air. Querying Tailscale mesh nodes...
❌ Philips SSD drive not found on local or remote Tailscale nodes.
=== 💾 PHILIPS SSD MULTI-NODE DISCOVERY & MOUNT UTILITY ===
Current Node: dios-macbook-air (Tue Jul 28 19:10:05 EEST 2026)
⚠️ Not found locally on dios-macbook-air. Querying Tailscale mesh nodes...
❌ Philips SSD drive not found on local or remote Tailscale nodes.
=== 💾 PHILIPS SSD MULTI-NODE DISCOVERY & MOUNT UTILITY ===
Current Node: dios-macbook-air (Tue Jul 28 19:15:06 EEST 2026)
⚠️ Not found locally on dios-macbook-air. Querying Tailscale mesh nodes...
❌ Philips SSD drive not found on local or remote Tailscale nodes.
=== 💾 PHILIPS SSD MULTI-NODE DISCOVERY & MOUNT UTILITY ===
Current Node: dios-macbook-air (Tue Jul 28 19:20:07 EEST 2026)
⚠️ Not found locally on dios-macbook-air. Querying Tailscale mesh nodes...
❌ Philips SSD drive not found on local or remote Tailscale nodes.
=== 💾 PHILIPS SSD MULTI-NODE DISCOVERY & MOUNT UTILITY ===
Current Node: dios-macbook-air (Tue Jul 28 19:25:08 EEST 2026)
⚠️ Not found locally on dios-macbook-air. Querying Tailscale mesh nodes...
❌ Philips SSD drive not found on local or remote Tailscale nodes.
=== 💾 PHILIPS SSD MULTI-NODE DISCOVERY & MOUNT UTILITY ===
Current Node: dios-macbook-air (Tue Jul 28 19:30:09 EEST 2026)
⚠️ Not found locally on dios-macbook-air. Querying Tailscale mesh nodes...
❌ Philips SSD drive not found on local or remote Tailscale nodes.
=== 💾 PHILIPS SSD MULTI-NODE DISCOVERY & MOUNT UTILITY ===
Current Node: dios-macbook-air (Tue Jul 28 19:35:09 EEST 2026)
⚠️ Not found locally on dios-macbook-air. Querying Tailscale mesh nodes...
❌ Philips SSD drive not found on local or remote Tailscale nodes.
=== 💾 PHILIPS SSD MULTI-NODE DISCOVERY & MOUNT UTILITY ===
Current Node: dios-macbook-air (Tue Jul 28 19:40:10 EEST 2026)
⚠️ Not found locally on dios-macbook-air. Querying Tailscale mesh nodes...
❌ Philips SSD drive not found on local or remote Tailscale nodes.
=== 💾 PHILIPS SSD MULTI-NODE DISCOVERY & MOUNT UTILITY ===
Current Node: dios-macbook-air (Tue Jul 28 19:45:11 EEST 2026)
⚠️ Not found locally on dios-macbook-air. Querying Tailscale mesh nodes...
❌ Philips SSD drive not found on local or remote Tailscale nodes.
=== 💾 PHILIPS SSD MULTI-NODE DISCOVERY & MOUNT UTILITY ===
Current Node: dios-macbook-air (Tue Jul 28 19:50:12 EEST 2026)
⚠️ Not found locally on dios-macbook-air. Querying Tailscale mesh nodes...
❌ Philips SSD drive not found on local or remote Tailscale nodes.
=== 💾 PHILIPS SSD MULTI-NODE DISCOVERY & MOUNT UTILITY ===
Current Node: dios-macbook-air (Tue Jul 28 19:55:13 EEST 2026)
⚠️ Not found locally on dios-macbook-air. Querying Tailscale mesh nodes...
❌ Philips SSD drive not found on local or remote Tailscale nodes.
=== 💾 PHILIPS SSD MULTI-NODE DISCOVERY & MOUNT UTILITY ===
Current Node: dios-macbook-air (Tue Jul 28 20:00:14 EEST 2026)
⚠️ Not found locally on dios-macbook-air. Querying Tailscale mesh nodes...
❌ Philips SSD drive not found on local or remote Tailscale nodes.
=== 💾 PHILIPS SSD MULTI-NODE DISCOVERY & MOUNT UTILITY ===
Current Node: dios-macbook-air (Tue Jul 28 20:05:15 EEST 2026)
⚠️ Not found locally on dios-macbook-air. Querying Tailscale mesh nodes...
❌ Philips SSD drive not found on local or remote Tailscale nodes.
=== 💾 PHILIPS SSD MULTI-NODE DISCOVERY & MOUNT UTILITY ===
Current Node: dios-macbook-air (Tue Jul 28 20:10:16 EEST 2026)
⚠️ Not found locally on dios-macbook-air. Querying Tailscale mesh nodes...
❌ Philips SSD drive not found on local or remote Tailscale nodes.
=== 💾 PHILIPS SSD MULTI-NODE DISCOVERY & MOUNT UTILITY ===
Current Node: dios-macbook-air (Tue Jul 28 20:15:17 EEST 2026)
⚠️ Not found locally on dios-macbook-air. Querying Tailscale mesh nodes...
❌ Philips SSD drive not found on local or remote Tailscale nodes.
=== 💾 PHILIPS SSD MULTI-NODE DISCOVERY & MOUNT UTILITY ===
Current Node: dios-macbook-air (Tue Jul 28 20:20:18 EEST 2026)
⚠️ Not found locally on dios-macbook-air. Querying Tailscale mesh nodes...
❌ Philips SSD drive not found on local or remote Tailscale nodes.
=== 💾 PHILIPS SSD MULTI-NODE DISCOVERY & MOUNT UTILITY ===
Current Node: dios-macbook-air (Tue Jul 28 20:25:18 EEST 2026)
⚠️ Not found locally on dios-macbook-air. Querying Tailscale mesh nodes...
❌ Philips SSD drive not found on local or remote Tailscale nodes.
=== 💾 PHILIPS SSD MULTI-NODE DISCOVERY & MOUNT UTILITY ===
Current Node: dios-macbook-air (Tue Jul 28 20:30:19 EEST 2026)
⚠️ Not found locally on dios-macbook-air. Querying Tailscale mesh nodes...
❌ Philips SSD drive not found on local or remote Tailscale nodes.
=== 💾 PHILIPS SSD MULTI-NODE DISCOVERY & MOUNT UTILITY ===
Current Node: dios-macbook-air (Tue Jul 28 20:35:20 EEST 2026)
⚠️ Not found locally on dios-macbook-air. Querying Tailscale mesh nodes...
❌ Philips SSD drive not found on local or remote Tailscale nodes.
=== 💾 PHILIPS SSD MULTI-NODE DISCOVERY & MOUNT UTILITY ===
Current Node: dios-macbook-air (Tue Jul 28 20:40:21 EEST 2026)
⚠️ Not found locally on dios-macbook-air. Querying Tailscale mesh nodes...
❌ Philips SSD drive not found on local or remote Tailscale nodes.
=== 💾 PHILIPS SSD MULTI-NODE DISCOVERY & MOUNT UTILITY ===
Current Node: dios-macbook-air (Tue Jul 28 20:45:22 EEST 2026)
⚠️ Not found locally on dios-macbook-air. Querying Tailscale mesh nodes...
❌ Philips SSD drive not found on local or remote Tailscale nodes.
=== 💾 PHILIPS SSD MULTI-NODE DISCOVERY & MOUNT UTILITY ===
Current Node: dios-macbook-air (Tue Jul 28 20:50:23 EEST 2026)
⚠️ Not found locally on dios-macbook-air. Querying Tailscale mesh nodes...
❌ Philips SSD drive not found on local or remote Tailscale nodes.
=== 💾 PHILIPS SSD MULTI-NODE DISCOVERY & MOUNT UTILITY ===
Current Node: dios-macbook-air (Tue Jul 28 20:55:24 EEST 2026)
⚠️ Not found locally on dios-macbook-air. Querying Tailscale mesh nodes...
❌ Philips SSD drive not found on local or remote Tailscale nodes.
=== 💾 PHILIPS SSD MULTI-NODE DISCOVERY & MOUNT UTILITY ===
Current Node: dios-macbook-air (Tue Jul 28 21:00:25 EEST 2026)
⚠️ Not found locally on dios-macbook-air. Querying Tailscale mesh nodes...
❌ Philips SSD drive not found on local or remote Tailscale nodes.
=== 💾 PHILIPS SSD MULTI-NODE DISCOVERY & MOUNT UTILITY ===
Current Node: dios-macbook-air (Tue Jul 28 21:05:26 EEST 2026)
⚠️ Not found locally on dios-macbook-air. Querying Tailscale mesh nodes...
❌ Philips SSD drive not found on local or remote Tailscale nodes.
=== 💾 PHILIPS SSD MULTI-NODE DISCOVERY & MOUNT UTILITY ===
Current Node: dios-macbook-air (Tue Jul 28 21:10:27 EEST 2026)
⚠️ Not found locally on dios-macbook-air. Querying Tailscale mesh nodes...
❌ Philips SSD drive not found on local or remote Tailscale nodes.
=== 💾 PHILIPS SSD MULTI-NODE DISCOVERY & MOUNT UTILITY ===
Current Node: dios-macbook-air (Tue Jul 28 21:15:28 EEST 2026)
⚠️ Not found locally on dios-macbook-air. Querying Tailscale mesh nodes...
❌ Philips SSD drive not found on local or remote Tailscale nodes.
=== 💾 PHILIPS SSD MULTI-NODE DISCOVERY & MOUNT UTILITY ===
Current Node: dios-macbook-air (Tue Jul 28 21:20:29 EEST 2026)
⚠️ Not found locally on dios-macbook-air. Querying Tailscale mesh nodes...
❌ Philips SSD drive not found on local or remote Tailscale nodes.
=== 💾 PHILIPS SSD MULTI-NODE DISCOVERY & MOUNT UTILITY ===
Current Node: dios-macbook-air (Tue Jul 28 21:25:30 EEST 2026)
⚠️ Not found locally on dios-macbook-air. Querying Tailscale mesh nodes...
❌ Philips SSD drive not found on local or remote Tailscale nodes.
=== 💾 PHILIPS SSD MULTI-NODE DISCOVERY & MOUNT UTILITY ===
Current Node: dios-macbook-air (Tue Jul 28 21:30:31 EEST 2026)
⚠️ Not found locally on dios-macbook-air. Querying Tailscale mesh nodes...
❌ Philips SSD drive not found on local or remote Tailscale nodes.
=== 💾 PHILIPS SSD MULTI-NODE DISCOVERY & MOUNT UTILITY ===
Current Node: dios-macbook-air (Tue Jul 28 21:35:32 EEST 2026)
⚠️ Not found locally on dios-macbook-air. Querying Tailscale mesh nodes...
❌ Philips SSD drive not found on local or remote Tailscale nodes.
=== 💾 PHILIPS SSD MULTI-NODE DISCOVERY & MOUNT UTILITY ===
Current Node: dios-macbook-air (Tue Jul 28 21:40:32 EEST 2026)
⚠️ Not found locally on dios-macbook-air. Querying Tailscale mesh nodes...
❌ Philips SSD drive not found on local or remote Tailscale nodes.
=== 💾 PHILIPS SSD MULTI-NODE DISCOVERY & MOUNT UTILITY ===
Current Node: dios-macbook-air (Tue Jul 28 21:45:34 EEST 2026)
⚠️ Not found locally on dios-macbook-air. Querying Tailscale mesh nodes...
❌ Philips SSD drive not found on local or remote Tailscale nodes.
=== 💾 PHILIPS SSD MULTI-NODE DISCOVERY & MOUNT UTILITY ===
Current Node: dios-macbook-air (Tue Jul 28 21:50:43 EEST 2026)
⚠️ Not found locally on dios-macbook-air. Querying Tailscale mesh nodes...
❌ Philips SSD drive not found on local or remote Tailscale nodes.
=== 💾 PHILIPS SSD MULTI-NODE DISCOVERY & MOUNT UTILITY ===
Current Node: dios-macbook-air (Tue Jul 28 21:55:43 EEST 2026)
⚠️ Not found locally on dios-macbook-air. Querying Tailscale mesh nodes...
❌ Philips SSD drive not found on local or remote Tailscale nodes.
=== 💾 PHILIPS SSD MULTI-NODE DISCOVERY & MOUNT UTILITY ===
Current Node: dios-macbook-air (Tue Jul 28 22:00:44 EEST 2026)
⚠️ Not found locally on dios-macbook-air. Querying Tailscale mesh nodes...
❌ Philips SSD drive not found on local or remote Tailscale nodes.
=== 💾 PHILIPS SSD MULTI-NODE DISCOVERY & MOUNT UTILITY ===
Current Node: dios-macbook-air (Tue Jul 28 22:05:47 EEST 2026)
⚠️ Not found locally on dios-macbook-air. Querying Tailscale mesh nodes...
❌ Philips SSD drive not found on local or remote Tailscale nodes.
=== 💾 PHILIPS SSD MULTI-NODE DISCOVERY & MOUNT UTILITY ===
Current Node: dios-macbook-air (Tue Jul 28 22:10:47 EEST 2026)
⚠️ Not found locally on dios-macbook-air. Querying Tailscale mesh nodes...
❌ Philips SSD drive not found on local or remote Tailscale nodes.
=== 💾 PHILIPS SSD MULTI-NODE DISCOVERY & MOUNT UTILITY ===
Current Node: dios-macbook-air (Tue Jul 28 22:15:49 EEST 2026)
⚠️ Not found locally on dios-macbook-air. Querying Tailscale mesh nodes...
❌ Philips SSD drive not found on local or remote Tailscale nodes.
=== 💾 PHILIPS SSD MULTI-NODE DISCOVERY & MOUNT UTILITY ===
Current Node: dios-macbook-air (Tue Jul 28 22:20:50 EEST 2026)
⚠️ Not found locally on dios-macbook-air. Querying Tailscale mesh nodes...
❌ Philips SSD drive not found on local or remote Tailscale nodes.
=== 💾 PHILIPS SSD MULTI-NODE DISCOVERY & MOUNT UTILITY ===
Current Node: dios-macbook-air (Tue Jul 28 22:25:52 EEST 2026)
⚠️ Not found locally on dios-macbook-air. Querying Tailscale mesh nodes...
❌ Philips SSD drive not found on local or remote Tailscale nodes.
=== 💾 PHILIPS SSD MULTI-NODE DISCOVERY & MOUNT UTILITY ===
Current Node: dios-macbook-air (Tue Jul 28 22:30:53 EEST 2026)
⚠️ Not found locally on dios-macbook-air. Querying Tailscale mesh nodes...
❌ Philips SSD drive not found on local or remote Tailscale nodes.
=== 💾 PHILIPS SSD MULTI-NODE DISCOVERY & MOUNT UTILITY ===
Current Node: dios-macbook-air (Tue Jul 28 22:35:55 EEST 2026)
⚠️ Not found locally on dios-macbook-air. Querying Tailscale mesh nodes...
❌ Philips SSD drive not found on local or remote Tailscale nodes.
=== 💾 PHILIPS SSD MULTI-NODE DISCOVERY & MOUNT UTILITY ===
Current Node: dios-macbook-air (Tue Jul 28 22:40:57 EEST 2026)
⚠️ Not found locally on dios-macbook-air. Querying Tailscale mesh nodes...
❌ Philips SSD drive not found on local or remote Tailscale nodes.
=== 💾 PHILIPS SSD MULTI-NODE DISCOVERY & MOUNT UTILITY ===
Current Node: dios-macbook-air (Tue Jul 28 22:45:59 EEST 2026)
⚠️ Not found locally on dios-macbook-air. Querying Tailscale mesh nodes...
❌ Philips SSD drive not found on local or remote Tailscale nodes.
=== 💾 PHILIPS SSD MULTI-NODE DISCOVERY & MOUNT UTILITY ===
Current Node: dios-macbook-air (Tue Jul 28 22:51:00 EEST 2026)
⚠️ Not found locally on dios-macbook-air. Querying Tailscale mesh nodes...
❌ Philips SSD drive not found on local or remote Tailscale nodes.
=== 💾 PHILIPS SSD MULTI-NODE DISCOVERY & MOUNT UTILITY ===
Current Node: dios-macbook-air (Tue Jul 28 22:56:02 EEST 2026)
⚠️ Not found locally on dios-macbook-air. Querying Tailscale mesh nodes...
❌ Philips SSD drive not found on local or remote Tailscale nodes.
=== 💾 PHILIPS SSD MULTI-NODE DISCOVERY & MOUNT UTILITY ===
Current Node: dios-macbook-air (Tue Jul 28 23:01:04 EEST 2026)
⚠️ Not found locally on dios-macbook-air. Querying Tailscale mesh nodes...
❌ Philips SSD drive not found on local or remote Tailscale nodes.
=== 💾 PHILIPS SSD MULTI-NODE DISCOVERY & MOUNT UTILITY ===
Current Node: dios-macbook-air (Tue Jul 28 23:06:05 EEST 2026)
⚠️ Not found locally on dios-macbook-air. Querying Tailscale mesh nodes...
❌ Philips SSD drive not found on local or remote Tailscale nodes.
=== 💾 PHILIPS SSD MULTI-NODE DISCOVERY & MOUNT UTILITY ===
Current Node: dios-macbook-air (Tue Jul 28 23:11:07 EEST 2026)
⚠️ Not found locally on dios-macbook-air. Querying Tailscale mesh nodes...
❌ Philips SSD drive not found on local or remote Tailscale nodes.
=== 💾 PHILIPS SSD MULTI-NODE DISCOVERY & MOUNT UTILITY ===
Current Node: dios-macbook-air (Tue Jul 28 23:16:10 EEST 2026)
⚠️ Not found locally on dios-macbook-air. Querying Tailscale mesh nodes...
❌ Philips SSD drive not found on local or remote Tailscale nodes.
=== 💾 PHILIPS SSD MULTI-NODE DISCOVERY & MOUNT UTILITY ===
Current Node: dios-macbook-air (Tue Jul 28 23:21:15 EEST 2026)
⚠️ Not found locally on dios-macbook-air. Querying Tailscale mesh nodes...
❌ Philips SSD drive not found on local or remote Tailscale nodes.
=== 💾 PHILIPS SSD MULTI-NODE DISCOVERY & MOUNT UTILITY ===
Current Node: dios-macbook-air (Tue Jul 28 23:26:26 EEST 2026)
⚠️ Not found locally on dios-macbook-air. Querying Tailscale mesh nodes...
❌ Philips SSD drive not found on local or remote Tailscale nodes.
=== 💾 PHILIPS SSD MULTI-NODE DISCOVERY & MOUNT UTILITY ===
Current Node: dios-macbook-air (Tue Jul 28 23:31:44 EEST 2026)
⚠️ Not found locally on dios-macbook-air. Querying Tailscale mesh nodes...
❌ Philips SSD drive not found on local or remote Tailscale nodes.
=== 💾 PHILIPS SSD MULTI-NODE DISCOVERY & MOUNT UTILITY ===
Current Node: dios-macbook-air (Tue Jul 28 23:37:26 EEST 2026)
⚠️ Not found locally on dios-macbook-air. Querying Tailscale mesh nodes...
❌ Philips SSD drive not found on local or remote Tailscale nodes.
=== 💾 PHILIPS SSD MULTI-NODE DISCOVERY & MOUNT UTILITY ===
Current Node: dios-macbook-air (Tue Jul 28 23:42:54 EEST 2026)
⚠️ Not found locally on dios-macbook-air. Querying Tailscale mesh nodes...
❌ Philips SSD drive not found on local or remote Tailscale nodes.
=== 💾 PHILIPS SSD MULTI-NODE DISCOVERY & MOUNT UTILITY ===
Current Node: dios-macbook-air (Tue Jul 28 23:48:14 EEST 2026)
⚠️ Not found locally on dios-macbook-air. Querying Tailscale mesh nodes...
❌ Philips SSD drive not found on local or remote Tailscale nodes.
=== 💾 PHILIPS SSD MULTI-NODE DISCOVERY & MOUNT UTILITY ===
Current Node: dios-macbook-air (Tue Jul 28 23:53:28 EEST 2026)
⚠️ Not found locally on dios-macbook-air. Querying Tailscale mesh nodes...
❌ Philips SSD drive not found on local or remote Tailscale nodes.
=== 💾 PHILIPS SSD MULTI-NODE DISCOVERY & MOUNT UTILITY ===
Current Node: dios-macbook-air (Tue Jul 28 23:58:37 EEST 2026)
⚠️ Not found locally on dios-macbook-air. Querying Tailscale mesh nodes...
❌ Philips SSD drive not found on local or remote Tailscale nodes.
=== 💾 PHILIPS SSD MULTI-NODE DISCOVERY & MOUNT UTILITY ===
Current Node: dios-macbook-air (Wed Jul 29 00:03:46 EEST 2026)
⚠️ Not found locally on dios-macbook-air. Querying Tailscale mesh nodes...
❌ Philips SSD drive not found on local or remote Tailscale nodes.
=== 💾 PHILIPS SSD MULTI-NODE DISCOVERY & MOUNT UTILITY ===
Current Node: dios-macbook-air (Wed Jul 29 00:08:54 EEST 2026)
⚠️ Not found locally on dios-macbook-air. Querying Tailscale mesh nodes...
❌ Philips SSD drive not found on local or remote Tailscale nodes.
=== 💾 PHILIPS SSD MULTI-NODE DISCOVERY & MOUNT UTILITY ===
Current Node: dios-macbook-air (Wed Jul 29 00:14:00 EEST 2026)
⚠️ Not found locally on dios-macbook-air. Querying Tailscale mesh nodes...
❌ Philips SSD drive not found on local or remote Tailscale nodes.
=== 💾 PHILIPS SSD MULTI-NODE DISCOVERY & MOUNT UTILITY ===
Current Node: dios-macbook-air (Wed Jul 29 00:19:06 EEST 2026)
⚠️ Not found locally on dios-macbook-air. Querying Tailscale mesh nodes...
❌ Philips SSD drive not found on local or remote Tailscale nodes.
=== 💾 PHILIPS SSD MULTI-NODE DISCOVERY & MOUNT UTILITY ===
Current Node: dios-macbook-air (Wed Jul 29 00:24:10 EEST 2026)
⚠️ Not found locally on dios-macbook-air. Querying Tailscale mesh nodes...
❌ Philips SSD drive not found on local or remote Tailscale nodes.
=== 💾 PHILIPS SSD MULTI-NODE DISCOVERY & MOUNT UTILITY ===
Current Node: dios-macbook-air (Wed Jul 29 00:29:18 EEST 2026)
⚠️ Not found locally on dios-macbook-air. Querying Tailscale mesh nodes...
❌ Philips SSD drive not found on local or remote Tailscale nodes.
=== 💾 PHILIPS SSD MULTI-NODE DISCOVERY & MOUNT UTILITY ===
Current Node: dios-macbook-air (Wed Jul 29 00:34:25 EEST 2026)
⚠️ Not found locally on dios-macbook-air. Querying Tailscale mesh nodes...
❌ Philips SSD drive not found on local or remote Tailscale nodes.
=== 💾 PHILIPS SSD MULTI-NODE DISCOVERY & MOUNT UTILITY ===
Current Node: dios-macbook-air (Wed Jul 29 00:39:33 EEST 2026)
⚠️ Not found locally on dios-macbook-air. Querying Tailscale mesh nodes...
❌ Philips SSD drive not found on local or remote Tailscale nodes.
=== 💾 PHILIPS SSD MULTI-NODE DISCOVERY & MOUNT UTILITY ===
Current Node: dios-macbook-air (Wed Jul 29 00:44:40 EEST 2026)
⚠️ Not found locally on dios-macbook-air. Querying Tailscale mesh nodes...
❌ Philips SSD drive not found on local or remote Tailscale nodes.
=== 💾 PHILIPS SSD MULTI-NODE DISCOVERY & MOUNT UTILITY ===
Current Node: dios-macbook-air (Wed Jul 29 00:49:41 EEST 2026)
⚠️ Not found locally on dios-macbook-air. Querying Tailscale mesh nodes...
❌ Philips SSD drive not found on local or remote Tailscale nodes.
=== 💾 PHILIPS SSD MULTI-NODE DISCOVERY & MOUNT UTILITY ===
Current Node: dios-macbook-air (Wed Jul 29 00:54:43 EEST 2026)
⚠️ Not found locally on dios-macbook-air. Querying Tailscale mesh nodes...
❌ Philips SSD drive not found on local or remote Tailscale nodes.
=== 💾 PHILIPS SSD MULTI-NODE DISCOVERY & MOUNT UTILITY ===
Current Node: dios-macbook-air (Wed Jul 29 00:59:45 EEST 2026)
⚠️ Not found locally on dios-macbook-air. Querying Tailscale mesh nodes...
❌ Philips SSD drive not found on local or remote Tailscale nodes.
=== 💾 PHILIPS SSD MULTI-NODE DISCOVERY & MOUNT UTILITY ===
Current Node: dios-macbook-air (Wed Jul 29 01:04:46 EEST 2026)
⚠️ Not found locally on dios-macbook-air. Querying Tailscale mesh nodes...
❌ Philips SSD drive not found on local or remote Tailscale nodes.
=== 💾 PHILIPS SSD MULTI-NODE DISCOVERY & MOUNT UTILITY ===
Current Node: dios-macbook-air (Wed Jul 29 01:09:48 EEST 2026)
⚠️ Not found locally on dios-macbook-air. Querying Tailscale mesh nodes...
❌ Philips SSD drive not found on local or remote Tailscale nodes.
=== 💾 PHILIPS SSD MULTI-NODE DISCOVERY & MOUNT UTILITY ===
Current Node: dios-macbook-air (Wed Jul 29 01:14:52 EEST 2026)
⚠️ Not found locally on dios-macbook-air. Querying Tailscale mesh nodes...
❌ Philips SSD drive not found on local or remote Tailscale nodes.
=== 💾 PHILIPS SSD MULTI-NODE DISCOVERY & MOUNT UTILITY ===
Current Node: dios-macbook-air (Wed Jul 29 01:19:56 EEST 2026)
⚠️ Not found locally on dios-macbook-air. Querying Tailscale mesh nodes...
❌ Philips SSD drive not found on local or remote Tailscale nodes.
=== 💾 PHILIPS SSD MULTI-NODE DISCOVERY & MOUNT UTILITY ===
Current Node: dios-macbook-air (Wed Jul 29 01:24:58 EEST 2026)
⚠️ Not found locally on dios-macbook-air. Querying Tailscale mesh nodes...
❌ Philips SSD drive not found on local or remote Tailscale nodes.
=== 💾 PHILIPS SSD MULTI-NODE DISCOVERY & MOUNT UTILITY ===
Current Node: dios-macbook-air (Wed Jul 29 01:29:59 EEST 2026)
⚠️ Not found locally on dios-macbook-air. Querying Tailscale mesh nodes...
❌ Philips SSD drive not found on local or remote Tailscale nodes.
=== 💾 PHILIPS SSD MULTI-NODE DISCOVERY & MOUNT UTILITY ===
Current Node: dios-macbook-air (Wed Jul 29 01:35:01 EEST 2026)
⚠️ Not found locally on dios-macbook-air. Querying Tailscale mesh nodes...
❌ Philips SSD drive not found on local or remote Tailscale nodes.
=== 💾 PHILIPS SSD MULTI-NODE DISCOVERY & MOUNT UTILITY ===
Current Node: dios-macbook-air (Wed Jul 29 01:40:03 EEST 2026)
⚠️ Not found locally on dios-macbook-air. Querying Tailscale mesh nodes...
❌ Philips SSD drive not found on local or remote Tailscale nodes.
=== 💾 PHILIPS SSD MULTI-NODE DISCOVERY & MOUNT UTILITY ===
Current Node: dios-macbook-air (Wed Jul 29 01:45:05 EEST 2026)
⚠️ Not found locally on dios-macbook-air. Querying Tailscale mesh nodes...
❌ Philips SSD drive not found on local or remote Tailscale nodes.
=== 💾 PHILIPS SSD MULTI-NODE DISCOVERY & MOUNT UTILITY ===
Current Node: dios-macbook-air (Wed Jul 29 01:50:06 EEST 2026)
⚠️ Not found locally on dios-macbook-air. Querying Tailscale mesh nodes...
❌ Philips SSD drive not found on local or remote Tailscale nodes.
=== 💾 PHILIPS SSD MULTI-NODE DISCOVERY & MOUNT UTILITY ===
Current Node: dios-macbook-air (Wed Jul 29 01:55:08 EEST 2026)
⚠️ Not found locally on dios-macbook-air. Querying Tailscale mesh nodes...
❌ Philips SSD drive not found on local or remote Tailscale nodes.
=== 💾 PHILIPS SSD MULTI-NODE DISCOVERY & MOUNT UTILITY ===
Current Node: dios-macbook-air (Wed Jul 29 02:00:09 EEST 2026)
⚠️ Not found locally on dios-macbook-air. Querying Tailscale mesh nodes...
❌ Philips SSD drive not found on local or remote Tailscale nodes.
=== 💾 PHILIPS SSD MULTI-NODE DISCOVERY & MOUNT UTILITY ===
Current Node: dios-macbook-air (Wed Jul 29 02:05:11 EEST 2026)
⚠️ Not found locally on dios-macbook-air. Querying Tailscale mesh nodes...
❌ Philips SSD drive not found on local or remote Tailscale nodes.
=== 💾 PHILIPS SSD MULTI-NODE DISCOVERY & MOUNT UTILITY ===
Current Node: dios-macbook-air (Wed Jul 29 02:10:13 EEST 2026)
⚠️ Not found locally on dios-macbook-air. Querying Tailscale mesh nodes...
❌ Philips SSD drive not found on local or remote Tailscale nodes.
=== 💾 PHILIPS SSD MULTI-NODE DISCOVERY & MOUNT UTILITY ===
Current Node: dios-macbook-air (Wed Jul 29 02:15:14 EEST 2026)
⚠️ Not found locally on dios-macbook-air. Querying Tailscale mesh nodes...
❌ Philips SSD drive not found on local or remote Tailscale nodes.
=== 💾 PHILIPS SSD MULTI-NODE DISCOVERY & MOUNT UTILITY ===
Current Node: dios-macbook-air (Wed Jul 29 02:20:16 EEST 2026)
⚠️ Not found locally on dios-macbook-air. Querying Tailscale mesh nodes...
❌ Philips SSD drive not found on local or remote Tailscale nodes.
=== 💾 PHILIPS SSD MULTI-NODE DISCOVERY & MOUNT UTILITY ===
Current Node: dios-macbook-air (Wed Jul 29 02:25:18 EEST 2026)
⚠️ Not found locally on dios-macbook-air. Querying Tailscale mesh nodes...
❌ Philips SSD drive not found on local or remote Tailscale nodes.
=== 💾 PHILIPS SSD MULTI-NODE DISCOVERY & MOUNT UTILITY ===
Current Node: dios-macbook-air (Wed Jul 29 02:30:19 EEST 2026)
⚠️ Not found locally on dios-macbook-air. Querying Tailscale mesh nodes...
❌ Philips SSD drive not found on local or remote Tailscale nodes.
=== 💾 PHILIPS SSD MULTI-NODE DISCOVERY & MOUNT UTILITY ===
Current Node: dios-macbook-air (Wed Jul 29 02:35:21 EEST 2026)
⚠️ Not found locally on dios-macbook-air. Querying Tailscale mesh nodes...
❌ Philips SSD drive not found on local or remote Tailscale nodes.
=== 💾 PHILIPS SSD MULTI-NODE DISCOVERY & MOUNT UTILITY ===
Current Node: dios-macbook-air (Wed Jul 29 02:40:22 EEST 2026)
⚠️ Not found locally on dios-macbook-air. Querying Tailscale mesh nodes...
❌ Philips SSD drive not found on local or remote Tailscale nodes.
=== 💾 PHILIPS SSD MULTI-NODE DISCOVERY & MOUNT UTILITY ===
Current Node: dios-macbook-air (Wed Jul 29 02:45:24 EEST 2026)
⚠️ Not found locally on dios-macbook-air. Querying Tailscale mesh nodes...
❌ Philips SSD drive not found on local or remote Tailscale nodes.
=== 💾 PHILIPS SSD MULTI-NODE DISCOVERY & MOUNT UTILITY ===
Current Node: dios-macbook-air (Wed Jul 29 02:50:26 EEST 2026)
⚠️ Not found locally on dios-macbook-air. Querying Tailscale mesh nodes...
❌ Philips SSD drive not found on local or remote Tailscale nodes.
=== 💾 PHILIPS SSD MULTI-NODE DISCOVERY & MOUNT UTILITY ===
Current Node: dios-macbook-air (Wed Jul 29 02:55:27 EEST 2026)
⚠️ Not found locally on dios-macbook-air. Querying Tailscale mesh nodes...
❌ Philips SSD drive not found on local or remote Tailscale nodes.
=== 💾 PHILIPS SSD MULTI-NODE DISCOVERY & MOUNT UTILITY ===
Current Node: dios-macbook-air (Wed Jul 29 03:00:30 EEST 2026)
⚠️ Not found locally on dios-macbook-air. Querying Tailscale mesh nodes...
❌ Philips SSD drive not found on local or remote Tailscale nodes.
=== 💾 PHILIPS SSD MULTI-NODE DISCOVERY & MOUNT UTILITY ===
Current Node: dios-macbook-air (Wed Jul 29 03:05:31 EEST 2026)
⚠️ Not found locally on dios-macbook-air. Querying Tailscale mesh nodes...
❌ Philips SSD drive not found on local or remote Tailscale nodes.
=== 💾 PHILIPS SSD MULTI-NODE DISCOVERY & MOUNT UTILITY ===
Current Node: dios-macbook-air (Wed Jul 29 03:10:33 EEST 2026)
⚠️ Not found locally on dios-macbook-air. Querying Tailscale mesh nodes...
❌ Philips SSD drive not found on local or remote Tailscale nodes.
=== 💾 PHILIPS SSD MULTI-NODE DISCOVERY & MOUNT UTILITY ===
Current Node: dios-macbook-air (Wed Jul 29 03:15:35 EEST 2026)
⚠️ Not found locally on dios-macbook-air. Querying Tailscale mesh nodes...
❌ Philips SSD drive not found on local or remote Tailscale nodes.
=== 💾 PHILIPS SSD MULTI-NODE DISCOVERY & MOUNT UTILITY ===
Current Node: dios-macbook-air (Wed Jul 29 03:20:36 EEST 2026)
⚠️ Not found locally on dios-macbook-air. Querying Tailscale mesh nodes...
❌ Philips SSD drive not found on local or remote Tailscale nodes.
=== 💾 PHILIPS SSD MULTI-NODE DISCOVERY & MOUNT UTILITY ===
Current Node: dios-macbook-air (Wed Jul 29 03:25:38 EEST 2026)
⚠️ Not found locally on dios-macbook-air. Querying Tailscale mesh nodes...
❌ Philips SSD drive not found on local or remote Tailscale nodes.
=== 💾 PHILIPS SSD MULTI-NODE DISCOVERY & MOUNT UTILITY ===
Current Node: dios-macbook-air (Wed Jul 29 03:30:40 EEST 2026)
⚠️ Not found locally on dios-macbook-air. Querying Tailscale mesh nodes...
❌ Philips SSD drive not found on local or remote Tailscale nodes.
=== 💾 PHILIPS SSD MULTI-NODE DISCOVERY & MOUNT UTILITY ===
Current Node: dios-macbook-air (Wed Jul 29 03:35:42 EEST 2026)
⚠️ Not found locally on dios-macbook-air. Querying Tailscale mesh nodes...
❌ Philips SSD drive not found on local or remote Tailscale nodes.
=== 💾 PHILIPS SSD MULTI-NODE DISCOVERY & MOUNT UTILITY ===
Current Node: dios-macbook-air (Wed Jul 29 03:40:43 EEST 2026)
⚠️ Not found locally on dios-macbook-air. Querying Tailscale mesh nodes...
❌ Philips SSD drive not found on local or remote Tailscale nodes.
=== 💾 PHILIPS SSD MULTI-NODE DISCOVERY & MOUNT UTILITY ===
Current Node: dios-macbook-air (Wed Jul 29 03:45:45 EEST 2026)
⚠️ Not found locally on dios-macbook-air. Querying Tailscale mesh nodes...
❌ Philips SSD drive not found on local or remote Tailscale nodes.
=== 💾 PHILIPS SSD MULTI-NODE DISCOVERY & MOUNT UTILITY ===
Current Node: dios-macbook-air (Wed Jul 29 03:50:46 EEST 2026)
⚠️ Not found locally on dios-macbook-air. Querying Tailscale mesh nodes...
❌ Philips SSD drive not found on local or remote Tailscale nodes.
=== 💾 PHILIPS SSD MULTI-NODE DISCOVERY & MOUNT UTILITY ===
Current Node: dios-macbook-air (Wed Jul 29 03:55:48 EEST 2026)
⚠️ Not found locally on dios-macbook-air. Querying Tailscale mesh nodes...
❌ Philips SSD drive not found on local or remote Tailscale nodes.
=== 💾 PHILIPS SSD MULTI-NODE DISCOVERY & MOUNT UTILITY ===
Current Node: dios-macbook-air (Wed Jul 29 04:00:50 EEST 2026)
⚠️ Not found locally on dios-macbook-air. Querying Tailscale mesh nodes...
❌ Philips SSD drive not found on local or remote Tailscale nodes.
=== 💾 PHILIPS SSD MULTI-NODE DISCOVERY & MOUNT UTILITY ===
Current Node: dios-macbook-air (Wed Jul 29 04:29:08 EEST 2026)
⚠️ Not found locally on dios-macbook-air. Querying Tailscale mesh nodes...
❌ Philips SSD drive not found on local or remote Tailscale nodes.
=== 💾 PHILIPS SSD MULTI-NODE DISCOVERY & MOUNT UTILITY ===
Current Node: dios-macbook-air (Wed Jul 29 10:07:18 EEST 2026)
⚠️ Not found locally on dios-macbook-air. Querying Tailscale mesh nodes...
❌ Philips SSD drive not found on local or remote Tailscale nodes.
=== 💾 PHILIPS SSD MULTI-NODE DISCOVERY & MOUNT UTILITY ===
Current Node: dios-macbook-air (Wed Jul 29 16:13:39 EEST 2026)
⚠️ Not found locally on dios-macbook-air. Querying Tailscale mesh nodes...
❌ Philips SSD drive not found on local or remote Tailscale nodes.
=== 💾 PHILIPS SSD MULTI-NODE DISCOVERY & MOUNT UTILITY ===
Current Node: dios-macbook-air (Wed Jul 29 16:38:03 EEST 2026)
⚠️ Not found locally on dios-macbook-air. Querying Tailscale mesh nodes...
❌ Philips SSD drive not found on local or remote Tailscale nodes.
=== 💾 PHILIPS SSD MULTI-NODE DISCOVERY & MOUNT UTILITY ===
Current Node: dios-macbook-air (Wed Jul 29 16:43:07 EEST 2026)
⚠️ Not found locally on dios-macbook-air. Querying Tailscale mesh nodes...
❌ Philips SSD drive not found on local or remote Tailscale nodes.
=== 💾 PHILIPS SSD MULTI-NODE DISCOVERY & MOUNT UTILITY ===
Current Node: dios-macbook-air (Wed Jul 29 16:48:10 EEST 2026)
⚠️ Not found locally on dios-macbook-air. Querying Tailscale mesh nodes...
❌ Philips SSD drive not found on local or remote Tailscale nodes.
=== 💾 PHILIPS SSD MULTI-NODE DISCOVERY & MOUNT UTILITY ===
Current Node: dios-macbook-air (Wed Jul 29 16:53:14 EEST 2026)
⚠️ Not found locally on dios-macbook-air. Querying Tailscale mesh nodes...
❌ Philips SSD drive not found on local or remote Tailscale nodes.
=== 💾 PHILIPS SSD MULTI-NODE DISCOVERY & MOUNT UTILITY ===
Current Node: dios-macbook-air (Wed Jul 29 16:58:18 EEST 2026)
⚠️ Not found locally on dios-macbook-air. Querying Tailscale mesh nodes...
❌ Philips SSD drive not found on local or remote Tailscale nodes.
=== 💾 PHILIPS SSD MULTI-NODE DISCOVERY & MOUNT UTILITY ===
Current Node: dios-macbook-air (Wed Jul 29 17:03:22 EEST 2026)
⚠️ Not found locally on dios-macbook-air. Querying Tailscale mesh nodes...
❌ Philips SSD drive not found on local or remote Tailscale nodes.
=== 💾 PHILIPS SSD MULTI-NODE DISCOVERY & MOUNT UTILITY ===
Current Node: dios-macbook-air (Wed Jul 29 20:08:18 EEST 2026)
⚠️ Not found locally on dios-macbook-air. Querying Tailscale mesh nodes...
❌ Philips SSD drive not found on local or remote Tailscale nodes.
=== 💾 PHILIPS SSD MULTI-NODE DISCOVERY & MOUNT UTILITY ===
Current Node: dios-macbook-air (Wed Jul 29 23:01:38 EEST 2026)
⚠️ Not found locally on dios-macbook-air. Querying Tailscale mesh nodes...
❌ Philips SSD drive not found on local or remote Tailscale nodes.
=== 💾 PHILIPS SSD MULTI-NODE DISCOVERY & MOUNT UTILITY ===
Current Node: dios-macbook-air (Wed Jul 29 23:06:41 EEST 2026)
⚠️ Not found locally on dios-macbook-air. Querying Tailscale mesh nodes...
❌ Philips SSD drive not found on local or remote Tailscale nodes.
=== 💾 PHILIPS SSD MULTI-NODE DISCOVERY & MOUNT UTILITY ===
Current Node: dios-macbook-air (Thu Jul 30 01:11:19 EEST 2026)
⚠️ Not found locally on dios-macbook-air. Querying Tailscale mesh nodes...
❌ Philips SSD drive not found on local or remote Tailscale nodes.
=== 💾 PHILIPS SSD MULTI-NODE DISCOVERY & MOUNT UTILITY ===
Current Node: dios-macbook-air (Thu Jul 30 07:41:44 EEST 2026)
⚠️ Not found locally on dios-macbook-air. Querying Tailscale mesh nodes...
❌ Philips SSD drive not found on local or remote Tailscale nodes.
=== 💾 PHILIPS SSD MULTI-NODE DISCOVERY & MOUNT UTILITY ===
Current Node: dios-macbook-air (Thu Jul 30 11:04:22 EEST 2026)
⚠️ Not found locally on dios-macbook-air. Querying Tailscale mesh nodes...
❌ Philips SSD drive not found on local or remote Tailscale nodes.
=== 💾 PHILIPS SSD MULTI-NODE DISCOVERY & MOUNT UTILITY ===
Current Node: dios-macbook-air (Thu Jul 30 15:58:46 EEST 2026)
⚠️ Not found locally on dios-macbook-air. Querying Tailscale mesh nodes...
❌ Philips SSD drive not found on local or remote Tailscale nodes.
=== 💾 PHILIPS SSD MULTI-NODE DISCOVERY & MOUNT UTILITY ===
Current Node: dios-macbook-air (Thu Jul 30 19:12:44 EEST 2026)
⚠️ Not found locally on dios-macbook-air. Querying Tailscale mesh nodes...
❌ Philips SSD drive not found on local or remote Tailscale nodes.
=== 💾 PHILIPS SSD MULTI-NODE DISCOVERY & MOUNT UTILITY ===
Current Node: dios-macbook-air (Thu Jul 30 23:10:53 EEST 2026)
⚠️ Not found locally on dios-macbook-air. Querying Tailscale mesh nodes...
❌ Philips SSD drive not found on local or remote Tailscale nodes.
=== 💾 PHILIPS SSD MULTI-NODE DISCOVERY & MOUNT UTILITY ===
Current Node: dios-macbook-air (Fri Jul 31 02:56:28 EEST 2026)
⚠️ Not found locally on dios-macbook-air. Querying Tailscale mesh nodes...
❌ Philips SSD drive not found on local or remote Tailscale nodes.
=== 💾 PHILIPS SSD MULTI-NODE DISCOVERY & MOUNT UTILITY ===
Current Node: dios-macbook-air (Fri Jul 31 09:03:41 EEST 2026)
⚠️ Not found locally on dios-macbook-air. Querying Tailscale mesh nodes...
❌ Philips SSD drive not found on local or remote Tailscale nodes.
=== 💾 PHILIPS SSD MULTI-NODE DISCOVERY & MOUNT UTILITY ===
Current Node: dios-macbook-air (Fri Jul 31 12:06:33 EEST 2026)
⚠️ Not found locally on dios-macbook-air. Querying Tailscale mesh nodes...
❌ Philips SSD drive not found on local or remote Tailscale nodes.
=== 💾 PHILIPS SSD MULTI-NODE DISCOVERY & MOUNT UTILITY ===
Current Node: dios-macbook-air (Fri Jul 31 12:43:33 EEST 2026)
⚠️ Not found locally on dios-macbook-air. Querying Tailscale mesh nodes...
❌ Philips SSD drive not found on local or remote Tailscale nodes.
=== 💾 PHILIPS SSD MULTI-NODE DISCOVERY & MOUNT UTILITY ===
Current Node: dios-macbook-air (Fri Jul 31 12:48:32 EEST 2026)
⚠️ Not found locally on dios-macbook-air. Querying Tailscale mesh nodes...
❌ Philips SSD drive not found on local or remote Tailscale nodes.
=== 💾 PHILIPS SSD MULTI-NODE DISCOVERY & MOUNT UTILITY ===
Current Node: dios-macbook-air (Fri Jul 31 12:53:36 EEST 2026)
⚠️ Not found locally on dios-macbook-air. Querying Tailscale mesh nodes...
❌ Philips SSD drive not found on local or remote Tailscale nodes.
=== 💾 PHILIPS SSD MULTI-NODE DISCOVERY & MOUNT UTILITY ===
Current Node: dios-macbook-air (Fri Jul 31 12:58:41 EEST 2026)
⚠️ Not found locally on dios-macbook-air. Querying Tailscale mesh nodes...
❌ Philips SSD drive not found on local or remote Tailscale nodes.
=== 💾 PHILIPS SSD MULTI-NODE DISCOVERY & MOUNT UTILITY ===
Current Node: dios-macbook-air (Fri Jul 31 13:03:46 EEST 2026)
⚠️ Not found locally on dios-macbook-air. Querying Tailscale mesh nodes...
❌ Philips SSD drive not found on local or remote Tailscale nodes.
=== 💾 PHILIPS SSD MULTI-NODE DISCOVERY & MOUNT UTILITY ===
Current Node: dios-macbook-air (Fri Jul 31 13:08:50 EEST 2026)
⚠️ Not found locally on dios-macbook-air. Querying Tailscale mesh nodes...
❌ Philips SSD drive not found on local or remote Tailscale nodes.
=== 💾 PHILIPS SSD MULTI-NODE DISCOVERY & MOUNT UTILITY ===
Current Node: dios-macbook-air (Wed Aug  5 22:17:41 EEST 2026)
⚠️ Not found locally on dios-macbook-air. Querying Tailscale mesh nodes...
❌ Philips SSD drive not found on local or remote Tailscale nodes.
=== 💾 PHILIPS SSD MULTI-NODE DISCOVERY & MOUNT UTILITY ===
Current Node: dios-macbook-air (Wed Aug  5 22:22:48 EEST 2026)
⚠️ Not found locally on dios-macbook-air. Querying Tailscale mesh nodes...
❌ Philips SSD drive not found on local or remote Tailscale nodes.
=== 💾 PHILIPS SSD MULTI-NODE DISCOVERY & MOUNT UTILITY ===
Current Node: dios-macbook-air (Wed Aug  5 22:27:50 EEST 2026)
⚠️ Not found locally on dios-macbook-air. Querying Tailscale mesh nodes...
❌ Philips SSD drive not found on local or remote Tailscale nodes.
=== 💾 PHILIPS SSD MULTI-NODE DISCOVERY & MOUNT UTILITY ===
Current Node: dios-macbook-air (Wed Aug  5 22:32:51 EEST 2026)
⚠️ Not found locally on dios-macbook-air. Querying Tailscale mesh nodes...
❌ Philips SSD drive not found on local or remote Tailscale nodes.
=== 💾 PHILIPS SSD MULTI-NODE DISCOVERY & MOUNT UTILITY ===
Current Node: dios-macbook-air (Wed Aug  5 22:37:53 EEST 2026)
⚠️ Not found locally on dios-macbook-air. Querying Tailscale mesh nodes...
❌ Philips SSD drive not found on local or remote Tailscale nodes.
=== 💾 PHILIPS SSD MULTI-NODE DISCOVERY & MOUNT UTILITY ===
Current Node: dios-macbook-air (Wed Aug  5 22:42:54 EEST 2026)
⚠️ Not found locally on dios-macbook-air. Querying Tailscale mesh nodes...
❌ Philips SSD drive not found on local or remote Tailscale nodes.
=== 💾 PHILIPS SSD MULTI-NODE DISCOVERY & MOUNT UTILITY ===
Current Node: dios-macbook-air (Wed Aug  5 22:47:56 EEST 2026)
⚠️ Not found locally on dios-macbook-air. Querying Tailscale mesh nodes...
❌ Philips SSD drive not found on local or remote Tailscale nodes.
=== 💾 PHILIPS SSD MULTI-NODE DISCOVERY & MOUNT UTILITY ===
Current Node: dios-macbook-air (Wed Aug  5 22:52:57 EEST 2026)
⚠️ Not found locally on dios-macbook-air. Querying Tailscale mesh nodes...
❌ Philips SSD drive not found on local or remote Tailscale nodes.
=== 💾 PHILIPS SSD MULTI-NODE DISCOVERY & MOUNT UTILITY ===
Current Node: dios-macbook-air (Wed Aug  5 22:57:59 EEST 2026)
⚠️ Not found locally on dios-macbook-air. Querying Tailscale mesh nodes...
❌ Philips SSD drive not found on local or remote Tailscale nodes.
=== 💾 PHILIPS SSD MULTI-NODE DISCOVERY & MOUNT UTILITY ===
Current Node: dios-macbook-air (Wed Aug  5 23:03:00 EEST 2026)
⚠️ Not found locally on dios-macbook-air. Querying Tailscale mesh nodes...
❌ Philips SSD drive not found on local or remote Tailscale nodes.
=== 💾 PHILIPS SSD MULTI-NODE DISCOVERY & MOUNT UTILITY ===
Current Node: dios-macbook-air (Wed Aug  5 23:08:03 EEST 2026)
⚠️ Not found locally on dios-macbook-air. Querying Tailscale mesh nodes...
❌ Philips SSD drive not found on local or remote Tailscale nodes.
=== 💾 PHILIPS SSD MULTI-NODE DISCOVERY & MOUNT UTILITY ===
Current Node: dios-macbook-air (Wed Aug  5 23:13:05 EEST 2026)
⚠️ Not found locally on dios-macbook-air. Querying Tailscale mesh nodes...
❌ Philips SSD drive not found on local or remote Tailscale nodes.
=== 💾 PHILIPS SSD MULTI-NODE DISCOVERY & MOUNT UTILITY ===
Current Node: dios-macbook-air (Wed Aug  5 23:18:07 EEST 2026)
⚠️ Not found locally on dios-macbook-air. Querying Tailscale mesh nodes...
❌ Philips SSD drive not found on local or remote Tailscale nodes.
=== 💾 PHILIPS SSD MULTI-NODE DISCOVERY & MOUNT UTILITY ===
Current Node: dios-macbook-air (Wed Aug  5 23:23:09 EEST 2026)
⚠️ Not found locally on dios-macbook-air. Querying Tailscale mesh nodes...
❌ Philips SSD drive not found on local or remote Tailscale nodes.
=== 💾 PHILIPS SSD MULTI-NODE DISCOVERY & MOUNT UTILITY ===
Current Node: dios-macbook-air (Wed Aug  5 23:28:10 EEST 2026)
⚠️ Not found locally on dios-macbook-air. Querying Tailscale mesh nodes...
❌ Philips SSD drive not found on local or remote Tailscale nodes.
=== 💾 PHILIPS SSD MULTI-NODE DISCOVERY & MOUNT UTILITY ===
Current Node: dios-macbook-air (Wed Aug  5 23:33:12 EEST 2026)
⚠️ Not found locally on dios-macbook-air. Querying Tailscale mesh nodes...
❌ Philips SSD drive not found on local or remote Tailscale nodes.
=== 💾 PHILIPS SSD MULTI-NODE DISCOVERY & MOUNT UTILITY ===
Current Node: dios-macbook-air (Wed Aug  5 23:38:13 EEST 2026)
⚠️ Not found locally on dios-macbook-air. Querying Tailscale mesh nodes...
❌ Philips SSD drive not found on local or remote Tailscale nodes.
=== 💾 PHILIPS SSD MULTI-NODE DISCOVERY & MOUNT UTILITY ===
Current Node: dios-macbook-air (Wed Aug  5 23:43:16 EEST 2026)
⚠️ Not found locally on dios-macbook-air. Querying Tailscale mesh nodes...
❌ Philips SSD drive not found on local or remote Tailscale nodes.
=== 💾 PHILIPS SSD MULTI-NODE DISCOVERY & MOUNT UTILITY ===
Current Node: dios-macbook-air (Wed Aug  5 23:48:16 EEST 2026)
⚠️ Not found locally on dios-macbook-air. Querying Tailscale mesh nodes...
❌ Philips SSD drive not found on local or remote Tailscale nodes.
=== 💾 PHILIPS SSD MULTI-NODE DISCOVERY & MOUNT UTILITY ===
Current Node: dios-macbook-air (Wed Aug  5 23:53:19 EEST 2026)
⚠️ Not found locally on dios-macbook-air. Querying Tailscale mesh nodes...
❌ Philips SSD drive not found on local or remote Tailscale nodes.
=== 💾 PHILIPS SSD MULTI-NODE DISCOVERY & MOUNT UTILITY ===
Current Node: dios-macbook-air (Wed Aug  5 23:58:34 EEST 2026)
⚠️ Not found locally on dios-macbook-air. Querying Tailscale mesh nodes...
❌ Philips SSD drive not found on local or remote Tailscale nodes.
=== 💾 PHILIPS SSD MULTI-NODE DISCOVERY & MOUNT UTILITY ===
Current Node: dios-macbook-air (Thu Aug  6 00:03:37 EEST 2026)
⚠️ Not found locally on dios-macbook-air. Querying Tailscale mesh nodes...
❌ Philips SSD drive not found on local or remote Tailscale nodes.
=== 💾 PHILIPS SSD MULTI-NODE DISCOVERY & MOUNT UTILITY ===
Current Node: dios-macbook-air (Thu Aug  6 00:08:51 EEST 2026)
⚠️ Not found locally on dios-macbook-air. Querying Tailscale mesh nodes...
❌ Philips SSD drive not found on local or remote Tailscale nodes.
=== 💾 PHILIPS SSD MULTI-NODE DISCOVERY & MOUNT UTILITY ===
Current Node: dios-macbook-air (Thu Aug  6 00:13:52 EEST 2026)
⚠️ Not found locally on dios-macbook-air. Querying Tailscale mesh nodes...
❌ Philips SSD drive not found on local or remote Tailscale nodes.
=== 💾 PHILIPS SSD MULTI-NODE DISCOVERY & MOUNT UTILITY ===
Current Node: dios-macbook-air (Thu Aug  6 00:19:11 EEST 2026)
⚠️ Not found locally on dios-macbook-air. Querying Tailscale mesh nodes...
❌ Philips SSD drive not found on local or remote Tailscale nodes.
=== 💾 PHILIPS SSD MULTI-NODE DISCOVERY & MOUNT UTILITY ===
Current Node: dios-macbook-air (Thu Aug  6 00:24:28 EEST 2026)
⚠️ Not found locally on dios-macbook-air. Querying Tailscale mesh nodes...
❌ Philips SSD drive not found on local or remote Tailscale nodes.
=== 💾 PHILIPS SSD MULTI-NODE DISCOVERY & MOUNT UTILITY ===
Current Node: dios-macbook-air (Wed Aug 12 16:58:49 EEST 2026)
🔍 Discovered unmounted Philips SSD partition: disk4s1
Mounting diskutil mount disk4s1...
Volume KINGSTON on disk4s1 mounted
⚠️ Not found locally on dios-macbook-air. Querying Tailscale mesh nodes...
✅ Philips SSD located on macmini-primary (100.83.83.8) at: /Volumes/PHILIPS Solid State Drive
=== 💾 PHILIPS SSD MULTI-NODE DISCOVERY & MOUNT UTILITY ===
Current Node: dios-macbook-air (Wed Aug 12 17:03:51 EEST 2026)
🔍 Discovered unmounted Philips SSD partition: disk4s1
Mounting diskutil mount disk4s1...
Volume KINGSTON on disk4s1 mounted
⚠️ Not found locally on dios-macbook-air. Querying Tailscale mesh nodes...
✅ Philips SSD located on macmini-primary (100.83.83.8) at: /Volumes/PHILIPS Solid State Drive
=== 💾 PHILIPS SSD MULTI-NODE DISCOVERY & MOUNT UTILITY ===
Current Node: dios-macbook-air (Wed Aug 12 17:08:59 EEST 2026)
🔍 Discovered unmounted Philips SSD partition: disk4s1
Mounting diskutil mount disk4s1...
Volume KINGSTON on disk4s1 mounted
⚠️ Not found locally on dios-macbook-air. Querying Tailscale mesh nodes...
✅ Philips SSD located on macmini-primary (100.83.83.8) at: /Volumes/PHILIPS Solid State Drive
=== 💾 PHILIPS SSD MULTI-NODE DISCOVERY & MOUNT UTILITY ===
Current Node: dios-macbook-air (Wed Aug 12 17:14:52 EEST 2026)
🔍 Discovered unmounted Philips SSD partition: disk4s1
Mounting diskutil mount disk4s1...
Volume KINGSTON on disk4s1 mounted
⚠️ Not found locally on dios-macbook-air. Querying Tailscale mesh nodes...
✅ Philips SSD located on macmini-primary (100.83.83.8) at: /Volumes/PHILIPS Solid State Drive
=== 💾 PHILIPS SSD MULTI-NODE DISCOVERY & MOUNT UTILITY ===
Current Node: dios-macbook-air (Wed Aug 12 17:19:54 EEST 2026)
🔍 Discovered unmounted Philips SSD partition: disk4s1
Mounting diskutil mount disk4s1...
Volume KINGSTON on disk4s1 mounted
⚠️ Not found locally on dios-macbook-air. Querying Tailscale mesh nodes...
✅ Philips SSD located on macmini-primary (100.83.83.8) at: /Volumes/PHILIPS Solid State Drive
=== 💾 PHILIPS SSD MULTI-NODE DISCOVERY & MOUNT UTILITY ===
Current Node: dios-macbook-air (Wed Aug 12 17:24:54 EEST 2026)
🔍 Discovered unmounted Philips SSD partition: disk4s1
Mounting diskutil mount disk4s1...
Volume KINGSTON on disk4s1 mounted
⚠️ Not found locally on dios-macbook-air. Querying Tailscale mesh nodes...
✅ Philips SSD located on macmini-primary (100.83.83.8) at: /Volumes/PHILIPS Solid State Drive
=== 💾 PHILIPS SSD MULTI-NODE DISCOVERY & MOUNT UTILITY ===
Current Node: dios-macbook-air (Wed Aug 12 17:29:55 EEST 2026)
🔍 Discovered unmounted Philips SSD partition: disk4s1
Mounting diskutil mount disk4s1...
Volume KINGSTON on disk4s1 mounted
⚠️ Not found locally on dios-macbook-air. Querying Tailscale mesh nodes...
✅ Philips SSD located on macmini-primary (100.83.83.8) at: /Volumes/PHILIPS Solid State Drive
=== 💾 PHILIPS SSD MULTI-NODE DISCOVERY & MOUNT UTILITY ===
Current Node: dios-macbook-air (Wed Aug 12 17:34:55 EEST 2026)
🔍 Discovered unmounted Philips SSD partition: disk4s1
Mounting diskutil mount disk4s1...
Volume KINGSTON on disk4s1 mounted
⚠️ Not found locally on dios-macbook-air. Querying Tailscale mesh nodes...
✅ Philips SSD located on macmini-primary (100.83.83.8) at: /Volumes/PHILIPS Solid State Drive
=== 💾 PHILIPS SSD MULTI-NODE DISCOVERY & MOUNT UTILITY ===
Current Node: dios-macbook-air (Wed Aug 12 17:39:56 EEST 2026)
🔍 Discovered unmounted Philips SSD partition: disk4s1
Mounting diskutil mount disk4s1...
Volume KINGSTON on disk4s1 mounted
⚠️ Not found locally on dios-macbook-air. Querying Tailscale mesh nodes...
✅ Philips SSD located on macmini-primary (100.83.83.8) at: /Volumes/PHILIPS Solid State Drive
=== 💾 PHILIPS SSD MULTI-NODE DISCOVERY & MOUNT UTILITY ===
Current Node: dios-macbook-air (Wed Aug 12 17:44:56 EEST 2026)
🔍 Discovered unmounted Philips SSD partition: disk4s1
Mounting diskutil mount disk4s1...
Volume KINGSTON on disk4s1 mounted
⚠️ Not found locally on dios-macbook-air. Querying Tailscale mesh nodes...
✅ Philips SSD located on macmini-primary (100.83.83.8) at: /Volumes/PHILIPS Solid State Drive
=== 💾 PHILIPS SSD MULTI-NODE DISCOVERY & MOUNT UTILITY ===
Current Node: dios-macbook-air (Wed Aug 12 17:49:57 EEST 2026)
🔍 Discovered unmounted Philips SSD partition: disk4s1
Mounting diskutil mount disk4s1...
Volume KINGSTON on disk4s1 mounted
⚠️ Not found locally on dios-macbook-air. Querying Tailscale mesh nodes...
✅ Philips SSD located on macmini-primary (100.83.83.8) at: /Volumes/PHILIPS Solid State Drive
=== 💾 PHILIPS SSD MULTI-NODE DISCOVERY & MOUNT UTILITY ===
Current Node: dios-macbook-air (Wed Aug 12 17:54:57 EEST 2026)
🔍 Discovered unmounted Philips SSD partition: disk4s1
Mounting diskutil mount disk4s1...
Volume KINGSTON on disk4s1 mounted
⚠️ Not found locally on dios-macbook-air. Querying Tailscale mesh nodes...
✅ Philips SSD located on macmini-primary (100.83.83.8) at: /Volumes/PHILIPS Solid State Drive
=== 💾 PHILIPS SSD MULTI-NODE DISCOVERY & MOUNT UTILITY ===
Current Node: dios-macbook-air (Wed Aug 12 17:59:58 EEST 2026)
🔍 Discovered unmounted Philips SSD partition: disk4s1
Mounting diskutil mount disk4s1...
Volume KINGSTON on disk4s1 mounted
⚠️ Not found locally on dios-macbook-air. Querying Tailscale mesh nodes...
✅ Philips SSD located on macmini-primary (100.83.83.8) at: /Volumes/PHILIPS Solid State Drive
=== 💾 PHILIPS SSD MULTI-NODE DISCOVERY & MOUNT UTILITY ===
Current Node: dios-macbook-air (Wed Aug 12 18:04:58 EEST 2026)
🔍 Discovered unmounted Philips SSD partition: disk4s1
Mounting diskutil mount disk4s1...
Volume KINGSTON on disk4s1 mounted
⚠️ Not found locally on dios-macbook-air. Querying Tailscale mesh nodes...
✅ Philips SSD located on macmini-primary (100.83.83.8) at: /Volumes/PHILIPS Solid State Drive
=== 💾 PHILIPS SSD MULTI-NODE DISCOVERY & MOUNT UTILITY ===
Current Node: dios-macbook-air (Wed Aug 12 18:09:59 EEST 2026)
🔍 Discovered unmounted Philips SSD partition: disk4s1
Mounting diskutil mount disk4s1...
Volume KINGSTON on disk4s1 mounted
⚠️ Not found locally on dios-macbook-air. Querying Tailscale mesh nodes...
✅ Philips SSD located on macmini-primary (100.83.83.8) at: /Volumes/PHILIPS Solid State Drive
=== 💾 PHILIPS SSD MULTI-NODE DISCOVERY & MOUNT UTILITY ===
Current Node: dios-macbook-air (Wed Aug 12 18:14:59 EEST 2026)
🔍 Discovered unmounted Philips SSD partition: disk4s1
Mounting diskutil mount disk4s1...
Volume KINGSTON on disk4s1 mounted
⚠️ Not found locally on dios-macbook-air. Querying Tailscale mesh nodes...
✅ Philips SSD located on macmini-primary (100.83.83.8) at: /Volumes/PHILIPS Solid State Drive
=== 💾 PHILIPS SSD MULTI-NODE DISCOVERY & MOUNT UTILITY ===
Current Node: dios-macbook-air (Wed Aug 12 18:20:00 EEST 2026)
🔍 Discovered unmounted Philips SSD partition: disk4s1
Mounting diskutil mount disk4s1...
Volume KINGSTON on disk4s1 mounted
⚠️ Not found locally on dios-macbook-air. Querying Tailscale mesh nodes...
✅ Philips SSD located on macmini-primary (100.83.83.8) at: /Volumes/PHILIPS Solid State Drive
=== 💾 PHILIPS SSD MULTI-NODE DISCOVERY & MOUNT UTILITY ===
Current Node: dios-macbook-air (Wed Aug 12 18:25:00 EEST 2026)
🔍 Discovered unmounted Philips SSD partition: disk4s1
Mounting diskutil mount disk4s1...
Volume KINGSTON on disk4s1 mounted
⚠️ Not found locally on dios-macbook-air. Querying Tailscale mesh nodes...
✅ Philips SSD located on macmini-primary (100.83.83.8) at: /Volumes/PHILIPS Solid State Drive
=== 💾 PHILIPS SSD MULTI-NODE DISCOVERY & MOUNT UTILITY ===
Current Node: dios-macbook-air (Wed Aug 12 18:30:00 EEST 2026)
🔍 Discovered unmounted Philips SSD partition: disk4s1
Mounting diskutil mount disk4s1...
Volume KINGSTON on disk4s1 mounted
⚠️ Not found locally on dios-macbook-air. Querying Tailscale mesh nodes...
❌ Philips SSD drive not found on local or remote Tailscale nodes.
=== 💾 PHILIPS SSD MULTI-NODE DISCOVERY & MOUNT UTILITY ===
Current Node: dios-macbook-air (Wed Aug 12 18:35:03 EEST 2026)
🔍 Discovered unmounted Philips SSD partition: disk4s1
Mounting diskutil mount disk4s1...
Volume KINGSTON on disk4s1 mounted
⚠️ Not found locally on dios-macbook-air. Querying Tailscale mesh nodes...
✅ Philips SSD located on macmini-primary (100.83.83.8) at: /Volumes/PHILIPS Solid State Drive
=== 💾 PHILIPS SSD MULTI-NODE DISCOVERY & MOUNT UTILITY ===
Current Node: dios-macbook-air (Wed Aug 12 18:40:03 EEST 2026)
🔍 Discovered unmounted Philips SSD partition: disk4s1
Mounting diskutil mount disk4s1...
Volume KINGSTON on disk4s1 mounted
⚠️ Not found locally on dios-macbook-air. Querying Tailscale mesh nodes...
✅ Philips SSD located on macmini-primary (100.83.83.8) at: /Volumes/PHILIPS Solid State Drive
=== 💾 PHILIPS SSD MULTI-NODE DISCOVERY & MOUNT UTILITY ===
Current Node: dios-macbook-air (Wed Aug 12 18:45:04 EEST 2026)
🔍 Discovered unmounted Philips SSD partition: disk4s1
Mounting diskutil mount disk4s1...
Volume KINGSTON on disk4s1 mounted
⚠️ Not found locally on dios-macbook-air. Querying Tailscale mesh nodes...
✅ Philips SSD located on macmini-primary (100.83.83.8) at: /Volumes/PHILIPS Solid State Drive
=== 💾 PHILIPS SSD MULTI-NODE DISCOVERY & MOUNT UTILITY ===
Current Node: dios-macbook-air (Wed Aug 12 18:50:04 EEST 2026)
🔍 Discovered unmounted Philips SSD partition: disk4s1
Mounting diskutil mount disk4s1...
Volume KINGSTON on disk4s1 mounted
⚠️ Not found locally on dios-macbook-air. Querying Tailscale mesh nodes...
✅ Philips SSD located on macmini-primary (100.83.83.8) at: /Volumes/PHILIPS Solid State Drive
=== 💾 PHILIPS SSD MULTI-NODE DISCOVERY & MOUNT UTILITY ===
Current Node: dios-macbook-air (Wed Aug 12 18:55:04 EEST 2026)
🔍 Discovered unmounted Philips SSD partition: disk4s1
Mounting diskutil mount disk4s1...
Volume KINGSTON on disk4s1 mounted
⚠️ Not found locally on dios-macbook-air. Querying Tailscale mesh nodes...
✅ Philips SSD located on macmini-primary (100.83.83.8) at: /Volumes/PHILIPS Solid State Drive
=== 💾 PHILIPS SSD MULTI-NODE DISCOVERY & MOUNT UTILITY ===
Current Node: dios-macbook-air (Wed Aug 12 19:00:05 EEST 2026)
🔍 Discovered unmounted Philips SSD partition: disk4s1
Mounting diskutil mount disk4s1...
Volume KINGSTON on disk4s1 mounted
⚠️ Not found locally on dios-macbook-air. Querying Tailscale mesh nodes...
✅ Philips SSD located on macmini-primary (100.83.83.8) at: /Volumes/PHILIPS Solid State Drive
=== 💾 PHILIPS SSD MULTI-NODE DISCOVERY & MOUNT UTILITY ===
Current Node: dios-macbook-air (Wed Aug 12 19:05:05 EEST 2026)
🔍 Discovered unmounted Philips SSD partition: disk4s1
Mounting diskutil mount disk4s1...
Volume KINGSTON on disk4s1 mounted
⚠️ Not found locally on dios-macbook-air. Querying Tailscale mesh nodes...
✅ Philips SSD located on macmini-primary (100.83.83.8) at: /Volumes/PHILIPS Solid State Drive
=== 💾 PHILIPS SSD MULTI-NODE DISCOVERY & MOUNT UTILITY ===
Current Node: dios-macbook-air (Wed Aug 12 19:10:06 EEST 2026)
🔍 Discovered unmounted Philips SSD partition: disk4s1
Mounting diskutil mount disk4s1...
Volume KINGSTON on disk4s1 mounted
⚠️ Not found locally on dios-macbook-air. Querying Tailscale mesh nodes...
✅ Philips SSD located on macmini-primary (100.83.83.8) at: /Volumes/PHILIPS Solid State Drive
=== 💾 PHILIPS SSD MULTI-NODE DISCOVERY & MOUNT UTILITY ===
Current Node: dios-macbook-air (Wed Aug 12 19:15:06 EEST 2026)
🔍 Discovered unmounted Philips SSD partition: disk4s1
Mounting diskutil mount disk4s1...
Volume KINGSTON on disk4s1 mounted
⚠️ Not found locally on dios-macbook-air. Querying Tailscale mesh nodes...
✅ Philips SSD located on macmini-primary (100.83.83.8) at: /Volumes/PHILIPS Solid State Drive
=== 💾 PHILIPS SSD MULTI-NODE DISCOVERY & MOUNT UTILITY ===
Current Node: dios-macbook-air (Wed Aug 12 19:20:07 EEST 2026)
🔍 Discovered unmounted Philips SSD partition: disk4s1
Mounting diskutil mount disk4s1...
Volume KINGSTON on disk4s1 mounted
⚠️ Not found locally on dios-macbook-air. Querying Tailscale mesh nodes...
✅ Philips SSD located on macmini-primary (100.83.83.8) at: /Volumes/PHILIPS Solid State Drive
=== 💾 PHILIPS SSD MULTI-NODE DISCOVERY & MOUNT UTILITY ===
Current Node: dios-macbook-air (Wed Aug 12 19:25:08 EEST 2026)
🔍 Discovered unmounted Philips SSD partition: disk4s1
Mounting diskutil mount disk4s1...
Volume KINGSTON on disk4s1 mounted
⚠️ Not found locally on dios-macbook-air. Querying Tailscale mesh nodes...
✅ Philips SSD located on macmini-primary (100.83.83.8) at: /Volumes/PHILIPS Solid State Drive
=== 💾 PHILIPS SSD MULTI-NODE DISCOVERY & MOUNT UTILITY ===
Current Node: dios-macbook-air (Wed Aug 12 19:30:08 EEST 2026)
🔍 Discovered unmounted Philips SSD partition: disk4s1
Mounting diskutil mount disk4s1...
Volume KINGSTON on disk4s1 mounted
⚠️ Not found locally on dios-macbook-air. Querying Tailscale mesh nodes...
✅ Philips SSD located on macmini-primary (100.83.83.8) at: /Volumes/PHILIPS Solid State Drive
=== 💾 PHILIPS SSD MULTI-NODE DISCOVERY & MOUNT UTILITY ===
Current Node: dios-macbook-air (Wed Aug 12 19:35:09 EEST 2026)
🔍 Discovered unmounted Philips SSD partition: disk4s1
Mounting diskutil mount disk4s1...
Volume KINGSTON on disk4s1 mounted
⚠️ Not found locally on dios-macbook-air. Querying Tailscale mesh nodes...
✅ Philips SSD located on macmini-primary (100.83.83.8) at: /Volumes/PHILIPS Solid State Drive
=== 💾 PHILIPS SSD MULTI-NODE DISCOVERY & MOUNT UTILITY ===
Current Node: dios-macbook-air (Wed Aug 12 19:40:09 EEST 2026)
🔍 Discovered unmounted Philips SSD partition: disk4s1
Mounting diskutil mount disk4s1...
Volume KINGSTON on disk4s1 mounted
⚠️ Not found locally on dios-macbook-air. Querying Tailscale mesh nodes...
✅ Philips SSD located on macmini-primary (100.83.83.8) at: /Volumes/PHILIPS Solid State Drive
=== 💾 PHILIPS SSD MULTI-NODE DISCOVERY & MOUNT UTILITY ===
Current Node: dios-macbook-air (Wed Aug 12 19:45:09 EEST 2026)
🔍 Discovered unmounted Philips SSD partition: disk4s1
Mounting diskutil mount disk4s1...
Volume KINGSTON on disk4s1 mounted
⚠️ Not found locally on dios-macbook-air. Querying Tailscale mesh nodes...
✅ Philips SSD located on macmini-primary (100.83.83.8) at: /Volumes/PHILIPS Solid State Drive
=== 💾 PHILIPS SSD MULTI-NODE DISCOVERY & MOUNT UTILITY ===
Current Node: dios-macbook-air (Wed Aug 12 19:50:10 EEST 2026)
🔍 Discovered unmounted Philips SSD partition: disk4s1
Mounting diskutil mount disk4s1...
Volume KINGSTON on disk4s1 mounted
⚠️ Not found locally on dios-macbook-air. Querying Tailscale mesh nodes...
✅ Philips SSD located on macmini-primary (100.83.83.8) at: /Volumes/PHILIPS Solid State Drive
=== 💾 PHILIPS SSD MULTI-NODE DISCOVERY & MOUNT UTILITY ===
Current Node: dios-macbook-air (Wed Aug 12 19:55:10 EEST 2026)
🔍 Discovered unmounted Philips SSD partition: disk4s1
Mounting diskutil mount disk4s1...
Volume KINGSTON on disk4s1 mounted
⚠️ Not found locally on dios-macbook-air. Querying Tailscale mesh nodes...
❌ Philips SSD drive not found on local or remote Tailscale nodes.
=== 💾 PHILIPS SSD MULTI-NODE DISCOVERY & MOUNT UTILITY ===
Current Node: dios-macbook-air (Wed Aug 12 20:00:12 EEST 2026)
🔍 Discovered unmounted Philips SSD partition: disk4s1
Mounting diskutil mount disk4s1...
Volume KINGSTON on disk4s1 mounted
⚠️ Not found locally on dios-macbook-air. Querying Tailscale mesh nodes...
✅ Philips SSD located on macmini-primary (100.83.83.8) at: /Volumes/PHILIPS Solid State Drive
=== 💾 PHILIPS SSD MULTI-NODE DISCOVERY & MOUNT UTILITY ===
Current Node: dios-macbook-air (Wed Aug 12 20:05:13 EEST 2026)
🔍 Discovered unmounted Philips SSD partition: disk4s1
Mounting diskutil mount disk4s1...
Volume KINGSTON on disk4s1 mounted
⚠️ Not found locally on dios-macbook-air. Querying Tailscale mesh nodes...
✅ Philips SSD located on macmini-primary (100.83.83.8) at: /Volumes/PHILIPS Solid State Drive
=== 💾 PHILIPS SSD MULTI-NODE DISCOVERY & MOUNT UTILITY ===
Current Node: dios-macbook-air (Wed Aug 12 20:10:13 EEST 2026)
🔍 Discovered unmounted Philips SSD partition: disk4s1
Mounting diskutil mount disk4s1...
Volume KINGSTON on disk4s1 mounted
⚠️ Not found locally on dios-macbook-air. Querying Tailscale mesh nodes...
✅ Philips SSD located on macmini-primary (100.83.83.8) at: /Volumes/PHILIPS Solid State Drive
=== 💾 PHILIPS SSD MULTI-NODE DISCOVERY & MOUNT UTILITY ===
Current Node: dios-macbook-air (Wed Aug 12 20:15:14 EEST 2026)
🔍 Discovered unmounted Philips SSD partition: disk4s1
Mounting diskutil mount disk4s1...
Volume KINGSTON on disk4s1 mounted
⚠️ Not found locally on dios-macbook-air. Querying Tailscale mesh nodes...
✅ Philips SSD located on macmini-primary (100.83.83.8) at: /Volumes/PHILIPS Solid State Drive
=== 💾 PHILIPS SSD MULTI-NODE DISCOVERY & MOUNT UTILITY ===
Current Node: dios-macbook-air (Wed Aug 12 20:20:14 EEST 2026)
🔍 Discovered unmounted Philips SSD partition: disk4s1
Mounting diskutil mount disk4s1...
Volume KINGSTON on disk4s1 mounted
⚠️ Not found locally on dios-macbook-air. Querying Tailscale mesh nodes...
✅ Philips SSD located on macmini-primary (100.83.83.8) at: /Volumes/PHILIPS Solid State Drive
=== 💾 PHILIPS SSD MULTI-NODE DISCOVERY & MOUNT UTILITY ===
Current Node: dios-macbook-air (Wed Aug 12 20:25:14 EEST 2026)
🔍 Discovered unmounted Philips SSD partition: disk4s1
Mounting diskutil mount disk4s1...
Volume KINGSTON on disk4s1 mounted
⚠️ Not found locally on dios-macbook-air. Querying Tailscale mesh nodes...
✅ Philips SSD located on macmini-primary (100.83.83.8) at: /Volumes/PHILIPS Solid State Drive
=== 💾 PHILIPS SSD MULTI-NODE DISCOVERY & MOUNT UTILITY ===
Current Node: dios-macbook-air (Wed Aug 12 20:30:15 EEST 2026)
🔍 Discovered unmounted Philips SSD partition: disk4s1
Mounting diskutil mount disk4s1...
Volume KINGSTON on disk4s1 mounted
⚠️ Not found locally on dios-macbook-air. Querying Tailscale mesh nodes...
✅ Philips SSD located on macmini-primary (100.83.83.8) at: /Volumes/PHILIPS Solid State Drive
=== 💾 PHILIPS SSD MULTI-NODE DISCOVERY & MOUNT UTILITY ===
Current Node: dios-macbook-air (Wed Aug 12 20:35:15 EEST 2026)
🔍 Discovered unmounted Philips SSD partition: disk4s1
Mounting diskutil mount disk4s1...
Volume KINGSTON on disk4s1 mounted
⚠️ Not found locally on dios-macbook-air. Querying Tailscale mesh nodes...
✅ Philips SSD located on macmini-primary (100.83.83.8) at: /Volumes/PHILIPS Solid State Drive
=== 💾 PHILIPS SSD MULTI-NODE DISCOVERY & MOUNT UTILITY ===
Current Node: dios-macbook-air (Wed Aug 12 20:40:16 EEST 2026)
🔍 Discovered unmounted Philips SSD partition: disk4s1
Mounting diskutil mount disk4s1...
Volume KINGSTON on disk4s1 mounted
⚠️ Not found locally on dios-macbook-air. Querying Tailscale mesh nodes...
✅ Philips SSD located on macmini-primary (100.83.83.8) at: /Volumes/PHILIPS Solid State Drive
=== 💾 PHILIPS SSD MULTI-NODE DISCOVERY & MOUNT UTILITY ===
Current Node: dios-macbook-air (Wed Aug 12 20:45:16 EEST 2026)
🔍 Discovered unmounted Philips SSD partition: disk4s1
Mounting diskutil mount disk4s1...
Volume KINGSTON on disk4s1 mounted
⚠️ Not found locally on dios-macbook-air. Querying Tailscale mesh nodes...
✅ Philips SSD located on macmini-primary (100.83.83.8) at: /Volumes/PHILIPS Solid State Drive
=== 💾 PHILIPS SSD MULTI-NODE DISCOVERY & MOUNT UTILITY ===
Current Node: dios-macbook-air (Wed Aug 12 20:50:17 EEST 2026)
🔍 Discovered unmounted Philips SSD partition: disk4s1
Mounting diskutil mount disk4s1...
Volume KINGSTON on disk4s1 mounted
⚠️ Not found locally on dios-macbook-air. Querying Tailscale mesh nodes...
✅ Philips SSD located on macmini-primary (100.83.83.8) at: /Volumes/PHILIPS Solid State Drive
=== 💾 PHILIPS SSD MULTI-NODE DISCOVERY & MOUNT UTILITY ===
Current Node: dios-macbook-air (Wed Aug 12 20:55:17 EEST 2026)
🔍 Discovered unmounted Philips SSD partition: disk4s1
Mounting diskutil mount disk4s1...
Volume KINGSTON on disk4s1 mounted
⚠️ Not found locally on dios-macbook-air. Querying Tailscale mesh nodes...
✅ Philips SSD located on macmini-primary (100.83.83.8) at: /Volumes/PHILIPS Solid State Drive
=== 💾 PHILIPS SSD MULTI-NODE DISCOVERY & MOUNT UTILITY ===
Current Node: dios-macbook-air (Wed Aug 12 21:00:17 EEST 2026)
🔍 Discovered unmounted Philips SSD partition: disk4s1
Mounting diskutil mount disk4s1...
Volume KINGSTON on disk4s1 mounted
⚠️ Not found locally on dios-macbook-air. Querying Tailscale mesh nodes...
✅ Philips SSD located on macmini-primary (100.83.83.8) at: /Volumes/PHILIPS Solid State Drive
=== 💾 PHILIPS SSD MULTI-NODE DISCOVERY & MOUNT UTILITY ===
Current Node: dios-macbook-air (Wed Aug 12 21:05:18 EEST 2026)
🔍 Discovered unmounted Philips SSD partition: disk4s1
Mounting diskutil mount disk4s1...
Volume KINGSTON on disk4s1 mounted
⚠️ Not found locally on dios-macbook-air. Querying Tailscale mesh nodes...
✅ Philips SSD located on macmini-primary (100.83.83.8) at: /Volumes/PHILIPS Solid State Drive
=== 💾 PHILIPS SSD MULTI-NODE DISCOVERY & MOUNT UTILITY ===
Current Node: dios-macbook-air (Wed Aug 12 21:10:18 EEST 2026)
🔍 Discovered unmounted Philips SSD partition: disk4s1
Mounting diskutil mount disk4s1...
Volume KINGSTON on disk4s1 mounted
⚠️ Not found locally on dios-macbook-air. Querying Tailscale mesh nodes...
✅ Philips SSD located on macmini-primary (100.83.83.8) at: /Volumes/PHILIPS Solid State Drive
=== 💾 PHILIPS SSD MULTI-NODE DISCOVERY & MOUNT UTILITY ===
Current Node: dios-macbook-air (Wed Aug 12 21:15:18 EEST 2026)
🔍 Discovered unmounted Philips SSD partition: disk4s1
Mounting diskutil mount disk4s1...
Volume KINGSTON on disk4s1 mounted
⚠️ Not found locally on dios-macbook-air. Querying Tailscale mesh nodes...
✅ Philips SSD located on macmini-primary (100.83.83.8) at: /Volumes/PHILIPS Solid State Drive
=== 💾 PHILIPS SSD MULTI-NODE DISCOVERY & MOUNT UTILITY ===
Current Node: dios-macbook-air (Wed Aug 12 21:20:19 EEST 2026)
🔍 Discovered unmounted Philips SSD partition: disk4s1
Mounting diskutil mount disk4s1...
Volume KINGSTON on disk4s1 mounted
⚠️ Not found locally on dios-macbook-air. Querying Tailscale mesh nodes...
❌ Philips SSD drive not found on local or remote Tailscale nodes.
=== 💾 PHILIPS SSD MULTI-NODE DISCOVERY & MOUNT UTILITY ===
Current Node: dios-macbook-air (Wed Aug 12 21:25:21 EEST 2026)
🔍 Discovered unmounted Philips SSD partition: disk4s1
Mounting diskutil mount disk4s1...
Volume KINGSTON on disk4s1 mounted
⚠️ Not found locally on dios-macbook-air. Querying Tailscale mesh nodes...
✅ Philips SSD located on macmini-primary (100.83.83.8) at: /Volumes/PHILIPS Solid State Drive
=== 💾 PHILIPS SSD MULTI-NODE DISCOVERY & MOUNT UTILITY ===
Current Node: dios-macbook-air (Wed Aug 12 21:30:21 EEST 2026)
🔍 Discovered unmounted Philips SSD partition: disk4s1
Mounting diskutil mount disk4s1...
Volume KINGSTON on disk4s1 mounted
⚠️ Not found locally on dios-macbook-air. Querying Tailscale mesh nodes...
✅ Philips SSD located on macmini-primary (100.83.83.8) at: /Volumes/PHILIPS Solid State Drive
=== 💾 PHILIPS SSD MULTI-NODE DISCOVERY & MOUNT UTILITY ===
Current Node: dios-macbook-air (Wed Aug 12 21:35:21 EEST 2026)
🔍 Discovered unmounted Philips SSD partition: disk4s1
Mounting diskutil mount disk4s1...
Volume KINGSTON on disk4s1 mounted
⚠️ Not found locally on dios-macbook-air. Querying Tailscale mesh nodes...
✅ Philips SSD located on macmini-primary (100.83.83.8) at: /Volumes/PHILIPS Solid State Drive
=== 💾 PHILIPS SSD MULTI-NODE DISCOVERY & MOUNT UTILITY ===
Current Node: dios-macbook-air (Wed Aug 12 21:40:22 EEST 2026)
🔍 Discovered unmounted Philips SSD partition: disk4s1
Mounting diskutil mount disk4s1...
Volume KINGSTON on disk4s1 mounted
⚠️ Not found locally on dios-macbook-air. Querying Tailscale mesh nodes...
✅ Philips SSD located on macmini-primary (100.83.83.8) at: /Volumes/PHILIPS Solid State Drive
=== 💾 PHILIPS SSD MULTI-NODE DISCOVERY & MOUNT UTILITY ===
Current Node: dios-macbook-air (Wed Aug 12 21:45:23 EEST 2026)
🔍 Discovered unmounted Philips SSD partition: disk4s1
Mounting diskutil mount disk4s1...
Volume KINGSTON on disk4s1 mounted
⚠️ Not found locally on dios-macbook-air. Querying Tailscale mesh nodes...
✅ Philips SSD located on macmini-primary (100.83.83.8) at: /Volumes/PHILIPS Solid State Drive
=== 💾 PHILIPS SSD MULTI-NODE DISCOVERY & MOUNT UTILITY ===
Current Node: dios-macbook-air (Wed Aug 12 21:50:23 EEST 2026)
🔍 Discovered unmounted Philips SSD partition: disk4s1
Mounting diskutil mount disk4s1...
Volume KINGSTON on disk4s1 mounted
⚠️ Not found locally on dios-macbook-air. Querying Tailscale mesh nodes...
✅ Philips SSD located on macmini-primary (100.83.83.8) at: /Volumes/PHILIPS Solid State Drive
=== 💾 PHILIPS SSD MULTI-NODE DISCOVERY & MOUNT UTILITY ===
Current Node: dios-macbook-air (Wed Aug 12 21:55:24 EEST 2026)
🔍 Discovered unmounted Philips SSD partition: disk4s1
Mounting diskutil mount disk4s1...
Volume KINGSTON on disk4s1 mounted
⚠️ Not found locally on dios-macbook-air. Querying Tailscale mesh nodes...
✅ Philips SSD located on macmini-primary (100.83.83.8) at: /Volumes/PHILIPS Solid State Drive
=== 💾 PHILIPS SSD MULTI-NODE DISCOVERY & MOUNT UTILITY ===
Current Node: dios-macbook-air (Wed Aug 12 22:00:24 EEST 2026)
🔍 Discovered unmounted Philips SSD partition: disk4s1
Mounting diskutil mount disk4s1...
Volume KINGSTON on disk4s1 mounted
⚠️ Not found locally on dios-macbook-air. Querying Tailscale mesh nodes...
✅ Philips SSD located on macmini-primary (100.83.83.8) at: /Volumes/PHILIPS Solid State Drive
=== 💾 PHILIPS SSD MULTI-NODE DISCOVERY & MOUNT UTILITY ===
Current Node: dios-macbook-air (Wed Aug 12 22:05:24 EEST 2026)
🔍 Discovered unmounted Philips SSD partition: disk4s1
Mounting diskutil mount disk4s1...
Volume KINGSTON on disk4s1 mounted
⚠️ Not found locally on dios-macbook-air. Querying Tailscale mesh nodes...
✅ Philips SSD located on macmini-primary (100.83.83.8) at: /Volumes/PHILIPS Solid State Drive
=== 💾 PHILIPS SSD MULTI-NODE DISCOVERY & MOUNT UTILITY ===
Current Node: dios-macbook-air (Wed Aug 12 22:10:25 EEST 2026)
🔍 Discovered unmounted Philips SSD partition: disk4s1
Mounting diskutil mount disk4s1...
Volume KINGSTON on disk4s1 mounted
⚠️ Not found locally on dios-macbook-air. Querying Tailscale mesh nodes...
✅ Philips SSD located on macmini-primary (100.83.83.8) at: /Volumes/PHILIPS Solid State Drive
=== 💾 PHILIPS SSD MULTI-NODE DISCOVERY & MOUNT UTILITY ===
Current Node: dios-macbook-air (Wed Aug 12 22:15:25 EEST 2026)
🔍 Discovered unmounted Philips SSD partition: disk4s1
Mounting diskutil mount disk4s1...
Volume KINGSTON on disk4s1 mounted
⚠️ Not found locally on dios-macbook-air. Querying Tailscale mesh nodes...
✅ Philips SSD located on macmini-primary (100.83.83.8) at: /Volumes/PHILIPS Solid State Drive
=== 💾 PHILIPS SSD MULTI-NODE DISCOVERY & MOUNT UTILITY ===
Current Node: dios-macbook-air (Wed Aug 12 22:20:26 EEST 2026)
🔍 Discovered unmounted Philips SSD partition: disk4s1
Mounting diskutil mount disk4s1...
Volume KINGSTON on disk4s1 mounted
⚠️ Not found locally on dios-macbook-air. Querying Tailscale mesh nodes...
✅ Philips SSD located on macmini-primary (100.83.83.8) at: /Volumes/PHILIPS Solid State Drive
=== 💾 PHILIPS SSD MULTI-NODE DISCOVERY & MOUNT UTILITY ===
Current Node: dios-macbook-air (Wed Aug 12 22:25:27 EEST 2026)
🔍 Discovered unmounted Philips SSD partition: disk4s1
Mounting diskutil mount disk4s1...
Volume KINGSTON on disk4s1 mounted
⚠️ Not found locally on dios-macbook-air. Querying Tailscale mesh nodes...
✅ Philips SSD located on macmini-primary (100.83.83.8) at: /Volumes/PHILIPS Solid State Drive
=== 💾 PHILIPS SSD MULTI-NODE DISCOVERY & MOUNT UTILITY ===
Current Node: dios-macbook-air (Wed Aug 12 22:30:28 EEST 2026)
🔍 Discovered unmounted Philips SSD partition: disk4s1
Mounting diskutil mount disk4s1...
Volume KINGSTON on disk4s1 mounted
⚠️ Not found locally on dios-macbook-air. Querying Tailscale mesh nodes...
❌ Philips SSD drive not found on local or remote Tailscale nodes.
=== 💾 PHILIPS SSD MULTI-NODE DISCOVERY & MOUNT UTILITY ===
Current Node: dios-macbook-air (Wed Aug 12 22:35:30 EEST 2026)
🔍 Discovered unmounted Philips SSD partition: disk4s1
Mounting diskutil mount disk4s1...
Volume KINGSTON on disk4s1 mounted
⚠️ Not found locally on dios-macbook-air. Querying Tailscale mesh nodes...
❌ Philips SSD drive not found on local or remote Tailscale nodes.
=== 💾 PHILIPS SSD MULTI-NODE DISCOVERY & MOUNT UTILITY ===
Current Node: dios-macbook-air (Wed Aug 12 22:40:33 EEST 2026)
🔍 Discovered unmounted Philips SSD partition: disk4s1
Mounting diskutil mount disk4s1...
Volume KINGSTON on disk4s1 mounted
⚠️ Not found locally on dios-macbook-air. Querying Tailscale mesh nodes...
❌ Philips SSD drive not found on local or remote Tailscale nodes.
=== 💾 PHILIPS SSD MULTI-NODE DISCOVERY & MOUNT UTILITY ===
Current Node: dios-macbook-air (Wed Aug 12 22:45:36 EEST 2026)
🔍 Discovered unmounted Philips SSD partition: disk4s1
Mounting diskutil mount disk4s1...
Volume KINGSTON on disk4s1 mounted
⚠️ Not found locally on dios-macbook-air. Querying Tailscale mesh nodes...
❌ Philips SSD drive not found on local or remote Tailscale nodes.
=== 💾 PHILIPS SSD MULTI-NODE DISCOVERY & MOUNT UTILITY ===
Current Node: dios-macbook-air (Wed Aug 12 22:50:38 EEST 2026)
🔍 Discovered unmounted Philips SSD partition: disk4s1
Mounting diskutil mount disk4s1...
Volume KINGSTON on disk4s1 mounted
⚠️ Not found locally on dios-macbook-air. Querying Tailscale mesh nodes...
❌ Philips SSD drive not found on local or remote Tailscale nodes.
=== 💾 PHILIPS SSD MULTI-NODE DISCOVERY & MOUNT UTILITY ===
Current Node: dios-macbook-air (Wed Aug 12 22:55:40 EEST 2026)
🔍 Discovered unmounted Philips SSD partition: disk4s1
Mounting diskutil mount disk4s1...
Volume KINGSTON on disk4s1 mounted
⚠️ Not found locally on dios-macbook-air. Querying Tailscale mesh nodes...
❌ Philips SSD drive not found on local or remote Tailscale nodes.
=== 💾 PHILIPS SSD MULTI-NODE DISCOVERY & MOUNT UTILITY ===
Current Node: dios-macbook-air (Wed Aug 12 23:00:43 EEST 2026)
🔍 Discovered unmounted Philips SSD partition: disk4s1
Mounting diskutil mount disk4s1...
Volume KINGSTON on disk4s1 mounted
⚠️ Not found locally on dios-macbook-air. Querying Tailscale mesh nodes...
❌ Philips SSD drive not found on local or remote Tailscale nodes.
=== 💾 PHILIPS SSD MULTI-NODE DISCOVERY & MOUNT UTILITY ===
Current Node: dios-macbook-air (Wed Aug 12 23:05:45 EEST 2026)
🔍 Discovered unmounted Philips SSD partition: disk4s1
Mounting diskutil mount disk4s1...
Volume KINGSTON on disk4s1 mounted
⚠️ Not found locally on dios-macbook-air. Querying Tailscale mesh nodes...
❌ Philips SSD drive not found on local or remote Tailscale nodes.
=== 💾 PHILIPS SSD MULTI-NODE DISCOVERY & MOUNT UTILITY ===
Current Node: dios-macbook-air (Wed Aug 12 23:10:47 EEST 2026)
🔍 Discovered unmounted Philips SSD partition: disk4s1
Mounting diskutil mount disk4s1...
Volume KINGSTON on disk4s1 mounted
⚠️ Not found locally on dios-macbook-air. Querying Tailscale mesh nodes...
❌ Philips SSD drive not found on local or remote Tailscale nodes.
=== 💾 PHILIPS SSD MULTI-NODE DISCOVERY & MOUNT UTILITY ===
Current Node: dios-macbook-air (Wed Aug 12 23:15:50 EEST 2026)
🔍 Discovered unmounted Philips SSD partition: disk4s1
Mounting diskutil mount disk4s1...
Volume KINGSTON on disk4s1 mounted
⚠️ Not found locally on dios-macbook-air. Querying Tailscale mesh nodes...
❌ Philips SSD drive not found on local or remote Tailscale nodes.
=== 💾 PHILIPS SSD MULTI-NODE DISCOVERY & MOUNT UTILITY ===
Current Node: dios-macbook-air (Wed Aug 12 23:20:52 EEST 2026)
🔍 Discovered unmounted Philips SSD partition: disk4s1
Mounting diskutil mount disk4s1...
Volume KINGSTON on disk4s1 mounted
⚠️ Not found locally on dios-macbook-air. Querying Tailscale mesh nodes...
❌ Philips SSD drive not found on local or remote Tailscale nodes.
=== 💾 PHILIPS SSD MULTI-NODE DISCOVERY & MOUNT UTILITY ===
Current Node: dios-macbook-air (Wed Aug 12 23:25:55 EEST 2026)
🔍 Discovered unmounted Philips SSD partition: disk4s1
Mounting diskutil mount disk4s1...
Volume KINGSTON on disk4s1 mounted
⚠️ Not found locally on dios-macbook-air. Querying Tailscale mesh nodes...
❌ Philips SSD drive not found on local or remote Tailscale nodes.
=== 💾 PHILIPS SSD MULTI-NODE DISCOVERY & MOUNT UTILITY ===
Current Node: dios-macbook-air (Wed Aug 12 23:30:57 EEST 2026)
🔍 Discovered unmounted Philips SSD partition: disk4s1
Mounting diskutil mount disk4s1...
Volume KINGSTON on disk4s1 mounted
⚠️ Not found locally on dios-macbook-air. Querying Tailscale mesh nodes...
❌ Philips SSD drive not found on local or remote Tailscale nodes.
=== 💾 PHILIPS SSD MULTI-NODE DISCOVERY & MOUNT UTILITY ===
Current Node: dios-macbook-air (Wed Aug 12 23:35:59 EEST 2026)
🔍 Discovered unmounted Philips SSD partition: disk4s1
Mounting diskutil mount disk4s1...
Volume KINGSTON on disk4s1 mounted
⚠️ Not found locally on dios-macbook-air. Querying Tailscale mesh nodes...
❌ Philips SSD drive not found on local or remote Tailscale nodes.
=== 💾 PHILIPS SSD MULTI-NODE DISCOVERY & MOUNT UTILITY ===
Current Node: dios-macbook-air (Wed Aug 12 23:41:02 EEST 2026)
🔍 Discovered unmounted Philips SSD partition: disk4s1
Mounting diskutil mount disk4s1...
Volume KINGSTON on disk4s1 mounted
⚠️ Not found locally on dios-macbook-air. Querying Tailscale mesh nodes...
❌ Philips SSD drive not found on local or remote Tailscale nodes.
=== 💾 PHILIPS SSD MULTI-NODE DISCOVERY & MOUNT UTILITY ===
Current Node: dios-macbook-air (Wed Aug 12 23:46:04 EEST 2026)
🔍 Discovered unmounted Philips SSD partition: disk4s1
Mounting diskutil mount disk4s1...
Volume KINGSTON on disk4s1 mounted
⚠️ Not found locally on dios-macbook-air. Querying Tailscale mesh nodes...
❌ Philips SSD drive not found on local or remote Tailscale nodes.
=== 💾 PHILIPS SSD MULTI-NODE DISCOVERY & MOUNT UTILITY ===
Current Node: dios-macbook-air (Wed Aug 12 23:51:07 EEST 2026)
🔍 Discovered unmounted Philips SSD partition: disk4s1
Mounting diskutil mount disk4s1...
Volume KINGSTON on disk4s1 mounted
⚠️ Not found locally on dios-macbook-air. Querying Tailscale mesh nodes...
❌ Philips SSD drive not found on local or remote Tailscale nodes.
=== 💾 PHILIPS SSD MULTI-NODE DISCOVERY & MOUNT UTILITY ===
Current Node: dios-macbook-air (Wed Aug 12 23:56:09 EEST 2026)
🔍 Discovered unmounted Philips SSD partition: disk4s1
Mounting diskutil mount disk4s1...
Volume KINGSTON on disk4s1 mounted
⚠️ Not found locally on dios-macbook-air. Querying Tailscale mesh nodes...
❌ Philips SSD drive not found on local or remote Tailscale nodes.
=== 💾 PHILIPS SSD MULTI-NODE DISCOVERY & MOUNT UTILITY ===
Current Node: dios-macbook-air (Thu Aug 13 00:01:12 EEST 2026)
🔍 Discovered unmounted Philips SSD partition: disk4s1
Mounting diskutil mount disk4s1...
Volume KINGSTON on disk4s1 mounted
⚠️ Not found locally on dios-macbook-air. Querying Tailscale mesh nodes...
❌ Philips SSD drive not found on local or remote Tailscale nodes.
=== 💾 PHILIPS SSD MULTI-NODE DISCOVERY & MOUNT UTILITY ===
Current Node: dios-macbook-air (Thu Aug 13 00:06:14 EEST 2026)
🔍 Discovered unmounted Philips SSD partition: disk4s1
Mounting diskutil mount disk4s1...
Volume KINGSTON on disk4s1 mounted
⚠️ Not found locally on dios-macbook-air. Querying Tailscale mesh nodes...
❌ Philips SSD drive not found on local or remote Tailscale nodes.
=== 💾 PHILIPS SSD MULTI-NODE DISCOVERY & MOUNT UTILITY ===
Current Node: dios-macbook-air (Thu Aug 13 00:11:16 EEST 2026)
🔍 Discovered unmounted Philips SSD partition: disk4s1
Mounting diskutil mount disk4s1...
Volume KINGSTON on disk4s1 mounted
⚠️ Not found locally on dios-macbook-air. Querying Tailscale mesh nodes...
❌ Philips SSD drive not found on local or remote Tailscale nodes.
=== 💾 PHILIPS SSD MULTI-NODE DISCOVERY & MOUNT UTILITY ===
Current Node: dios-macbook-air (Thu Aug 13 00:16:19 EEST 2026)
🔍 Discovered unmounted Philips SSD partition: disk4s1
Mounting diskutil mount disk4s1...
Volume KINGSTON on disk4s1 mounted
⚠️ Not found locally on dios-macbook-air. Querying Tailscale mesh nodes...
❌ Philips SSD drive not found on local or remote Tailscale nodes.
=== 💾 PHILIPS SSD MULTI-NODE DISCOVERY & MOUNT UTILITY ===
Current Node: dios-macbook-air (Thu Aug 13 00:21:21 EEST 2026)
🔍 Discovered unmounted Philips SSD partition: disk4s1
Mounting diskutil mount disk4s1...
Volume KINGSTON on disk4s1 mounted
⚠️ Not found locally on dios-macbook-air. Querying Tailscale mesh nodes...
❌ Philips SSD drive not found on local or remote Tailscale nodes.
=== 💾 PHILIPS SSD MULTI-NODE DISCOVERY & MOUNT UTILITY ===
Current Node: dios-macbook-air (Thu Aug 13 00:26:24 EEST 2026)
🔍 Discovered unmounted Philips SSD partition: disk4s1
Mounting diskutil mount disk4s1...
Volume KINGSTON on disk4s1 mounted
⚠️ Not found locally on dios-macbook-air. Querying Tailscale mesh nodes...
❌ Philips SSD drive not found on local or remote Tailscale nodes.
=== 💾 PHILIPS SSD MULTI-NODE DISCOVERY & MOUNT UTILITY ===
Current Node: dios-macbook-air (Thu Aug 13 00:31:26 EEST 2026)
🔍 Discovered unmounted Philips SSD partition: disk4s1
Mounting diskutil mount disk4s1...
Volume KINGSTON on disk4s1 mounted
⚠️ Not found locally on dios-macbook-air. Querying Tailscale mesh nodes...
❌ Philips SSD drive not found on local or remote Tailscale nodes.
=== 💾 PHILIPS SSD MULTI-NODE DISCOVERY & MOUNT UTILITY ===
Current Node: dios-macbook-air (Thu Aug 13 00:36:28 EEST 2026)
🔍 Discovered unmounted Philips SSD partition: disk4s1
Mounting diskutil mount disk4s1...
Volume KINGSTON on disk4s1 mounted
⚠️ Not found locally on dios-macbook-air. Querying Tailscale mesh nodes...
❌ Philips SSD drive not found on local or remote Tailscale nodes.
=== 💾 PHILIPS SSD MULTI-NODE DISCOVERY & MOUNT UTILITY ===
Current Node: dios-macbook-air (Thu Aug 13 00:41:31 EEST 2026)
🔍 Discovered unmounted Philips SSD partition: disk4s1
Mounting diskutil mount disk4s1...
Volume KINGSTON on disk4s1 mounted
⚠️ Not found locally on dios-macbook-air. Querying Tailscale mesh nodes...
❌ Philips SSD drive not found on local or remote Tailscale nodes.
=== 💾 PHILIPS SSD MULTI-NODE DISCOVERY & MOUNT UTILITY ===
Current Node: dios-macbook-air (Thu Aug 13 00:46:34 EEST 2026)
🔍 Discovered unmounted Philips SSD partition: disk4s1
Mounting diskutil mount disk4s1...
Volume KINGSTON on disk4s1 mounted
⚠️ Not found locally on dios-macbook-air. Querying Tailscale mesh nodes...
❌ Philips SSD drive not found on local or remote Tailscale nodes.
=== 💾 PHILIPS SSD MULTI-NODE DISCOVERY & MOUNT UTILITY ===
Current Node: dios-macbook-air (Thu Aug 13 00:51:36 EEST 2026)
🔍 Discovered unmounted Philips SSD partition: disk4s1
Mounting diskutil mount disk4s1...
Volume KINGSTON on disk4s1 mounted
⚠️ Not found locally on dios-macbook-air. Querying Tailscale mesh nodes...
❌ Philips SSD drive not found on local or remote Tailscale nodes.
=== 💾 PHILIPS SSD MULTI-NODE DISCOVERY & MOUNT UTILITY ===
Current Node: dios-macbook-air (Thu Aug 13 00:56:39 EEST 2026)
🔍 Discovered unmounted Philips SSD partition: disk4s1
Mounting diskutil mount disk4s1...
Volume KINGSTON on disk4s1 mounted
⚠️ Not found locally on dios-macbook-air. Querying Tailscale mesh nodes...
❌ Philips SSD drive not found on local or remote Tailscale nodes.
=== 💾 PHILIPS SSD MULTI-NODE DISCOVERY & MOUNT UTILITY ===
Current Node: dios-macbook-air (Thu Aug 13 01:01:41 EEST 2026)
🔍 Discovered unmounted Philips SSD partition: disk4s1
Mounting diskutil mount disk4s1...
Volume KINGSTON on disk4s1 mounted
⚠️ Not found locally on dios-macbook-air. Querying Tailscale mesh nodes...
❌ Philips SSD drive not found on local or remote Tailscale nodes.
=== 💾 PHILIPS SSD MULTI-NODE DISCOVERY & MOUNT UTILITY ===
Current Node: dios-macbook-air (Thu Aug 13 01:06:44 EEST 2026)
🔍 Discovered unmounted Philips SSD partition: disk4s1
Mounting diskutil mount disk4s1...
Volume KINGSTON on disk4s1 mounted
⚠️ Not found locally on dios-macbook-air. Querying Tailscale mesh nodes...
❌ Philips SSD drive not found on local or remote Tailscale nodes.
=== 💾 PHILIPS SSD MULTI-NODE DISCOVERY & MOUNT UTILITY ===
Current Node: dios-macbook-air (Thu Aug 13 01:11:46 EEST 2026)
🔍 Discovered unmounted Philips SSD partition: disk4s1
Mounting diskutil mount disk4s1...
Volume KINGSTON on disk4s1 mounted
⚠️ Not found locally on dios-macbook-air. Querying Tailscale mesh nodes...
❌ Philips SSD drive not found on local or remote Tailscale nodes.
=== 💾 PHILIPS SSD MULTI-NODE DISCOVERY & MOUNT UTILITY ===
Current Node: dios-macbook-air (Thu Aug 13 01:16:49 EEST 2026)
🔍 Discovered unmounted Philips SSD partition: disk4s1
Mounting diskutil mount disk4s1...
Volume KINGSTON on disk4s1 mounted
⚠️ Not found locally on dios-macbook-air. Querying Tailscale mesh nodes...
❌ Philips SSD drive not found on local or remote Tailscale nodes.
=== 💾 PHILIPS SSD MULTI-NODE DISCOVERY & MOUNT UTILITY ===
Current Node: dios-macbook-air (Thu Aug 13 01:21:51 EEST 2026)
🔍 Discovered unmounted Philips SSD partition: disk4s1
Mounting diskutil mount disk4s1...
Volume KINGSTON on disk4s1 mounted
⚠️ Not found locally on dios-macbook-air. Querying Tailscale mesh nodes...
❌ Philips SSD drive not found on local or remote Tailscale nodes.
=== 💾 PHILIPS SSD MULTI-NODE DISCOVERY & MOUNT UTILITY ===
Current Node: dios-macbook-air (Thu Aug 13 01:26:54 EEST 2026)
🔍 Discovered unmounted Philips SSD partition: disk4s1
Mounting diskutil mount disk4s1...
Volume KINGSTON on disk4s1 mounted
⚠️ Not found locally on dios-macbook-air. Querying Tailscale mesh nodes...
❌ Philips SSD drive not found on local or remote Tailscale nodes.
=== 💾 PHILIPS SSD MULTI-NODE DISCOVERY & MOUNT UTILITY ===
Current Node: dios-macbook-air (Thu Aug 13 01:31:56 EEST 2026)
🔍 Discovered unmounted Philips SSD partition: disk4s1
Mounting diskutil mount disk4s1...
Volume KINGSTON on disk4s1 mounted
⚠️ Not found locally on dios-macbook-air. Querying Tailscale mesh nodes...
❌ Philips SSD drive not found on local or remote Tailscale nodes.
=== 💾 PHILIPS SSD MULTI-NODE DISCOVERY & MOUNT UTILITY ===
Current Node: dios-macbook-air (Thu Aug 13 01:36:58 EEST 2026)
🔍 Discovered unmounted Philips SSD partition: disk4s1
Mounting diskutil mount disk4s1...
Volume KINGSTON on disk4s1 mounted
⚠️ Not found locally on dios-macbook-air. Querying Tailscale mesh nodes...
❌ Philips SSD drive not found on local or remote Tailscale nodes.
=== 💾 PHILIPS SSD MULTI-NODE DISCOVERY & MOUNT UTILITY ===
Current Node: dios-macbook-air (Thu Aug 13 01:42:01 EEST 2026)
🔍 Discovered unmounted Philips SSD partition: disk4s1
Mounting diskutil mount disk4s1...
Volume KINGSTON on disk4s1 mounted
⚠️ Not found locally on dios-macbook-air. Querying Tailscale mesh nodes...
❌ Philips SSD drive not found on local or remote Tailscale nodes.
=== 💾 PHILIPS SSD MULTI-NODE DISCOVERY & MOUNT UTILITY ===
Current Node: dios-macbook-air (Thu Aug 13 01:47:03 EEST 2026)
🔍 Discovered unmounted Philips SSD partition: disk4s1
Mounting diskutil mount disk4s1...
Volume KINGSTON on disk4s1 mounted
⚠️ Not found locally on dios-macbook-air. Querying Tailscale mesh nodes...
❌ Philips SSD drive not found on local or remote Tailscale nodes.
=== 💾 PHILIPS SSD MULTI-NODE DISCOVERY & MOUNT UTILITY ===
Current Node: dios-macbook-air (Thu Aug 13 01:52:05 EEST 2026)
🔍 Discovered unmounted Philips SSD partition: disk4s1
Mounting diskutil mount disk4s1...
Volume KINGSTON on disk4s1 mounted
⚠️ Not found locally on dios-macbook-air. Querying Tailscale mesh nodes...
❌ Philips SSD drive not found on local or remote Tailscale nodes.
=== 💾 PHILIPS SSD MULTI-NODE DISCOVERY & MOUNT UTILITY ===
Current Node: dios-macbook-air (Thu Aug 13 01:57:08 EEST 2026)
🔍 Discovered unmounted Philips SSD partition: disk4s1
Mounting diskutil mount disk4s1...
Volume KINGSTON on disk4s1 mounted
⚠️ Not found locally on dios-macbook-air. Querying Tailscale mesh nodes...
❌ Philips SSD drive not found on local or remote Tailscale nodes.
=== 💾 PHILIPS SSD MULTI-NODE DISCOVERY & MOUNT UTILITY ===
Current Node: dios-macbook-air (Thu Aug 13 02:02:10 EEST 2026)
🔍 Discovered unmounted Philips SSD partition: disk4s1
Mounting diskutil mount disk4s1...
Volume KINGSTON on disk4s1 mounted
⚠️ Not found locally on dios-macbook-air. Querying Tailscale mesh nodes...
❌ Philips SSD drive not found on local or remote Tailscale nodes.
=== 💾 PHILIPS SSD MULTI-NODE DISCOVERY & MOUNT UTILITY ===
Current Node: dios-macbook-air (Thu Aug 13 02:07:13 EEST 2026)
🔍 Discovered unmounted Philips SSD partition: disk4s1
Mounting diskutil mount disk4s1...
Volume KINGSTON on disk4s1 mounted
⚠️ Not found locally on dios-macbook-air. Querying Tailscale mesh nodes...
❌ Philips SSD drive not found on local or remote Tailscale nodes.
=== 💾 PHILIPS SSD MULTI-NODE DISCOVERY & MOUNT UTILITY ===
Current Node: dios-macbook-air (Thu Aug 13 02:12:15 EEST 2026)
🔍 Discovered unmounted Philips SSD partition: disk4s1
Mounting diskutil mount disk4s1...
Volume KINGSTON on disk4s1 mounted
⚠️ Not found locally on dios-macbook-air. Querying Tailscale mesh nodes...
❌ Philips SSD drive not found on local or remote Tailscale nodes.
=== 💾 PHILIPS SSD MULTI-NODE DISCOVERY & MOUNT UTILITY ===
Current Node: dios-macbook-air (Thu Aug 13 02:17:17 EEST 2026)
🔍 Discovered unmounted Philips SSD partition: disk4s1
Mounting diskutil mount disk4s1...
Volume KINGSTON on disk4s1 mounted
⚠️ Not found locally on dios-macbook-air. Querying Tailscale mesh nodes...
❌ Philips SSD drive not found on local or remote Tailscale nodes.
=== 💾 PHILIPS SSD MULTI-NODE DISCOVERY & MOUNT UTILITY ===
Current Node: dios-macbook-air (Thu Aug 13 02:22:20 EEST 2026)
🔍 Discovered unmounted Philips SSD partition: disk4s1
Mounting diskutil mount disk4s1...
Volume KINGSTON on disk4s1 mounted
⚠️ Not found locally on dios-macbook-air. Querying Tailscale mesh nodes...
❌ Philips SSD drive not found on local or remote Tailscale nodes.
=== 💾 PHILIPS SSD MULTI-NODE DISCOVERY & MOUNT UTILITY ===
Current Node: dios-macbook-air (Thu Aug 13 02:27:22 EEST 2026)
🔍 Discovered unmounted Philips SSD partition: disk4s1
Mounting diskutil mount disk4s1...
Volume KINGSTON on disk4s1 mounted
⚠️ Not found locally on dios-macbook-air. Querying Tailscale mesh nodes...
❌ Philips SSD drive not found on local or remote Tailscale nodes.
=== 💾 PHILIPS SSD MULTI-NODE DISCOVERY & MOUNT UTILITY ===
Current Node: dios-macbook-air (Thu Aug 13 02:32:24 EEST 2026)
🔍 Discovered unmounted Philips SSD partition: disk4s1
Mounting diskutil mount disk4s1...
Volume KINGSTON on disk4s1 mounted
⚠️ Not found locally on dios-macbook-air. Querying Tailscale mesh nodes...
❌ Philips SSD drive not found on local or remote Tailscale nodes.
=== 💾 PHILIPS SSD MULTI-NODE DISCOVERY & MOUNT UTILITY ===
Current Node: dios-macbook-air (Thu Aug 13 02:37:27 EEST 2026)
🔍 Discovered unmounted Philips SSD partition: disk4s1
Mounting diskutil mount disk4s1...
Volume KINGSTON on disk4s1 mounted
⚠️ Not found locally on dios-macbook-air. Querying Tailscale mesh nodes...
❌ Philips SSD drive not found on local or remote Tailscale nodes.
=== 💾 PHILIPS SSD MULTI-NODE DISCOVERY & MOUNT UTILITY ===
Current Node: dios-macbook-air (Thu Aug 13 02:42:29 EEST 2026)
🔍 Discovered unmounted Philips SSD partition: disk4s1
Mounting diskutil mount disk4s1...
Volume KINGSTON on disk4s1 mounted
⚠️ Not found locally on dios-macbook-air. Querying Tailscale mesh nodes...
❌ Philips SSD drive not found on local or remote Tailscale nodes.
=== 💾 PHILIPS SSD MULTI-NODE DISCOVERY & MOUNT UTILITY ===
Current Node: dios-macbook-air (Thu Aug 13 02:47:31 EEST 2026)
🔍 Discovered unmounted Philips SSD partition: disk4s1
Mounting diskutil mount disk4s1...
Volume KINGSTON on disk4s1 mounted
⚠️ Not found locally on dios-macbook-air. Querying Tailscale mesh nodes...
❌ Philips SSD drive not found on local or remote Tailscale nodes.
=== 💾 PHILIPS SSD MULTI-NODE DISCOVERY & MOUNT UTILITY ===
Current Node: dios-macbook-air (Thu Aug 13 02:52:34 EEST 2026)
🔍 Discovered unmounted Philips SSD partition: disk4s1
Mounting diskutil mount disk4s1...
Volume KINGSTON on disk4s1 mounted
⚠️ Not found locally on dios-macbook-air. Querying Tailscale mesh nodes...
❌ Philips SSD drive not found on local or remote Tailscale nodes.
=== 💾 PHILIPS SSD MULTI-NODE DISCOVERY & MOUNT UTILITY ===
Current Node: dios-macbook-air (Thu Aug 13 02:57:36 EEST 2026)
🔍 Discovered unmounted Philips SSD partition: disk4s1
Mounting diskutil mount disk4s1...
Volume KINGSTON on disk4s1 mounted
⚠️ Not found locally on dios-macbook-air. Querying Tailscale mesh nodes...
❌ Philips SSD drive not found on local or remote Tailscale nodes.
=== 💾 PHILIPS SSD MULTI-NODE DISCOVERY & MOUNT UTILITY ===
Current Node: dios-macbook-air (Thu Aug 13 03:02:39 EEST 2026)
🔍 Discovered unmounted Philips SSD partition: disk4s1
Mounting diskutil mount disk4s1...
Volume KINGSTON on disk4s1 mounted
⚠️ Not found locally on dios-macbook-air. Querying Tailscale mesh nodes...
❌ Philips SSD drive not found on local or remote Tailscale nodes.
=== 💾 PHILIPS SSD MULTI-NODE DISCOVERY & MOUNT UTILITY ===
Current Node: dios-macbook-air (Thu Aug 13 03:07:41 EEST 2026)
🔍 Discovered unmounted Philips SSD partition: disk4s1
Mounting diskutil mount disk4s1...
Volume KINGSTON on disk4s1 mounted
⚠️ Not found locally on dios-macbook-air. Querying Tailscale mesh nodes...
❌ Philips SSD drive not found on local or remote Tailscale nodes.
=== 💾 PHILIPS SSD MULTI-NODE DISCOVERY & MOUNT UTILITY ===
Current Node: dios-macbook-air (Thu Aug 13 03:12:43 EEST 2026)
🔍 Discovered unmounted Philips SSD partition: disk4s1
Mounting diskutil mount disk4s1...
Volume KINGSTON on disk4s1 mounted
⚠️ Not found locally on dios-macbook-air. Querying Tailscale mesh nodes...
❌ Philips SSD drive not found on local or remote Tailscale nodes.
=== 💾 PHILIPS SSD MULTI-NODE DISCOVERY & MOUNT UTILITY ===
Current Node: dios-macbook-air (Thu Aug 13 03:17:46 EEST 2026)
🔍 Discovered unmounted Philips SSD partition: disk4s1
Mounting diskutil mount disk4s1...
Volume KINGSTON on disk4s1 mounted
⚠️ Not found locally on dios-macbook-air. Querying Tailscale mesh nodes...
❌ Philips SSD drive not found on local or remote Tailscale nodes.
=== 💾 PHILIPS SSD MULTI-NODE DISCOVERY & MOUNT UTILITY ===
Current Node: dios-macbook-air (Thu Aug 13 03:22:48 EEST 2026)
🔍 Discovered unmounted Philips SSD partition: disk4s1
Mounting diskutil mount disk4s1...
Volume KINGSTON on disk4s1 mounted
⚠️ Not found locally on dios-macbook-air. Querying Tailscale mesh nodes...
❌ Philips SSD drive not found on local or remote Tailscale nodes.
=== 💾 PHILIPS SSD MULTI-NODE DISCOVERY & MOUNT UTILITY ===
Current Node: dios-macbook-air (Thu Aug 13 03:27:51 EEST 2026)
🔍 Discovered unmounted Philips SSD partition: disk4s1
Mounting diskutil mount disk4s1...
Volume KINGSTON on disk4s1 mounted
⚠️ Not found locally on dios-macbook-air. Querying Tailscale mesh nodes...
❌ Philips SSD drive not found on local or remote Tailscale nodes.
=== 💾 PHILIPS SSD MULTI-NODE DISCOVERY & MOUNT UTILITY ===
Current Node: dios-macbook-air (Thu Aug 13 03:32:53 EEST 2026)
🔍 Discovered unmounted Philips SSD partition: disk4s1
Mounting diskutil mount disk4s1...
Volume KINGSTON on disk4s1 mounted
⚠️ Not found locally on dios-macbook-air. Querying Tailscale mesh nodes...
❌ Philips SSD drive not found on local or remote Tailscale nodes.
=== 💾 PHILIPS SSD MULTI-NODE DISCOVERY & MOUNT UTILITY ===
Current Node: dios-macbook-air (Thu Aug 13 03:37:56 EEST 2026)
🔍 Discovered unmounted Philips SSD partition: disk4s1
Mounting diskutil mount disk4s1...
Volume KINGSTON on disk4s1 mounted
⚠️ Not found locally on dios-macbook-air. Querying Tailscale mesh nodes...
❌ Philips SSD drive not found on local or remote Tailscale nodes.
=== 💾 PHILIPS SSD MULTI-NODE DISCOVERY & MOUNT UTILITY ===
Current Node: dios-macbook-air (Thu Aug 13 03:42:58 EEST 2026)
🔍 Discovered unmounted Philips SSD partition: disk4s1
Mounting diskutil mount disk4s1...
Volume KINGSTON on disk4s1 mounted
⚠️ Not found locally on dios-macbook-air. Querying Tailscale mesh nodes...
❌ Philips SSD drive not found on local or remote Tailscale nodes.
=== 💾 PHILIPS SSD MULTI-NODE DISCOVERY & MOUNT UTILITY ===
Current Node: dios-macbook-air (Thu Aug 13 03:48:00 EEST 2026)
🔍 Discovered unmounted Philips SSD partition: disk4s1
Mounting diskutil mount disk4s1...
Volume KINGSTON on disk4s1 mounted
⚠️ Not found locally on dios-macbook-air. Querying Tailscale mesh nodes...
❌ Philips SSD drive not found on local or remote Tailscale nodes.
=== 💾 PHILIPS SSD MULTI-NODE DISCOVERY & MOUNT UTILITY ===
Current Node: dios-macbook-air (Thu Aug 13 03:53:03 EEST 2026)
🔍 Discovered unmounted Philips SSD partition: disk4s1
Mounting diskutil mount disk4s1...
Volume KINGSTON on disk4s1 mounted
⚠️ Not found locally on dios-macbook-air. Querying Tailscale mesh nodes...
❌ Philips SSD drive not found on local or remote Tailscale nodes.
=== 💾 PHILIPS SSD MULTI-NODE DISCOVERY & MOUNT UTILITY ===
Current Node: dios-macbook-air (Thu Aug 13 03:58:05 EEST 2026)
🔍 Discovered unmounted Philips SSD partition: disk4s1
Mounting diskutil mount disk4s1...
Volume KINGSTON on disk4s1 mounted
⚠️ Not found locally on dios-macbook-air. Querying Tailscale mesh nodes...
❌ Philips SSD drive not found on local or remote Tailscale nodes.
=== 💾 PHILIPS SSD MULTI-NODE DISCOVERY & MOUNT UTILITY ===
Current Node: dios-macbook-air (Thu Aug 13 04:03:07 EEST 2026)
🔍 Discovered unmounted Philips SSD partition: disk4s1
Mounting diskutil mount disk4s1...
Volume KINGSTON on disk4s1 mounted
⚠️ Not found locally on dios-macbook-air. Querying Tailscale mesh nodes...
❌ Philips SSD drive not found on local or remote Tailscale nodes.
=== 💾 PHILIPS SSD MULTI-NODE DISCOVERY & MOUNT UTILITY ===
Current Node: dios-macbook-air (Thu Aug 13 04:08:10 EEST 2026)
🔍 Discovered unmounted Philips SSD partition: disk4s1
Mounting diskutil mount disk4s1...
Volume KINGSTON on disk4s1 mounted
⚠️ Not found locally on dios-macbook-air. Querying Tailscale mesh nodes...
❌ Philips SSD drive not found on local or remote Tailscale nodes.
=== 💾 PHILIPS SSD MULTI-NODE DISCOVERY & MOUNT UTILITY ===
Current Node: dios-macbook-air (Thu Aug 13 04:13:12 EEST 2026)
🔍 Discovered unmounted Philips SSD partition: disk4s1
Mounting diskutil mount disk4s1...
Volume KINGSTON on disk4s1 mounted
⚠️ Not found locally on dios-macbook-air. Querying Tailscale mesh nodes...
❌ Philips SSD drive not found on local or remote Tailscale nodes.
=== 💾 PHILIPS SSD MULTI-NODE DISCOVERY & MOUNT UTILITY ===
Current Node: dios-macbook-air (Thu Aug 13 04:18:14 EEST 2026)
🔍 Discovered unmounted Philips SSD partition: disk4s1
Mounting diskutil mount disk4s1...
Volume KINGSTON on disk4s1 mounted
⚠️ Not found locally on dios-macbook-air. Querying Tailscale mesh nodes...
❌ Philips SSD drive not found on local or remote Tailscale nodes.
=== 💾 PHILIPS SSD MULTI-NODE DISCOVERY & MOUNT UTILITY ===
Current Node: dios-macbook-air (Thu Aug 13 04:23:17 EEST 2026)
🔍 Discovered unmounted Philips SSD partition: disk4s1
Mounting diskutil mount disk4s1...
Volume KINGSTON on disk4s1 mounted
⚠️ Not found locally on dios-macbook-air. Querying Tailscale mesh nodes...
❌ Philips SSD drive not found on local or remote Tailscale nodes.
=== 💾 PHILIPS SSD MULTI-NODE DISCOVERY & MOUNT UTILITY ===
Current Node: dios-macbook-air (Thu Aug 13 04:28:19 EEST 2026)
🔍 Discovered unmounted Philips SSD partition: disk4s1
Mounting diskutil mount disk4s1...
Volume KINGSTON on disk4s1 mounted
⚠️ Not found locally on dios-macbook-air. Querying Tailscale mesh nodes...
❌ Philips SSD drive not found on local or remote Tailscale nodes.
=== 💾 PHILIPS SSD MULTI-NODE DISCOVERY & MOUNT UTILITY ===
Current Node: dios-macbook-air (Thu Aug 13 04:33:22 EEST 2026)
🔍 Discovered unmounted Philips SSD partition: disk4s1
Mounting diskutil mount disk4s1...
Volume KINGSTON on disk4s1 mounted
⚠️ Not found locally on dios-macbook-air. Querying Tailscale mesh nodes...
❌ Philips SSD drive not found on local or remote Tailscale nodes.
=== 💾 PHILIPS SSD MULTI-NODE DISCOVERY & MOUNT UTILITY ===
Current Node: dios-macbook-air (Thu Aug 13 04:38:24 EEST 2026)
🔍 Discovered unmounted Philips SSD partition: disk4s1
Mounting diskutil mount disk4s1...
Volume KINGSTON on disk4s1 mounted
⚠️ Not found locally on dios-macbook-air. Querying Tailscale mesh nodes...
❌ Philips SSD drive not found on local or remote Tailscale nodes.
=== 💾 PHILIPS SSD MULTI-NODE DISCOVERY & MOUNT UTILITY ===
Current Node: dios-macbook-air (Thu Aug 13 04:43:26 EEST 2026)
🔍 Discovered unmounted Philips SSD partition: disk4s1
Mounting diskutil mount disk4s1...
Volume KINGSTON on disk4s1 mounted
⚠️ Not found locally on dios-macbook-air. Querying Tailscale mesh nodes...
❌ Philips SSD drive not found on local or remote Tailscale nodes.
=== 💾 PHILIPS SSD MULTI-NODE DISCOVERY & MOUNT UTILITY ===
Current Node: dios-macbook-air (Thu Aug 13 04:48:29 EEST 2026)
🔍 Discovered unmounted Philips SSD partition: disk4s1
Mounting diskutil mount disk4s1...
Volume KINGSTON on disk4s1 mounted
⚠️ Not found locally on dios-macbook-air. Querying Tailscale mesh nodes...
❌ Philips SSD drive not found on local or remote Tailscale nodes.
=== 💾 PHILIPS SSD MULTI-NODE DISCOVERY & MOUNT UTILITY ===
Current Node: dios-macbook-air (Thu Aug 13 04:53:31 EEST 2026)
🔍 Discovered unmounted Philips SSD partition: disk4s1
Mounting diskutil mount disk4s1...
Volume KINGSTON on disk4s1 mounted
⚠️ Not found locally on dios-macbook-air. Querying Tailscale mesh nodes...
❌ Philips SSD drive not found on local or remote Tailscale nodes.
=== 💾 PHILIPS SSD MULTI-NODE DISCOVERY & MOUNT UTILITY ===
Current Node: dios-macbook-air (Thu Aug 13 04:58:34 EEST 2026)
🔍 Discovered unmounted Philips SSD partition: disk4s1
Mounting diskutil mount disk4s1...
Volume KINGSTON on disk4s1 mounted
⚠️ Not found locally on dios-macbook-air. Querying Tailscale mesh nodes...
❌ Philips SSD drive not found on local or remote Tailscale nodes.
=== 💾 PHILIPS SSD MULTI-NODE DISCOVERY & MOUNT UTILITY ===
Current Node: dios-macbook-air (Thu Aug 13 05:03:36 EEST 2026)
🔍 Discovered unmounted Philips SSD partition: disk4s1
Mounting diskutil mount disk4s1...
Volume KINGSTON on disk4s1 mounted
⚠️ Not found locally on dios-macbook-air. Querying Tailscale mesh nodes...
❌ Philips SSD drive not found on local or remote Tailscale nodes.
=== 💾 PHILIPS SSD MULTI-NODE DISCOVERY & MOUNT UTILITY ===
Current Node: dios-macbook-air (Thu Aug 13 05:08:39 EEST 2026)
🔍 Discovered unmounted Philips SSD partition: disk4s1
Mounting diskutil mount disk4s1...
Volume KINGSTON on disk4s1 mounted
⚠️ Not found locally on dios-macbook-air. Querying Tailscale mesh nodes...
❌ Philips SSD drive not found on local or remote Tailscale nodes.
=== 💾 PHILIPS SSD MULTI-NODE DISCOVERY & MOUNT UTILITY ===
Current Node: dios-macbook-air (Thu Aug 13 05:13:41 EEST 2026)
🔍 Discovered unmounted Philips SSD partition: disk4s1
Mounting diskutil mount disk4s1...
Volume KINGSTON on disk4s1 mounted
⚠️ Not found locally on dios-macbook-air. Querying Tailscale mesh nodes...
❌ Philips SSD drive not found on local or remote Tailscale nodes.
=== 💾 PHILIPS SSD MULTI-NODE DISCOVERY & MOUNT UTILITY ===
Current Node: dios-macbook-air (Thu Aug 13 05:18:43 EEST 2026)
🔍 Discovered unmounted Philips SSD partition: disk4s1
Mounting diskutil mount disk4s1...
Volume KINGSTON on disk4s1 mounted
⚠️ Not found locally on dios-macbook-air. Querying Tailscale mesh nodes...
❌ Philips SSD drive not found on local or remote Tailscale nodes.
=== 💾 PHILIPS SSD MULTI-NODE DISCOVERY & MOUNT UTILITY ===
Current Node: dios-macbook-air (Thu Aug 13 05:23:46 EEST 2026)
🔍 Discovered unmounted Philips SSD partition: disk4s1
Mounting diskutil mount disk4s1...
Volume KINGSTON on disk4s1 mounted
⚠️ Not found locally on dios-macbook-air. Querying Tailscale mesh nodes...
❌ Philips SSD drive not found on local or remote Tailscale nodes.
=== 💾 PHILIPS SSD MULTI-NODE DISCOVERY & MOUNT UTILITY ===
Current Node: dios-macbook-air (Thu Aug 13 05:28:48 EEST 2026)
🔍 Discovered unmounted Philips SSD partition: disk4s1
Mounting diskutil mount disk4s1...
Volume KINGSTON on disk4s1 mounted
⚠️ Not found locally on dios-macbook-air. Querying Tailscale mesh nodes...
❌ Philips SSD drive not found on local or remote Tailscale nodes.
=== 💾 PHILIPS SSD MULTI-NODE DISCOVERY & MOUNT UTILITY ===
Current Node: dios-macbook-air (Thu Aug 13 05:33:50 EEST 2026)
🔍 Discovered unmounted Philips SSD partition: disk4s1
Mounting diskutil mount disk4s1...
Volume KINGSTON on disk4s1 mounted
⚠️ Not found locally on dios-macbook-air. Querying Tailscale mesh nodes...
❌ Philips SSD drive not found on local or remote Tailscale nodes.
=== 💾 PHILIPS SSD MULTI-NODE DISCOVERY & MOUNT UTILITY ===
Current Node: dios-macbook-air (Thu Aug 13 05:38:53 EEST 2026)
🔍 Discovered unmounted Philips SSD partition: disk4s1
Mounting diskutil mount disk4s1...
Volume KINGSTON on disk4s1 mounted
⚠️ Not found locally on dios-macbook-air. Querying Tailscale mesh nodes...
❌ Philips SSD drive not found on local or remote Tailscale nodes.
=== 💾 PHILIPS SSD MULTI-NODE DISCOVERY & MOUNT UTILITY ===
Current Node: dios-macbook-air (Thu Aug 13 05:43:55 EEST 2026)
🔍 Discovered unmounted Philips SSD partition: disk4s1
Mounting diskutil mount disk4s1...
Volume KINGSTON on disk4s1 mounted
⚠️ Not found locally on dios-macbook-air. Querying Tailscale mesh nodes...
❌ Philips SSD drive not found on local or remote Tailscale nodes.
=== 💾 PHILIPS SSD MULTI-NODE DISCOVERY & MOUNT UTILITY ===
Current Node: dios-macbook-air (Thu Aug 13 05:48:58 EEST 2026)
🔍 Discovered unmounted Philips SSD partition: disk4s1
Mounting diskutil mount disk4s1...
Volume KINGSTON on disk4s1 mounted
⚠️ Not found locally on dios-macbook-air. Querying Tailscale mesh nodes...
❌ Philips SSD drive not found on local or remote Tailscale nodes.
=== 💾 PHILIPS SSD MULTI-NODE DISCOVERY & MOUNT UTILITY ===
Current Node: dios-macbook-air (Thu Aug 13 05:54:00 EEST 2026)
🔍 Discovered unmounted Philips SSD partition: disk4s1
Mounting diskutil mount disk4s1...
Volume KINGSTON on disk4s1 mounted
⚠️ Not found locally on dios-macbook-air. Querying Tailscale mesh nodes...
❌ Philips SSD drive not found on local or remote Tailscale nodes.
=== 💾 PHILIPS SSD MULTI-NODE DISCOVERY & MOUNT UTILITY ===
Current Node: dios-macbook-air (Thu Aug 13 05:59:03 EEST 2026)
🔍 Discovered unmounted Philips SSD partition: disk4s1
Mounting diskutil mount disk4s1...
Volume KINGSTON on disk4s1 mounted
⚠️ Not found locally on dios-macbook-air. Querying Tailscale mesh nodes...
❌ Philips SSD drive not found on local or remote Tailscale nodes.
=== 💾 PHILIPS SSD MULTI-NODE DISCOVERY & MOUNT UTILITY ===
Current Node: dios-macbook-air (Thu Aug 13 06:04:05 EEST 2026)
🔍 Discovered unmounted Philips SSD partition: disk4s1
Mounting diskutil mount disk4s1...
Volume KINGSTON on disk4s1 mounted
⚠️ Not found locally on dios-macbook-air. Querying Tailscale mesh nodes...
❌ Philips SSD drive not found on local or remote Tailscale nodes.
=== 💾 PHILIPS SSD MULTI-NODE DISCOVERY & MOUNT UTILITY ===
Current Node: dios-macbook-air (Thu Aug 13 06:09:07 EEST 2026)
🔍 Discovered unmounted Philips SSD partition: disk4s1
Mounting diskutil mount disk4s1...
Volume KINGSTON on disk4s1 mounted
⚠️ Not found locally on dios-macbook-air. Querying Tailscale mesh nodes...
❌ Philips SSD drive not found on local or remote Tailscale nodes.
=== 💾 PHILIPS SSD MULTI-NODE DISCOVERY & MOUNT UTILITY ===
Current Node: dios-macbook-air (Thu Aug 13 06:14:10 EEST 2026)
🔍 Discovered unmounted Philips SSD partition: disk4s1
Mounting diskutil mount disk4s1...
Volume KINGSTON on disk4s1 mounted
⚠️ Not found locally on dios-macbook-air. Querying Tailscale mesh nodes...
❌ Philips SSD drive not found on local or remote Tailscale nodes.
=== 💾 PHILIPS SSD MULTI-NODE DISCOVERY & MOUNT UTILITY ===
Current Node: dios-macbook-air (Thu Aug 13 06:19:12 EEST 2026)
🔍 Discovered unmounted Philips SSD partition: disk4s1
Mounting diskutil mount disk4s1...
Volume KINGSTON on disk4s1 mounted
⚠️ Not found locally on dios-macbook-air. Querying Tailscale mesh nodes...
❌ Philips SSD drive not found on local or remote Tailscale nodes.
=== 💾 PHILIPS SSD MULTI-NODE DISCOVERY & MOUNT UTILITY ===
Current Node: dios-macbook-air (Thu Aug 13 06:24:14 EEST 2026)
🔍 Discovered unmounted Philips SSD partition: disk4s1
Mounting diskutil mount disk4s1...
Volume KINGSTON on disk4s1 mounted
⚠️ Not found locally on dios-macbook-air. Querying Tailscale mesh nodes...
❌ Philips SSD drive not found on local or remote Tailscale nodes.
=== 💾 PHILIPS SSD MULTI-NODE DISCOVERY & MOUNT UTILITY ===
Current Node: dios-macbook-air (Thu Aug 13 06:29:17 EEST 2026)
🔍 Discovered unmounted Philips SSD partition: disk4s1
Mounting diskutil mount disk4s1...
Volume KINGSTON on disk4s1 mounted
⚠️ Not found locally on dios-macbook-air. Querying Tailscale mesh nodes...
❌ Philips SSD drive not found on local or remote Tailscale nodes.
=== 💾 PHILIPS SSD MULTI-NODE DISCOVERY & MOUNT UTILITY ===
Current Node: dios-macbook-air (Thu Aug 13 06:34:19 EEST 2026)
🔍 Discovered unmounted Philips SSD partition: disk4s1
Mounting diskutil mount disk4s1...
Volume KINGSTON on disk4s1 mounted
⚠️ Not found locally on dios-macbook-air. Querying Tailscale mesh nodes...
❌ Philips SSD drive not found on local or remote Tailscale nodes.
=== 💾 PHILIPS SSD MULTI-NODE DISCOVERY & MOUNT UTILITY ===
Current Node: dios-macbook-air (Thu Aug 13 06:39:21 EEST 2026)
🔍 Discovered unmounted Philips SSD partition: disk4s1
Mounting diskutil mount disk4s1...
Volume KINGSTON on disk4s1 mounted
⚠️ Not found locally on dios-macbook-air. Querying Tailscale mesh nodes...
❌ Philips SSD drive not found on local or remote Tailscale nodes.
=== 💾 PHILIPS SSD MULTI-NODE DISCOVERY & MOUNT UTILITY ===
Current Node: dios-macbook-air (Thu Aug 13 06:44:24 EEST 2026)
🔍 Discovered unmounted Philips SSD partition: disk4s1
Mounting diskutil mount disk4s1...
Volume KINGSTON on disk4s1 mounted
⚠️ Not found locally on dios-macbook-air. Querying Tailscale mesh nodes...
❌ Philips SSD drive not found on local or remote Tailscale nodes.
=== 💾 PHILIPS SSD MULTI-NODE DISCOVERY & MOUNT UTILITY ===
Current Node: dios-macbook-air (Thu Aug 13 06:49:26 EEST 2026)
🔍 Discovered unmounted Philips SSD partition: disk4s1
Mounting diskutil mount disk4s1...
Volume KINGSTON on disk4s1 mounted
⚠️ Not found locally on dios-macbook-air. Querying Tailscale mesh nodes...
❌ Philips SSD drive not found on local or remote Tailscale nodes.
=== 💾 PHILIPS SSD MULTI-NODE DISCOVERY & MOUNT UTILITY ===
Current Node: dios-macbook-air (Thu Aug 13 06:54:28 EEST 2026)
🔍 Discovered unmounted Philips SSD partition: disk4s1
Mounting diskutil mount disk4s1...
Volume KINGSTON on disk4s1 mounted
⚠️ Not found locally on dios-macbook-air. Querying Tailscale mesh nodes...
❌ Philips SSD drive not found on local or remote Tailscale nodes.
=== 💾 PHILIPS SSD MULTI-NODE DISCOVERY & MOUNT UTILITY ===
Current Node: dios-macbook-air (Thu Aug 13 06:59:31 EEST 2026)
🔍 Discovered unmounted Philips SSD partition: disk4s1
Mounting diskutil mount disk4s1...
Volume KINGSTON on disk4s1 mounted
⚠️ Not found locally on dios-macbook-air. Querying Tailscale mesh nodes...
❌ Philips SSD drive not found on local or remote Tailscale nodes.
=== 💾 PHILIPS SSD MULTI-NODE DISCOVERY & MOUNT UTILITY ===
Current Node: dios-macbook-air (Thu Aug 13 07:04:33 EEST 2026)
🔍 Discovered unmounted Philips SSD partition: disk4s1
Mounting diskutil mount disk4s1...
Volume KINGSTON on disk4s1 mounted
⚠️ Not found locally on dios-macbook-air. Querying Tailscale mesh nodes...
❌ Philips SSD drive not found on local or remote Tailscale nodes.
=== 💾 PHILIPS SSD MULTI-NODE DISCOVERY & MOUNT UTILITY ===
Current Node: dios-macbook-air (Thu Aug 13 07:09:36 EEST 2026)
🔍 Discovered unmounted Philips SSD partition: disk4s1
Mounting diskutil mount disk4s1...
Volume KINGSTON on disk4s1 mounted
⚠️ Not found locally on dios-macbook-air. Querying Tailscale mesh nodes...
❌ Philips SSD drive not found on local or remote Tailscale nodes.
=== 💾 PHILIPS SSD MULTI-NODE DISCOVERY & MOUNT UTILITY ===
Current Node: dios-macbook-air (Thu Aug 13 07:14:38 EEST 2026)
🔍 Discovered unmounted Philips SSD partition: disk4s1
Mounting diskutil mount disk4s1...
Volume KINGSTON on disk4s1 mounted
⚠️ Not found locally on dios-macbook-air. Querying Tailscale mesh nodes...
❌ Philips SSD drive not found on local or remote Tailscale nodes.
=== 💾 PHILIPS SSD MULTI-NODE DISCOVERY & MOUNT UTILITY ===
Current Node: dios-macbook-air (Thu Aug 13 07:19:41 EEST 2026)
🔍 Discovered unmounted Philips SSD partition: disk4s1
Mounting diskutil mount disk4s1...
Volume KINGSTON on disk4s1 mounted
⚠️ Not found locally on dios-macbook-air. Querying Tailscale mesh nodes...
❌ Philips SSD drive not found on local or remote Tailscale nodes.
=== 💾 PHILIPS SSD MULTI-NODE DISCOVERY & MOUNT UTILITY ===
Current Node: dios-macbook-air (Thu Aug 13 07:24:43 EEST 2026)
🔍 Discovered unmounted Philips SSD partition: disk4s1
Mounting diskutil mount disk4s1...
Volume KINGSTON on disk4s1 mounted
⚠️ Not found locally on dios-macbook-air. Querying Tailscale mesh nodes...
❌ Philips SSD drive not found on local or remote Tailscale nodes.
=== 💾 PHILIPS SSD MULTI-NODE DISCOVERY & MOUNT UTILITY ===
Current Node: dios-macbook-air (Thu Aug 13 07:29:46 EEST 2026)
🔍 Discovered unmounted Philips SSD partition: disk4s1
Mounting diskutil mount disk4s1...
Volume KINGSTON on disk4s1 mounted
⚠️ Not found locally on dios-macbook-air. Querying Tailscale mesh nodes...
❌ Philips SSD drive not found on local or remote Tailscale nodes.
=== 💾 PHILIPS SSD MULTI-NODE DISCOVERY & MOUNT UTILITY ===
Current Node: dios-macbook-air (Thu Aug 13 07:34:48 EEST 2026)
🔍 Discovered unmounted Philips SSD partition: disk4s1
Mounting diskutil mount disk4s1...
Volume KINGSTON on disk4s1 mounted
⚠️ Not found locally on dios-macbook-air. Querying Tailscale mesh nodes...
❌ Philips SSD drive not found on local or remote Tailscale nodes.
=== 💾 PHILIPS SSD MULTI-NODE DISCOVERY & MOUNT UTILITY ===
Current Node: dios-macbook-air (Thu Aug 13 07:39:50 EEST 2026)
🔍 Discovered unmounted Philips SSD partition: disk4s1
Mounting diskutil mount disk4s1...
Volume KINGSTON on disk4s1 mounted
⚠️ Not found locally on dios-macbook-air. Querying Tailscale mesh nodes...
❌ Philips SSD drive not found on local or remote Tailscale nodes.
=== 💾 PHILIPS SSD MULTI-NODE DISCOVERY & MOUNT UTILITY ===
Current Node: dios-macbook-air (Thu Aug 13 07:44:53 EEST 2026)
🔍 Discovered unmounted Philips SSD partition: disk4s1
Mounting diskutil mount disk4s1...
Volume KINGSTON on disk4s1 mounted
⚠️ Not found locally on dios-macbook-air. Querying Tailscale mesh nodes...
❌ Philips SSD drive not found on local or remote Tailscale nodes.
=== 💾 PHILIPS SSD MULTI-NODE DISCOVERY & MOUNT UTILITY ===
Current Node: dios-macbook-air (Thu Aug 13 07:49:55 EEST 2026)
🔍 Discovered unmounted Philips SSD partition: disk4s1
Mounting diskutil mount disk4s1...
Volume KINGSTON on disk4s1 mounted
⚠️ Not found locally on dios-macbook-air. Querying Tailscale mesh nodes...
❌ Philips SSD drive not found on local or remote Tailscale nodes.
=== 💾 PHILIPS SSD MULTI-NODE DISCOVERY & MOUNT UTILITY ===
Current Node: dios-macbook-air (Thu Aug 13 07:54:57 EEST 2026)
🔍 Discovered unmounted Philips SSD partition: disk4s1
Mounting diskutil mount disk4s1...
Volume KINGSTON on disk4s1 mounted
⚠️ Not found locally on dios-macbook-air. Querying Tailscale mesh nodes...
❌ Philips SSD drive not found on local or remote Tailscale nodes.
=== 💾 PHILIPS SSD MULTI-NODE DISCOVERY & MOUNT UTILITY ===
Current Node: dios-macbook-air (Thu Aug 13 08:00:00 EEST 2026)
🔍 Discovered unmounted Philips SSD partition: disk4s1
Mounting diskutil mount disk4s1...
Volume KINGSTON on disk4s1 mounted
⚠️ Not found locally on dios-macbook-air. Querying Tailscale mesh nodes...
❌ Philips SSD drive not found on local or remote Tailscale nodes.
=== 💾 PHILIPS SSD MULTI-NODE DISCOVERY & MOUNT UTILITY ===
Current Node: dios-macbook-air (Thu Aug 13 08:05:02 EEST 2026)
🔍 Discovered unmounted Philips SSD partition: disk4s1
Mounting diskutil mount disk4s1...
Volume KINGSTON on disk4s1 mounted
⚠️ Not found locally on dios-macbook-air. Querying Tailscale mesh nodes...
❌ Philips SSD drive not found on local or remote Tailscale nodes.
=== 💾 PHILIPS SSD MULTI-NODE DISCOVERY & MOUNT UTILITY ===
Current Node: dios-macbook-air (Thu Aug 13 08:10:04 EEST 2026)
🔍 Discovered unmounted Philips SSD partition: disk4s1
Mounting diskutil mount disk4s1...
Volume KINGSTON on disk4s1 mounted
⚠️ Not found locally on dios-macbook-air. Querying Tailscale mesh nodes...
❌ Philips SSD drive not found on local or remote Tailscale nodes.
=== 💾 PHILIPS SSD MULTI-NODE DISCOVERY & MOUNT UTILITY ===
Current Node: dios-macbook-air (Thu Aug 13 08:15:07 EEST 2026)
🔍 Discovered unmounted Philips SSD partition: disk4s1
Mounting diskutil mount disk4s1...
Volume KINGSTON on disk4s1 mounted
⚠️ Not found locally on dios-macbook-air. Querying Tailscale mesh nodes...
❌ Philips SSD drive not found on local or remote Tailscale nodes.
=== 💾 PHILIPS SSD MULTI-NODE DISCOVERY & MOUNT UTILITY ===
Current Node: dios-macbook-air (Thu Aug 13 08:20:09 EEST 2026)
🔍 Discovered unmounted Philips SSD partition: disk4s1
Mounting diskutil mount disk4s1...
Volume KINGSTON on disk4s1 mounted
⚠️ Not found locally on dios-macbook-air. Querying Tailscale mesh nodes...
❌ Philips SSD drive not found on local or remote Tailscale nodes.
=== 💾 PHILIPS SSD MULTI-NODE DISCOVERY & MOUNT UTILITY ===
Current Node: dios-macbook-air (Thu Aug 13 08:25:12 EEST 2026)
🔍 Discovered unmounted Philips SSD partition: disk4s1
Mounting diskutil mount disk4s1...
Volume KINGSTON on disk4s1 mounted
⚠️ Not found locally on dios-macbook-air. Querying Tailscale mesh nodes...
❌ Philips SSD drive not found on local or remote Tailscale nodes.
=== 💾 PHILIPS SSD MULTI-NODE DISCOVERY & MOUNT UTILITY ===
Current Node: dios-macbook-air (Thu Aug 13 08:30:14 EEST 2026)
🔍 Discovered unmounted Philips SSD partition: disk4s1
Mounting diskutil mount disk4s1...
Volume KINGSTON on disk4s1 mounted
⚠️ Not found locally on dios-macbook-air. Querying Tailscale mesh nodes...
❌ Philips SSD drive not found on local or remote Tailscale nodes.
=== 💾 PHILIPS SSD MULTI-NODE DISCOVERY & MOUNT UTILITY ===
Current Node: dios-macbook-air (Thu Aug 13 08:35:16 EEST 2026)
🔍 Discovered unmounted Philips SSD partition: disk4s1
Mounting diskutil mount disk4s1...
Volume KINGSTON on disk4s1 mounted
⚠️ Not found locally on dios-macbook-air. Querying Tailscale mesh nodes...
❌ Philips SSD drive not found on local or remote Tailscale nodes.
=== 💾 PHILIPS SSD MULTI-NODE DISCOVERY & MOUNT UTILITY ===
Current Node: dios-macbook-air (Thu Aug 13 08:40:19 EEST 2026)
🔍 Discovered unmounted Philips SSD partition: disk4s1
Mounting diskutil mount disk4s1...
Volume KINGSTON on disk4s1 mounted
⚠️ Not found locally on dios-macbook-air. Querying Tailscale mesh nodes...
❌ Philips SSD drive not found on local or remote Tailscale nodes.
=== 💾 PHILIPS SSD MULTI-NODE DISCOVERY & MOUNT UTILITY ===
Current Node: dios-macbook-air (Thu Aug 13 08:45:21 EEST 2026)
🔍 Discovered unmounted Philips SSD partition: disk4s1
Mounting diskutil mount disk4s1...
Volume KINGSTON on disk4s1 mounted
⚠️ Not found locally on dios-macbook-air. Querying Tailscale mesh nodes...
❌ Philips SSD drive not found on local or remote Tailscale nodes.
=== 💾 PHILIPS SSD MULTI-NODE DISCOVERY & MOUNT UTILITY ===
Current Node: dios-macbook-air (Thu Aug 13 08:50:23 EEST 2026)
🔍 Discovered unmounted Philips SSD partition: disk4s1
Mounting diskutil mount disk4s1...
Volume KINGSTON on disk4s1 mounted
⚠️ Not found locally on dios-macbook-air. Querying Tailscale mesh nodes...
❌ Philips SSD drive not found on local or remote Tailscale nodes.
=== 💾 PHILIPS SSD MULTI-NODE DISCOVERY & MOUNT UTILITY ===
Current Node: dios-macbook-air (Thu Aug 13 08:55:26 EEST 2026)
🔍 Discovered unmounted Philips SSD partition: disk4s1
Mounting diskutil mount disk4s1...
Volume KINGSTON on disk4s1 mounted
⚠️ Not found locally on dios-macbook-air. Querying Tailscale mesh nodes...
❌ Philips SSD drive not found on local or remote Tailscale nodes.
=== 💾 PHILIPS SSD MULTI-NODE DISCOVERY & MOUNT UTILITY ===
Current Node: dios-macbook-air (Thu Aug 13 09:00:28 EEST 2026)
🔍 Discovered unmounted Philips SSD partition: disk4s1
Mounting diskutil mount disk4s1...
Volume KINGSTON on disk4s1 mounted
⚠️ Not found locally on dios-macbook-air. Querying Tailscale mesh nodes...
❌ Philips SSD drive not found on local or remote Tailscale nodes.
=== 💾 PHILIPS SSD MULTI-NODE DISCOVERY & MOUNT UTILITY ===
Current Node: dios-macbook-air (Thu Aug 13 09:05:31 EEST 2026)
🔍 Discovered unmounted Philips SSD partition: disk4s1
Mounting diskutil mount disk4s1...
Volume KINGSTON on disk4s1 mounted
⚠️ Not found locally on dios-macbook-air. Querying Tailscale mesh nodes...
❌ Philips SSD drive not found on local or remote Tailscale nodes.
=== 💾 PHILIPS SSD MULTI-NODE DISCOVERY & MOUNT UTILITY ===
Current Node: dios-macbook-air (Thu Aug 13 09:10:33 EEST 2026)
🔍 Discovered unmounted Philips SSD partition: disk4s1
Mounting diskutil mount disk4s1...
Volume KINGSTON on disk4s1 mounted
⚠️ Not found locally on dios-macbook-air. Querying Tailscale mesh nodes...
❌ Philips SSD drive not found on local or remote Tailscale nodes.
=== 💾 PHILIPS SSD MULTI-NODE DISCOVERY & MOUNT UTILITY ===
Current Node: dios-macbook-air (Thu Aug 13 09:15:36 EEST 2026)
🔍 Discovered unmounted Philips SSD partition: disk4s1
Mounting diskutil mount disk4s1...
Volume KINGSTON on disk4s1 mounted
⚠️ Not found locally on dios-macbook-air. Querying Tailscale mesh nodes...
❌ Philips SSD drive not found on local or remote Tailscale nodes.
=== 💾 PHILIPS SSD MULTI-NODE DISCOVERY & MOUNT UTILITY ===
Current Node: dios-macbook-air (Thu Aug 13 09:20:38 EEST 2026)
🔍 Discovered unmounted Philips SSD partition: disk4s1
Mounting diskutil mount disk4s1...
Volume KINGSTON on disk4s1 mounted
⚠️ Not found locally on dios-macbook-air. Querying Tailscale mesh nodes...
❌ Philips SSD drive not found on local or remote Tailscale nodes.
=== 💾 PHILIPS SSD MULTI-NODE DISCOVERY & MOUNT UTILITY ===
Current Node: dios-macbook-air (Thu Aug 13 09:25:40 EEST 2026)
🔍 Discovered unmounted Philips SSD partition: disk4s1
Mounting diskutil mount disk4s1...
Volume KINGSTON on disk4s1 mounted
⚠️ Not found locally on dios-macbook-air. Querying Tailscale mesh nodes...
❌ Philips SSD drive not found on local or remote Tailscale nodes.
=== 💾 PHILIPS SSD MULTI-NODE DISCOVERY & MOUNT UTILITY ===
Current Node: dios-macbook-air (Thu Aug 13 09:30:43 EEST 2026)
🔍 Discovered unmounted Philips SSD partition: disk4s1
Mounting diskutil mount disk4s1...
Volume KINGSTON on disk4s1 mounted
⚠️ Not found locally on dios-macbook-air. Querying Tailscale mesh nodes...
❌ Philips SSD drive not found on local or remote Tailscale nodes.
=== 💾 PHILIPS SSD MULTI-NODE DISCOVERY & MOUNT UTILITY ===
Current Node: dios-macbook-air (Thu Aug 13 09:35:45 EEST 2026)
🔍 Discovered unmounted Philips SSD partition: disk4s1
Mounting diskutil mount disk4s1...
Volume KINGSTON on disk4s1 mounted
⚠️ Not found locally on dios-macbook-air. Querying Tailscale mesh nodes...
❌ Philips SSD drive not found on local or remote Tailscale nodes.
=== 💾 PHILIPS SSD MULTI-NODE DISCOVERY & MOUNT UTILITY ===
Current Node: dios-macbook-air (Thu Aug 13 09:40:47 EEST 2026)
🔍 Discovered unmounted Philips SSD partition: disk4s1
Mounting diskutil mount disk4s1...
Volume KINGSTON on disk4s1 mounted
⚠️ Not found locally on dios-macbook-air. Querying Tailscale mesh nodes...
❌ Philips SSD drive not found on local or remote Tailscale nodes.
=== 💾 PHILIPS SSD MULTI-NODE DISCOVERY & MOUNT UTILITY ===
Current Node: dios-macbook-air (Thu Aug 13 09:45:50 EEST 2026)
🔍 Discovered unmounted Philips SSD partition: disk4s1
Mounting diskutil mount disk4s1...
Volume KINGSTON on disk4s1 mounted
⚠️ Not found locally on dios-macbook-air. Querying Tailscale mesh nodes...
❌ Philips SSD drive not found on local or remote Tailscale nodes.
=== 💾 PHILIPS SSD MULTI-NODE DISCOVERY & MOUNT UTILITY ===
Current Node: dios-macbook-air (Thu Aug 13 09:50:52 EEST 2026)
🔍 Discovered unmounted Philips SSD partition: disk4s1
Mounting diskutil mount disk4s1...
Volume KINGSTON on disk4s1 mounted
⚠️ Not found locally on dios-macbook-air. Querying Tailscale mesh nodes...
❌ Philips SSD drive not found on local or remote Tailscale nodes.
=== 💾 PHILIPS SSD MULTI-NODE DISCOVERY & MOUNT UTILITY ===
Current Node: dios-macbook-air (Thu Aug 13 09:55:55 EEST 2026)
🔍 Discovered unmounted Philips SSD partition: disk4s1
Mounting diskutil mount disk4s1...
Volume KINGSTON on disk4s1 mounted
⚠️ Not found locally on dios-macbook-air. Querying Tailscale mesh nodes...
❌ Philips SSD drive not found on local or remote Tailscale nodes.
=== 💾 PHILIPS SSD MULTI-NODE DISCOVERY & MOUNT UTILITY ===
Current Node: dios-macbook-air (Thu Aug 13 10:00:57 EEST 2026)
🔍 Discovered unmounted Philips SSD partition: disk4s1
Mounting diskutil mount disk4s1...
Volume KINGSTON on disk4s1 mounted
⚠️ Not found locally on dios-macbook-air. Querying Tailscale mesh nodes...
❌ Philips SSD drive not found on local or remote Tailscale nodes.
=== 💾 PHILIPS SSD MULTI-NODE DISCOVERY & MOUNT UTILITY ===
Current Node: dios-macbook-air (Thu Aug 13 10:05:59 EEST 2026)
🔍 Discovered unmounted Philips SSD partition: disk4s1
Mounting diskutil mount disk4s1...
Volume KINGSTON on disk4s1 mounted
⚠️ Not found locally on dios-macbook-air. Querying Tailscale mesh nodes...
❌ Philips SSD drive not found on local or remote Tailscale nodes.
=== 💾 PHILIPS SSD MULTI-NODE DISCOVERY & MOUNT UTILITY ===
Current Node: dios-macbook-air (Thu Aug 13 10:11:02 EEST 2026)
🔍 Discovered unmounted Philips SSD partition: disk4s1
Mounting diskutil mount disk4s1...
Volume KINGSTON on disk4s1 mounted
⚠️ Not found locally on dios-macbook-air. Querying Tailscale mesh nodes...
❌ Philips SSD drive not found on local or remote Tailscale nodes.
=== 💾 PHILIPS SSD MULTI-NODE DISCOVERY & MOUNT UTILITY ===
Current Node: dios-macbook-air (Thu Aug 13 10:16:04 EEST 2026)
🔍 Discovered unmounted Philips SSD partition: disk4s1
Mounting diskutil mount disk4s1...
Volume KINGSTON on disk4s1 mounted
⚠️ Not found locally on dios-macbook-air. Querying Tailscale mesh nodes...
❌ Philips SSD drive not found on local or remote Tailscale nodes.
=== 💾 PHILIPS SSD MULTI-NODE DISCOVERY & MOUNT UTILITY ===
Current Node: dios-macbook-air (Thu Aug 13 10:21:06 EEST 2026)
🔍 Discovered unmounted Philips SSD partition: disk4s1
Mounting diskutil mount disk4s1...
Volume KINGSTON on disk4s1 mounted
⚠️ Not found locally on dios-macbook-air. Querying Tailscale mesh nodes...
❌ Philips SSD drive not found on local or remote Tailscale nodes.
=== 💾 PHILIPS SSD MULTI-NODE DISCOVERY & MOUNT UTILITY ===
Current Node: dios-macbook-air (Thu Aug 13 10:26:09 EEST 2026)
🔍 Discovered unmounted Philips SSD partition: disk4s1
Mounting diskutil mount disk4s1...
Volume KINGSTON on disk4s1 mounted
⚠️ Not found locally on dios-macbook-air. Querying Tailscale mesh nodes...
❌ Philips SSD drive not found on local or remote Tailscale nodes.
=== 💾 PHILIPS SSD MULTI-NODE DISCOVERY & MOUNT UTILITY ===
Current Node: dios-macbook-air (Thu Aug 13 10:31:11 EEST 2026)
🔍 Discovered unmounted Philips SSD partition: disk4s1
Mounting diskutil mount disk4s1...
Volume KINGSTON on disk4s1 mounted
⚠️ Not found locally on dios-macbook-air. Querying Tailscale mesh nodes...
❌ Philips SSD drive not found on local or remote Tailscale nodes.
=== 💾 PHILIPS SSD MULTI-NODE DISCOVERY & MOUNT UTILITY ===
Current Node: dios-macbook-air (Thu Aug 13 10:36:14 EEST 2026)
🔍 Discovered unmounted Philips SSD partition: disk4s1
Mounting diskutil mount disk4s1...
Volume KINGSTON on disk4s1 mounted
⚠️ Not found locally on dios-macbook-air. Querying Tailscale mesh nodes...
❌ Philips SSD drive not found on local or remote Tailscale nodes.
=== 💾 PHILIPS SSD MULTI-NODE DISCOVERY & MOUNT UTILITY ===
Current Node: dios-macbook-air (Thu Aug 13 10:41:16 EEST 2026)
🔍 Discovered unmounted Philips SSD partition: disk4s1
Mounting diskutil mount disk4s1...
Volume KINGSTON on disk4s1 mounted
⚠️ Not found locally on dios-macbook-air. Querying Tailscale mesh nodes...
❌ Philips SSD drive not found on local or remote Tailscale nodes.
=== 💾 PHILIPS SSD MULTI-NODE DISCOVERY & MOUNT UTILITY ===
Current Node: dios-macbook-air (Thu Aug 13 10:46:18 EEST 2026)
🔍 Discovered unmounted Philips SSD partition: disk4s1
Mounting diskutil mount disk4s1...
Volume KINGSTON on disk4s1 mounted
⚠️ Not found locally on dios-macbook-air. Querying Tailscale mesh nodes...
❌ Philips SSD drive not found on local or remote Tailscale nodes.
=== 💾 PHILIPS SSD MULTI-NODE DISCOVERY & MOUNT UTILITY ===
Current Node: dios-macbook-air (Thu Aug 13 10:51:20 EEST 2026)
🔍 Discovered unmounted Philips SSD partition: disk4s1
Mounting diskutil mount disk4s1...
Volume KINGSTON on disk4s1 mounted
⚠️ Not found locally on dios-macbook-air. Querying Tailscale mesh nodes...
❌ Philips SSD drive not found on local or remote Tailscale nodes.
=== 💾 PHILIPS SSD MULTI-NODE DISCOVERY & MOUNT UTILITY ===
Current Node: dios-macbook-air (Thu Aug 13 10:56:23 EEST 2026)
🔍 Discovered unmounted Philips SSD partition: disk4s1
Mounting diskutil mount disk4s1...
Volume KINGSTON on disk4s1 mounted
⚠️ Not found locally on dios-macbook-air. Querying Tailscale mesh nodes...
❌ Philips SSD drive not found on local or remote Tailscale nodes.
=== 💾 PHILIPS SSD MULTI-NODE DISCOVERY & MOUNT UTILITY ===
Current Node: dios-macbook-air (Thu Aug 13 11:01:25 EEST 2026)
🔍 Discovered unmounted Philips SSD partition: disk4s1
Mounting diskutil mount disk4s1...
Volume KINGSTON on disk4s1 mounted
⚠️ Not found locally on dios-macbook-air. Querying Tailscale mesh nodes...
❌ Philips SSD drive not found on local or remote Tailscale nodes.
=== 💾 PHILIPS SSD MULTI-NODE DISCOVERY & MOUNT UTILITY ===
Current Node: dios-macbook-air (Thu Aug 13 11:06:27 EEST 2026)
🔍 Discovered unmounted Philips SSD partition: disk4s1
Mounting diskutil mount disk4s1...
Volume KINGSTON on disk4s1 mounted
⚠️ Not found locally on dios-macbook-air. Querying Tailscale mesh nodes...
❌ Philips SSD drive not found on local or remote Tailscale nodes.
=== 💾 PHILIPS SSD MULTI-NODE DISCOVERY & MOUNT UTILITY ===
Current Node: dios-macbook-air (Thu Aug 13 11:11:30 EEST 2026)
🔍 Discovered unmounted Philips SSD partition: disk4s1
Mounting diskutil mount disk4s1...
Volume KINGSTON on disk4s1 mounted
⚠️ Not found locally on dios-macbook-air. Querying Tailscale mesh nodes...
❌ Philips SSD drive not found on local or remote Tailscale nodes.
=== 💾 PHILIPS SSD MULTI-NODE DISCOVERY & MOUNT UTILITY ===
Current Node: dios-macbook-air (Thu Aug 13 11:16:33 EEST 2026)
🔍 Discovered unmounted Philips SSD partition: disk4s1
Mounting diskutil mount disk4s1...
Volume KINGSTON on disk4s1 mounted
⚠️ Not found locally on dios-macbook-air. Querying Tailscale mesh nodes...
❌ Philips SSD drive not found on local or remote Tailscale nodes.
=== 💾 PHILIPS SSD MULTI-NODE DISCOVERY & MOUNT UTILITY ===
Current Node: dios-macbook-air (Thu Aug 13 11:21:36 EEST 2026)
🔍 Discovered unmounted Philips SSD partition: disk4s1
Mounting diskutil mount disk4s1...
Volume KINGSTON on disk4s1 mounted
⚠️ Not found locally on dios-macbook-air. Querying Tailscale mesh nodes...
❌ Philips SSD drive not found on local or remote Tailscale nodes.
=== 💾 PHILIPS SSD MULTI-NODE DISCOVERY & MOUNT UTILITY ===
Current Node: dios-macbook-air (Thu Aug 13 11:26:38 EEST 2026)
🔍 Discovered unmounted Philips SSD partition: disk4s1
Mounting diskutil mount disk4s1...
Volume KINGSTON on disk4s1 mounted
⚠️ Not found locally on dios-macbook-air. Querying Tailscale mesh nodes...
❌ Philips SSD drive not found on local or remote Tailscale nodes.
=== 💾 PHILIPS SSD MULTI-NODE DISCOVERY & MOUNT UTILITY ===
Current Node: dios-macbook-air (Thu Aug 13 11:31:40 EEST 2026)
🔍 Discovered unmounted Philips SSD partition: disk4s1
Mounting diskutil mount disk4s1...
Volume KINGSTON on disk4s1 mounted
⚠️ Not found locally on dios-macbook-air. Querying Tailscale mesh nodes...
❌ Philips SSD drive not found on local or remote Tailscale nodes.
=== 💾 PHILIPS SSD MULTI-NODE DISCOVERY & MOUNT UTILITY ===
Current Node: dios-macbook-air (Thu Aug 13 11:36:43 EEST 2026)
🔍 Discovered unmounted Philips SSD partition: disk4s1
Mounting diskutil mount disk4s1...
Volume KINGSTON on disk4s1 mounted
⚠️ Not found locally on dios-macbook-air. Querying Tailscale mesh nodes...
❌ Philips SSD drive not found on local or remote Tailscale nodes.
=== 💾 PHILIPS SSD MULTI-NODE DISCOVERY & MOUNT UTILITY ===
Current Node: dios-macbook-air (Thu Aug 13 11:41:45 EEST 2026)
🔍 Discovered unmounted Philips SSD partition: disk4s1
Mounting diskutil mount disk4s1...
Volume KINGSTON on disk4s1 mounted
⚠️ Not found locally on dios-macbook-air. Querying Tailscale mesh nodes...
❌ Philips SSD drive not found on local or remote Tailscale nodes.
=== 💾 PHILIPS SSD MULTI-NODE DISCOVERY & MOUNT UTILITY ===
Current Node: dios-macbook-air (Thu Aug 13 11:46:47 EEST 2026)
🔍 Discovered unmounted Philips SSD partition: disk4s1
Mounting diskutil mount disk4s1...
Volume KINGSTON on disk4s1 mounted
⚠️ Not found locally on dios-macbook-air. Querying Tailscale mesh nodes...
❌ Philips SSD drive not found on local or remote Tailscale nodes.
=== 💾 PHILIPS SSD MULTI-NODE DISCOVERY & MOUNT UTILITY ===
Current Node: dios-macbook-air (Thu Aug 13 11:51:49 EEST 2026)
🔍 Discovered unmounted Philips SSD partition: disk4s1
Mounting diskutil mount disk4s1...
Volume KINGSTON on disk4s1 mounted
⚠️ Not found locally on dios-macbook-air. Querying Tailscale mesh nodes...
❌ Philips SSD drive not found on local or remote Tailscale nodes.
=== 💾 PHILIPS SSD MULTI-NODE DISCOVERY & MOUNT UTILITY ===
Current Node: dios-macbook-air (Thu Aug 13 11:56:52 EEST 2026)
🔍 Discovered unmounted Philips SSD partition: disk4s1
Mounting diskutil mount disk4s1...
Volume KINGSTON on disk4s1 mounted
⚠️ Not found locally on dios-macbook-air. Querying Tailscale mesh nodes...
❌ Philips SSD drive not found on local or remote Tailscale nodes.
=== 💾 PHILIPS SSD MULTI-NODE DISCOVERY & MOUNT UTILITY ===
Current Node: dios-macbook-air (Thu Aug 13 12:01:55 EEST 2026)
🔍 Discovered unmounted Philips SSD partition: disk4s1
Mounting diskutil mount disk4s1...
Volume KINGSTON on disk4s1 mounted
⚠️ Not found locally on dios-macbook-air. Querying Tailscale mesh nodes...
❌ Philips SSD drive not found on local or remote Tailscale nodes.
=== 💾 PHILIPS SSD MULTI-NODE DISCOVERY & MOUNT UTILITY ===
Current Node: dios-macbook-air (Thu Aug 13 12:06:57 EEST 2026)
🔍 Discovered unmounted Philips SSD partition: disk4s1
Mounting diskutil mount disk4s1...
Volume KINGSTON on disk4s1 mounted
⚠️ Not found locally on dios-macbook-air. Querying Tailscale mesh nodes...
❌ Philips SSD drive not found on local or remote Tailscale nodes.
=== 💾 PHILIPS SSD MULTI-NODE DISCOVERY & MOUNT UTILITY ===
Current Node: dios-macbook-air (Thu Aug 13 12:11:59 EEST 2026)
🔍 Discovered unmounted Philips SSD partition: disk4s1
Mounting diskutil mount disk4s1...
Volume KINGSTON on disk4s1 mounted
⚠️ Not found locally on dios-macbook-air. Querying Tailscale mesh nodes...
❌ Philips SSD drive not found on local or remote Tailscale nodes.
=== 💾 PHILIPS SSD MULTI-NODE DISCOVERY & MOUNT UTILITY ===
Current Node: dios-macbook-air (Thu Aug 13 12:17:01 EEST 2026)
🔍 Discovered unmounted Philips SSD partition: disk4s1
Mounting diskutil mount disk4s1...
Volume KINGSTON on disk4s1 mounted
⚠️ Not found locally on dios-macbook-air. Querying Tailscale mesh nodes...
❌ Philips SSD drive not found on local or remote Tailscale nodes.
=== 💾 PHILIPS SSD MULTI-NODE DISCOVERY & MOUNT UTILITY ===
Current Node: dios-macbook-air (Thu Aug 13 12:22:04 EEST 2026)
🔍 Discovered unmounted Philips SSD partition: disk4s1
Mounting diskutil mount disk4s1...
Volume KINGSTON on disk4s1 mounted
⚠️ Not found locally on dios-macbook-air. Querying Tailscale mesh nodes...
❌ Philips SSD drive not found on local or remote Tailscale nodes.
=== 💾 PHILIPS SSD MULTI-NODE DISCOVERY & MOUNT UTILITY ===
Current Node: dios-macbook-air (Thu Aug 13 12:27:06 EEST 2026)
🔍 Discovered unmounted Philips SSD partition: disk4s1
Mounting diskutil mount disk4s1...
Volume KINGSTON on disk4s1 mounted
⚠️ Not found locally on dios-macbook-air. Querying Tailscale mesh nodes...
❌ Philips SSD drive not found on local or remote Tailscale nodes.
=== 💾 PHILIPS SSD MULTI-NODE DISCOVERY & MOUNT UTILITY ===
Current Node: dios-macbook-air (Thu Aug 13 12:32:08 EEST 2026)
🔍 Discovered unmounted Philips SSD partition: disk4s1
Mounting diskutil mount disk4s1...
Volume KINGSTON on disk4s1 mounted
⚠️ Not found locally on dios-macbook-air. Querying Tailscale mesh nodes...
❌ Philips SSD drive not found on local or remote Tailscale nodes.
=== 💾 PHILIPS SSD MULTI-NODE DISCOVERY & MOUNT UTILITY ===
Current Node: dios-macbook-air (Thu Aug 13 12:37:11 EEST 2026)
🔍 Discovered unmounted Philips SSD partition: disk4s1
Mounting diskutil mount disk4s1...
Volume KINGSTON on disk4s1 mounted
⚠️ Not found locally on dios-macbook-air. Querying Tailscale mesh nodes...
❌ Philips SSD drive not found on local or remote Tailscale nodes.
=== 💾 PHILIPS SSD MULTI-NODE DISCOVERY & MOUNT UTILITY ===
Current Node: dios-macbook-air (Thu Aug 13 12:42:13 EEST 2026)
🔍 Discovered unmounted Philips SSD partition: disk4s1
Mounting diskutil mount disk4s1...
Volume KINGSTON on disk4s1 mounted
⚠️ Not found locally on dios-macbook-air. Querying Tailscale mesh nodes...
❌ Philips SSD drive not found on local or remote Tailscale nodes.
=== 💾 PHILIPS SSD MULTI-NODE DISCOVERY & MOUNT UTILITY ===
Current Node: dios-macbook-air (Thu Aug 13 12:47:15 EEST 2026)
🔍 Discovered unmounted Philips SSD partition: disk4s1
Mounting diskutil mount disk4s1...
Volume KINGSTON on disk4s1 mounted
⚠️ Not found locally on dios-macbook-air. Querying Tailscale mesh nodes...
❌ Philips SSD drive not found on local or remote Tailscale nodes.
=== 💾 PHILIPS SSD MULTI-NODE DISCOVERY & MOUNT UTILITY ===
Current Node: dios-macbook-air (Thu Aug 13 12:52:17 EEST 2026)
🔍 Discovered unmounted Philips SSD partition: disk4s1
Mounting diskutil mount disk4s1...
Volume KINGSTON on disk4s1 mounted
⚠️ Not found locally on dios-macbook-air. Querying Tailscale mesh nodes...
❌ Philips SSD drive not found on local or remote Tailscale nodes.
=== 💾 PHILIPS SSD MULTI-NODE DISCOVERY & MOUNT UTILITY ===
Current Node: dios-macbook-air (Thu Aug 13 12:57:20 EEST 2026)
🔍 Discovered unmounted Philips SSD partition: disk4s1
Mounting diskutil mount disk4s1...
Volume KINGSTON on disk4s1 mounted
⚠️ Not found locally on dios-macbook-air. Querying Tailscale mesh nodes...
❌ Philips SSD drive not found on local or remote Tailscale nodes.
=== 💾 PHILIPS SSD MULTI-NODE DISCOVERY & MOUNT UTILITY ===
Current Node: dios-macbook-air (Thu Aug 13 13:02:22 EEST 2026)
🔍 Discovered unmounted Philips SSD partition: disk4s1
Mounting diskutil mount disk4s1...
Volume KINGSTON on disk4s1 mounted
⚠️ Not found locally on dios-macbook-air. Querying Tailscale mesh nodes...
❌ Philips SSD drive not found on local or remote Tailscale nodes.
=== 💾 PHILIPS SSD MULTI-NODE DISCOVERY & MOUNT UTILITY ===
Current Node: dios-macbook-air (Thu Aug 13 13:07:25 EEST 2026)
🔍 Discovered unmounted Philips SSD partition: disk4s1
Mounting diskutil mount disk4s1...
Volume KINGSTON on disk4s1 mounted
⚠️ Not found locally on dios-macbook-air. Querying Tailscale mesh nodes...
❌ Philips SSD drive not found on local or remote Tailscale nodes.
=== 💾 PHILIPS SSD MULTI-NODE DISCOVERY & MOUNT UTILITY ===
Current Node: dios-macbook-air (Thu Aug 13 13:12:27 EEST 2026)
🔍 Discovered unmounted Philips SSD partition: disk4s1
Mounting diskutil mount disk4s1...
Volume KINGSTON on disk4s1 mounted
⚠️ Not found locally on dios-macbook-air. Querying Tailscale mesh nodes...
❌ Philips SSD drive not found on local or remote Tailscale nodes.
=== 💾 PHILIPS SSD MULTI-NODE DISCOVERY & MOUNT UTILITY ===
Current Node: dios-macbook-air (Thu Aug 13 13:17:29 EEST 2026)
🔍 Discovered unmounted Philips SSD partition: disk4s1
Mounting diskutil mount disk4s1...
Volume KINGSTON on disk4s1 mounted
⚠️ Not found locally on dios-macbook-air. Querying Tailscale mesh nodes...
❌ Philips SSD drive not found on local or remote Tailscale nodes.
=== 💾 PHILIPS SSD MULTI-NODE DISCOVERY & MOUNT UTILITY ===
Current Node: dios-macbook-air (Thu Aug 13 13:22:32 EEST 2026)
🔍 Discovered unmounted Philips SSD partition: disk4s1
Mounting diskutil mount disk4s1...
Volume KINGSTON on disk4s1 mounted
⚠️ Not found locally on dios-macbook-air. Querying Tailscale mesh nodes...
❌ Philips SSD drive not found on local or remote Tailscale nodes.
=== 💾 PHILIPS SSD MULTI-NODE DISCOVERY & MOUNT UTILITY ===
Current Node: dios-macbook-air (Thu Aug 13 13:27:34 EEST 2026)
🔍 Discovered unmounted Philips SSD partition: disk4s1
Mounting diskutil mount disk4s1...
Volume KINGSTON on disk4s1 mounted
⚠️ Not found locally on dios-macbook-air. Querying Tailscale mesh nodes...
❌ Philips SSD drive not found on local or remote Tailscale nodes.
=== 💾 PHILIPS SSD MULTI-NODE DISCOVERY & MOUNT UTILITY ===
Current Node: dios-macbook-air (Thu Aug 13 13:32:37 EEST 2026)
🔍 Discovered unmounted Philips SSD partition: disk4s1
Mounting diskutil mount disk4s1...
Volume KINGSTON on disk4s1 mounted
⚠️ Not found locally on dios-macbook-air. Querying Tailscale mesh nodes...
❌ Philips SSD drive not found on local or remote Tailscale nodes.
=== 💾 PHILIPS SSD MULTI-NODE DISCOVERY & MOUNT UTILITY ===
Current Node: dios-macbook-air (Thu Aug 13 13:37:39 EEST 2026)
🔍 Discovered unmounted Philips SSD partition: disk4s1
Mounting diskutil mount disk4s1...
Volume KINGSTON on disk4s1 mounted
⚠️ Not found locally on dios-macbook-air. Querying Tailscale mesh nodes...
❌ Philips SSD drive not found on local or remote Tailscale nodes.
=== 💾 PHILIPS SSD MULTI-NODE DISCOVERY & MOUNT UTILITY ===
Current Node: dios-macbook-air (Thu Aug 13 13:42:41 EEST 2026)
🔍 Discovered unmounted Philips SSD partition: disk4s1
Mounting diskutil mount disk4s1...
Volume KINGSTON on disk4s1 mounted
⚠️ Not found locally on dios-macbook-air. Querying Tailscale mesh nodes...
❌ Philips SSD drive not found on local or remote Tailscale nodes.
=== 💾 PHILIPS SSD MULTI-NODE DISCOVERY & MOUNT UTILITY ===
Current Node: dios-macbook-air (Thu Aug 13 13:47:43 EEST 2026)
🔍 Discovered unmounted Philips SSD partition: disk4s1
Mounting diskutil mount disk4s1...
Volume KINGSTON on disk4s1 mounted
⚠️ Not found locally on dios-macbook-air. Querying Tailscale mesh nodes...
❌ Philips SSD drive not found on local or remote Tailscale nodes.
=== 💾 PHILIPS SSD MULTI-NODE DISCOVERY & MOUNT UTILITY ===
Current Node: dios-macbook-air (Thu Aug 13 13:52:46 EEST 2026)
🔍 Discovered unmounted Philips SSD partition: disk4s1
Mounting diskutil mount disk4s1...
Volume KINGSTON on disk4s1 mounted
⚠️ Not found locally on dios-macbook-air. Querying Tailscale mesh nodes...
❌ Philips SSD drive not found on local or remote Tailscale nodes.
=== 💾 PHILIPS SSD MULTI-NODE DISCOVERY & MOUNT UTILITY ===
Current Node: dios-macbook-air (Thu Aug 13 13:57:48 EEST 2026)
🔍 Discovered unmounted Philips SSD partition: disk4s1
Mounting diskutil mount disk4s1...
Volume KINGSTON on disk4s1 mounted
⚠️ Not found locally on dios-macbook-air. Querying Tailscale mesh nodes...
❌ Philips SSD drive not found on local or remote Tailscale nodes.
=== 💾 PHILIPS SSD MULTI-NODE DISCOVERY & MOUNT UTILITY ===
Current Node: dios-macbook-air (Thu Aug 13 14:02:50 EEST 2026)
🔍 Discovered unmounted Philips SSD partition: disk4s1
Mounting diskutil mount disk4s1...
Volume KINGSTON on disk4s1 mounted
⚠️ Not found locally on dios-macbook-air. Querying Tailscale mesh nodes...
❌ Philips SSD drive not found on local or remote Tailscale nodes.
=== 💾 PHILIPS SSD MULTI-NODE DISCOVERY & MOUNT UTILITY ===
Current Node: dios-macbook-air (Thu Aug 13 14:07:52 EEST 2026)
🔍 Discovered unmounted Philips SSD partition: disk4s1
Mounting diskutil mount disk4s1...
Volume KINGSTON on disk4s1 mounted
⚠️ Not found locally on dios-macbook-air. Querying Tailscale mesh nodes...
❌ Philips SSD drive not found on local or remote Tailscale nodes.
=== 💾 PHILIPS SSD MULTI-NODE DISCOVERY & MOUNT UTILITY ===
Current Node: dios-macbook-air (Thu Aug 13 14:12:55 EEST 2026)
🔍 Discovered unmounted Philips SSD partition: disk4s1
Mounting diskutil mount disk4s1...
Volume KINGSTON on disk4s1 mounted
⚠️ Not found locally on dios-macbook-air. Querying Tailscale mesh nodes...
❌ Philips SSD drive not found on local or remote Tailscale nodes.
=== 💾 PHILIPS SSD MULTI-NODE DISCOVERY & MOUNT UTILITY ===
Current Node: dios-macbook-air (Thu Aug 13 14:17:57 EEST 2026)
🔍 Discovered unmounted Philips SSD partition: disk4s1
Mounting diskutil mount disk4s1...
Volume KINGSTON on disk4s1 mounted
⚠️ Not found locally on dios-macbook-air. Querying Tailscale mesh nodes...
❌ Philips SSD drive not found on local or remote Tailscale nodes.
=== 💾 PHILIPS SSD MULTI-NODE DISCOVERY & MOUNT UTILITY ===
Current Node: dios-macbook-air (Thu Aug 13 14:23:00 EEST 2026)
🔍 Discovered unmounted Philips SSD partition: disk4s1
Mounting diskutil mount disk4s1...
Volume KINGSTON on disk4s1 mounted
⚠️ Not found locally on dios-macbook-air. Querying Tailscale mesh nodes...
❌ Philips SSD drive not found on local or remote Tailscale nodes.
=== 💾 PHILIPS SSD MULTI-NODE DISCOVERY & MOUNT UTILITY ===
Current Node: dios-macbook-air (Thu Aug 13 14:28:02 EEST 2026)
🔍 Discovered unmounted Philips SSD partition: disk4s1
Mounting diskutil mount disk4s1...
Volume KINGSTON on disk4s1 mounted
⚠️ Not found locally on dios-macbook-air. Querying Tailscale mesh nodes...
❌ Philips SSD drive not found on local or remote Tailscale nodes.
=== 💾 PHILIPS SSD MULTI-NODE DISCOVERY & MOUNT UTILITY ===
Current Node: dios-macbook-air (Thu Aug 13 14:33:04 EEST 2026)
🔍 Discovered unmounted Philips SSD partition: disk4s1
Mounting diskutil mount disk4s1...
Volume KINGSTON on disk4s1 mounted
⚠️ Not found locally on dios-macbook-air. Querying Tailscale mesh nodes...
❌ Philips SSD drive not found on local or remote Tailscale nodes.
=== 💾 PHILIPS SSD MULTI-NODE DISCOVERY & MOUNT UTILITY ===
Current Node: dios-macbook-air (Thu Aug 13 14:38:07 EEST 2026)
🔍 Discovered unmounted Philips SSD partition: disk4s1
Mounting diskutil mount disk4s1...
Volume KINGSTON on disk4s1 mounted
⚠️ Not found locally on dios-macbook-air. Querying Tailscale mesh nodes...
❌ Philips SSD drive not found on local or remote Tailscale nodes.
=== 💾 PHILIPS SSD MULTI-NODE DISCOVERY & MOUNT UTILITY ===
Current Node: dios-macbook-air (Thu Aug 13 14:43:09 EEST 2026)
🔍 Discovered unmounted Philips SSD partition: disk4s1
Mounting diskutil mount disk4s1...
Volume KINGSTON on disk4s1 mounted
⚠️ Not found locally on dios-macbook-air. Querying Tailscale mesh nodes...
❌ Philips SSD drive not found on local or remote Tailscale nodes.
=== 💾 PHILIPS SSD MULTI-NODE DISCOVERY & MOUNT UTILITY ===
Current Node: dios-macbook-air (Thu Aug 13 14:48:11 EEST 2026)
🔍 Discovered unmounted Philips SSD partition: disk4s1
Mounting diskutil mount disk4s1...
Volume KINGSTON on disk4s1 mounted
⚠️ Not found locally on dios-macbook-air. Querying Tailscale mesh nodes...
❌ Philips SSD drive not found on local or remote Tailscale nodes.
=== 💾 PHILIPS SSD MULTI-NODE DISCOVERY & MOUNT UTILITY ===
Current Node: dios-macbook-air (Thu Aug 13 14:53:14 EEST 2026)
🔍 Discovered unmounted Philips SSD partition: disk4s1
Mounting diskutil mount disk4s1...
Volume KINGSTON on disk4s1 mounted
⚠️ Not found locally on dios-macbook-air. Querying Tailscale mesh nodes...
❌ Philips SSD drive not found on local or remote Tailscale nodes.
=== 💾 PHILIPS SSD MULTI-NODE DISCOVERY & MOUNT UTILITY ===
Current Node: dios-macbook-air (Thu Aug 13 14:58:16 EEST 2026)
🔍 Discovered unmounted Philips SSD partition: disk4s1
Mounting diskutil mount disk4s1...
Volume KINGSTON on disk4s1 mounted
⚠️ Not found locally on dios-macbook-air. Querying Tailscale mesh nodes...
❌ Philips SSD drive not found on local or remote Tailscale nodes.
=== 💾 PHILIPS SSD MULTI-NODE DISCOVERY & MOUNT UTILITY ===
Current Node: dios-macbook-air (Thu Aug 13 15:03:18 EEST 2026)
🔍 Discovered unmounted Philips SSD partition: disk4s1
Mounting diskutil mount disk4s1...
Volume KINGSTON on disk4s1 mounted
⚠️ Not found locally on dios-macbook-air. Querying Tailscale mesh nodes...
❌ Philips SSD drive not found on local or remote Tailscale nodes.
=== 💾 PHILIPS SSD MULTI-NODE DISCOVERY & MOUNT UTILITY ===
Current Node: dios-macbook-air (Thu Aug 13 15:08:20 EEST 2026)
🔍 Discovered unmounted Philips SSD partition: disk4s1
Mounting diskutil mount disk4s1...
Volume KINGSTON on disk4s1 mounted
⚠️ Not found locally on dios-macbook-air. Querying Tailscale mesh nodes...
❌ Philips SSD drive not found on local or remote Tailscale nodes.
=== 💾 PHILIPS SSD MULTI-NODE DISCOVERY & MOUNT UTILITY ===
Current Node: dios-macbook-air (Thu Aug 13 15:13:23 EEST 2026)
🔍 Discovered unmounted Philips SSD partition: disk4s1
Mounting diskutil mount disk4s1...
Volume KINGSTON on disk4s1 mounted
⚠️ Not found locally on dios-macbook-air. Querying Tailscale mesh nodes...
❌ Philips SSD drive not found on local or remote Tailscale nodes.
=== 💾 PHILIPS SSD MULTI-NODE DISCOVERY & MOUNT UTILITY ===
Current Node: dios-macbook-air (Thu Aug 13 15:18:25 EEST 2026)
🔍 Discovered unmounted Philips SSD partition: disk4s1
Mounting diskutil mount disk4s1...
Volume KINGSTON on disk4s1 mounted
⚠️ Not found locally on dios-macbook-air. Querying Tailscale mesh nodes...
❌ Philips SSD drive not found on local or remote Tailscale nodes.
=== 💾 PHILIPS SSD MULTI-NODE DISCOVERY & MOUNT UTILITY ===
Current Node: dios-macbook-air (Thu Aug 13 15:23:27 EEST 2026)
🔍 Discovered unmounted Philips SSD partition: disk4s1
Mounting diskutil mount disk4s1...
Volume KINGSTON on disk4s1 mounted
⚠️ Not found locally on dios-macbook-air. Querying Tailscale mesh nodes...
❌ Philips SSD drive not found on local or remote Tailscale nodes.
=== 💾 PHILIPS SSD MULTI-NODE DISCOVERY & MOUNT UTILITY ===
Current Node: dios-macbook-air (Thu Aug 13 15:28:29 EEST 2026)
🔍 Discovered unmounted Philips SSD partition: disk4s1
Mounting diskutil mount disk4s1...
Volume KINGSTON on disk4s1 mounted
⚠️ Not found locally on dios-macbook-air. Querying Tailscale mesh nodes...
✅ Philips SSD located on macmini-secondary (100.70.181.127) at: /Volumes/PHILIPS_SSD
=== 💾 PHILIPS SSD MULTI-NODE DISCOVERY & MOUNT UTILITY ===
Current Node: dios-macbook-air (Thu Aug 13 15:33:30 EEST 2026)
🔍 Discovered unmounted Philips SSD partition: disk4s1
Mounting diskutil mount disk4s1...
Volume KINGSTON on disk4s1 mounted
⚠️ Not found locally on dios-macbook-air. Querying Tailscale mesh nodes...
❌ Philips SSD drive not found on local or remote Tailscale nodes.
=== 💾 PHILIPS SSD MULTI-NODE DISCOVERY & MOUNT UTILITY ===
Current Node: dios-macbook-air (Thu Aug 13 15:38:32 EEST 2026)
🔍 Discovered unmounted Philips SSD partition: disk4s1
Mounting diskutil mount disk4s1...
Volume KINGSTON on disk4s1 mounted
⚠️ Not found locally on dios-macbook-air. Querying Tailscale mesh nodes...
❌ Philips SSD drive not found on local or remote Tailscale nodes.
=== 💾 PHILIPS SSD MULTI-NODE DISCOVERY & MOUNT UTILITY ===
Current Node: dios-macbook-air (Thu Aug 13 15:43:34 EEST 2026)
🔍 Discovered unmounted Philips SSD partition: disk4s1
Mounting diskutil mount disk4s1...
Volume KINGSTON on disk4s1 mounted
⚠️ Not found locally on dios-macbook-air. Querying Tailscale mesh nodes...
✅ Philips SSD located on macmini-secondary (100.70.181.127) at: /Volumes/PHILIPS_SSD
=== 💾 PHILIPS SSD MULTI-NODE DISCOVERY & MOUNT UTILITY ===
Current Node: dios-macbook-air (Thu Aug 13 15:48:35 EEST 2026)
🔍 Discovered unmounted Philips SSD partition: disk4s1
Mounting diskutil mount disk4s1...
Volume KINGSTON on disk4s1 mounted
⚠️ Not found locally on dios-macbook-air. Querying Tailscale mesh nodes...
✅ Philips SSD located on macmini-secondary (100.70.181.127) at: /Volumes/PHILIPS_SSD
=== 💾 PHILIPS SSD MULTI-NODE DISCOVERY & MOUNT UTILITY ===
Current Node: dios-macbook-air (Thu Aug 13 15:53:36 EEST 2026)
🔍 Discovered unmounted Philips SSD partition: disk4s1
Mounting diskutil mount disk4s1...
Volume KINGSTON on disk4s1 mounted
⚠️ Not found locally on dios-macbook-air. Querying Tailscale mesh nodes...
✅ Philips SSD located on macmini-secondary (100.70.181.127) at: /Volumes/PHILIPS_SSD
=== 💾 PHILIPS SSD MULTI-NODE DISCOVERY & MOUNT UTILITY ===
Current Node: dios-macbook-air (Thu Aug 13 15:58:39 EEST 2026)
🔍 Discovered unmounted Philips SSD partition: disk4s1
Mounting diskutil mount disk4s1...
Volume KINGSTON on disk4s1 mounted
⚠️ Not found locally on dios-macbook-air. Querying Tailscale mesh nodes...
✅ Philips SSD located on macmini-secondary (100.70.181.127) at: /Volumes/PHILIPS_SSD
=== 💾 PHILIPS SSD MULTI-NODE DISCOVERY & MOUNT UTILITY ===
Current Node: dios-macbook-air (Thu Aug 13 16:03:39 EEST 2026)
🔍 Discovered unmounted Philips SSD partition: disk4s1
Mounting diskutil mount disk4s1...
Volume KINGSTON on disk4s1 mounted
⚠️ Not found locally on dios-macbook-air. Querying Tailscale mesh nodes...
❌ Philips SSD drive not found on local or remote Tailscale nodes.
=== 💾 PHILIPS SSD MULTI-NODE DISCOVERY & MOUNT UTILITY ===
Current Node: dios-macbook-air (Thu Aug 13 16:08:42 EEST 2026)
🔍 Discovered unmounted Philips SSD partition: disk4s1
Mounting diskutil mount disk4s1...
Volume KINGSTON on disk4s1 mounted
⚠️ Not found locally on dios-macbook-air. Querying Tailscale mesh nodes...
✅ Philips SSD located on macmini-secondary (100.70.181.127) at: /Volumes/PHILIPS_SSD
=== 💾 PHILIPS SSD MULTI-NODE DISCOVERY & MOUNT UTILITY ===
Current Node: dios-macbook-air (Thu Aug 13 16:13:48 EEST 2026)
🔍 Discovered unmounted Philips SSD partition: disk4s1
Mounting diskutil mount disk4s1...
Volume KINGSTON on disk4s1 mounted
⚠️ Not found locally on dios-macbook-air. Querying Tailscale mesh nodes...
✅ Philips SSD located on macmini-secondary (100.70.181.127) at: /Volumes/PHILIPS_SSD
=== 💾 PHILIPS SSD MULTI-NODE DISCOVERY & MOUNT UTILITY ===
Current Node: dios-macbook-air (Thu Aug 13 16:18:48 EEST 2026)
🔍 Discovered unmounted Philips SSD partition: disk4s1
Mounting diskutil mount disk4s1...
Volume KINGSTON on disk4s1 mounted
⚠️ Not found locally on dios-macbook-air. Querying Tailscale mesh nodes...
✅ Philips SSD located on macmini-secondary (100.70.181.127) at: /Volumes/PHILIPS_SSD
=== 💾 PHILIPS SSD MULTI-NODE DISCOVERY & MOUNT UTILITY ===
Current Node: dios-macbook-air (Thu Aug 13 16:23:49 EEST 2026)
🔍 Discovered unmounted Philips SSD partition: disk4s1
Mounting diskutil mount disk4s1...
Volume KINGSTON on disk4s1 mounted
⚠️ Not found locally on dios-macbook-air. Querying Tailscale mesh nodes...
✅ Philips SSD located on macmini-secondary (100.70.181.127) at: /Volumes/PHILIPS_SSD
=== 💾 PHILIPS SSD MULTI-NODE DISCOVERY & MOUNT UTILITY ===
Current Node: dios-macbook-air (Thu Aug 13 16:28:50 EEST 2026)
🔍 Discovered unmounted Philips SSD partition: disk4s1
Mounting diskutil mount disk4s1...
Volume KINGSTON on disk4s1 mounted
⚠️ Not found locally on dios-macbook-air. Querying Tailscale mesh nodes...
✅ Philips SSD located on macmini-secondary (100.70.181.127) at: /Volumes/PHILIPS_SSD
=== 💾 PHILIPS SSD MULTI-NODE DISCOVERY & MOUNT UTILITY ===
Current Node: dios-macbook-air (Thu Aug 13 16:33:52 EEST 2026)
🔍 Discovered unmounted Philips SSD partition: disk4s1
Mounting diskutil mount disk4s1...
Volume KINGSTON on disk4s1 mounted
⚠️ Not found locally on dios-macbook-air. Querying Tailscale mesh nodes...
❌ Philips SSD drive not found on local or remote Tailscale nodes.
=== 💾 PHILIPS SSD MULTI-NODE DISCOVERY & MOUNT UTILITY ===
Current Node: dios-macbook-air (Thu Aug 13 16:38:55 EEST 2026)
🔍 Discovered unmounted Philips SSD partition: disk4s1
Mounting diskutil mount disk4s1...
Volume KINGSTON on disk4s1 mounted
⚠️ Not found locally on dios-macbook-air. Querying Tailscale mesh nodes...
✅ Philips SSD located on macmini-secondary (100.70.181.127) at: /Volumes/PHILIPS_SSD
=== 💾 PHILIPS SSD MULTI-NODE DISCOVERY & MOUNT UTILITY ===
Current Node: dios-macbook-air (Thu Aug 13 16:43:56 EEST 2026)
🔍 Discovered unmounted Philips SSD partition: disk4s1
Mounting diskutil mount disk4s1...
Volume KINGSTON on disk4s1 mounted
⚠️ Not found locally on dios-macbook-air. Querying Tailscale mesh nodes...
❌ Philips SSD drive not found on local or remote Tailscale nodes.
=== 💾 PHILIPS SSD MULTI-NODE DISCOVERY & MOUNT UTILITY ===
Current Node: dios-macbook-air (Thu Aug 13 16:48:58 EEST 2026)
🔍 Discovered unmounted Philips SSD partition: disk4s1
Mounting diskutil mount disk4s1...
Volume KINGSTON on disk4s1 mounted
⚠️ Not found locally on dios-macbook-air. Querying Tailscale mesh nodes...
✅ Philips SSD located on macmini-secondary (100.70.181.127) at: /Volumes/PHILIPS_SSD
=== 💾 PHILIPS SSD MULTI-NODE DISCOVERY & MOUNT UTILITY ===
Current Node: dios-macbook-air (Thu Aug 13 16:54:01 EEST 2026)
🔍 Discovered unmounted Philips SSD partition: disk4s1
Mounting diskutil mount disk4s1...
Volume KINGSTON on disk4s1 mounted
⚠️ Not found locally on dios-macbook-air. Querying Tailscale mesh nodes...
❌ Philips SSD drive not found on local or remote Tailscale nodes.
=== 💾 PHILIPS SSD MULTI-NODE DISCOVERY & MOUNT UTILITY ===
Current Node: dios-macbook-air (Thu Aug 13 16:59:04 EEST 2026)
🔍 Discovered unmounted Philips SSD partition: disk4s1
Mounting diskutil mount disk4s1...
Volume KINGSTON on disk4s1 mounted
⚠️ Not found locally on dios-macbook-air. Querying Tailscale mesh nodes...
✅ Philips SSD located on macmini-secondary (100.70.181.127) at: /Volumes/PHILIPS_SSD
=== 💾 PHILIPS SSD MULTI-NODE DISCOVERY & MOUNT UTILITY ===
Current Node: dios-macbook-air (Thu Aug 13 17:04:05 EEST 2026)
🔍 Discovered unmounted Philips SSD partition: disk4s1
Mounting diskutil mount disk4s1...
Volume KINGSTON on disk4s1 mounted
⚠️ Not found locally on dios-macbook-air. Querying Tailscale mesh nodes...
✅ Philips SSD located on macmini-secondary (100.70.181.127) at: /Volumes/PHILIPS_SSD
=== 💾 PHILIPS SSD MULTI-NODE DISCOVERY & MOUNT UTILITY ===
Current Node: dios-macbook-air (Thu Aug 13 17:09:06 EEST 2026)
🔍 Discovered unmounted Philips SSD partition: disk4s1
Mounting diskutil mount disk4s1...
Volume KINGSTON on disk4s1 mounted
⚠️ Not found locally on dios-macbook-air. Querying Tailscale mesh nodes...
✅ Philips SSD located on macmini-secondary (100.70.181.127) at: /Volumes/PHILIPS_SSD
=== 💾 PHILIPS SSD MULTI-NODE DISCOVERY & MOUNT UTILITY ===
Current Node: dios-macbook-air (Thu Aug 13 17:14:07 EEST 2026)
🔍 Discovered unmounted Philips SSD partition: disk4s1
Mounting diskutil mount disk4s1...
Volume KINGSTON on disk4s1 mounted
⚠️ Not found locally on dios-macbook-air. Querying Tailscale mesh nodes...
✅ Philips SSD located on macmini-secondary (100.70.181.127) at: /Volumes/PHILIPS_SSD
=== 💾 PHILIPS SSD MULTI-NODE DISCOVERY & MOUNT UTILITY ===
Current Node: dios-macbook-air (Thu Aug 13 17:19:08 EEST 2026)
🔍 Discovered unmounted Philips SSD partition: disk4s1
Mounting diskutil mount disk4s1...
Volume KINGSTON on disk4s1 mounted
⚠️ Not found locally on dios-macbook-air. Querying Tailscale mesh nodes...
✅ Philips SSD located on macmini-secondary (100.70.181.127) at: /Volumes/PHILIPS_SSD
=== 💾 PHILIPS SSD MULTI-NODE DISCOVERY & MOUNT UTILITY ===
Current Node: dios-macbook-air (Thu Aug 13 17:24:11 EEST 2026)
🔍 Discovered unmounted Philips SSD partition: disk4s1
Mounting diskutil mount disk4s1...
Volume KINGSTON on disk4s1 mounted
⚠️ Not found locally on dios-macbook-air. Querying Tailscale mesh nodes...
✅ Philips SSD located on macmini-secondary (100.70.181.127) at: /Volumes/PHILIPS_SSD
=== 💾 PHILIPS SSD MULTI-NODE DISCOVERY & MOUNT UTILITY ===
Current Node: dios-macbook-air (Thu Aug 13 17:29:12 EEST 2026)
🔍 Discovered unmounted Philips SSD partition: disk4s1
Mounting diskutil mount disk4s1...
Volume KINGSTON on disk4s1 mounted
⚠️ Not found locally on dios-macbook-air. Querying Tailscale mesh nodes...
✅ Philips SSD located on macmini-secondary (100.70.181.127) at: /Volumes/PHILIPS_SSD
=== 💾 PHILIPS SSD MULTI-NODE DISCOVERY & MOUNT UTILITY ===
Current Node: dios-macbook-air (Thu Aug 13 17:34:13 EEST 2026)
🔍 Discovered unmounted Philips SSD partition: disk4s1
Mounting diskutil mount disk4s1...
Volume KINGSTON on disk4s1 mounted
⚠️ Not found locally on dios-macbook-air. Querying Tailscale mesh nodes...
✅ Philips SSD located on macmini-secondary (100.70.181.127) at: /Volumes/PHILIPS_SSD
=== 💾 PHILIPS SSD MULTI-NODE DISCOVERY & MOUNT UTILITY ===
Current Node: dios-macbook-air (Thu Aug 13 17:39:14 EEST 2026)
🔍 Discovered unmounted Philips SSD partition: disk4s1
Mounting diskutil mount disk4s1...
Volume KINGSTON on disk4s1 mounted
⚠️ Not found locally on dios-macbook-air. Querying Tailscale mesh nodes...
✅ Philips SSD located on macmini-secondary (100.70.181.127) at: /Volumes/PHILIPS_SSD
=== 💾 PHILIPS SSD MULTI-NODE DISCOVERY & MOUNT UTILITY ===
Current Node: dios-macbook-air (Thu Aug 13 17:44:15 EEST 2026)
🔍 Discovered unmounted Philips SSD partition: disk4s1
Mounting diskutil mount disk4s1...
Volume KINGSTON on disk4s1 mounted
⚠️ Not found locally on dios-macbook-air. Querying Tailscale mesh nodes...
✅ Philips SSD located on macmini-secondary (100.70.181.127) at: /Volumes/PHILIPS_SSD
=== 💾 PHILIPS SSD MULTI-NODE DISCOVERY & MOUNT UTILITY ===
Current Node: dios-macbook-air (Thu Aug 13 17:49:19 EEST 2026)
🔍 Discovered unmounted Philips SSD partition: disk4s1
Mounting diskutil mount disk4s1...
Volume KINGSTON on disk4s1 mounted
⚠️ Not found locally on dios-macbook-air. Querying Tailscale mesh nodes...
✅ Philips SSD located on macmini-secondary (100.70.181.127) at: /Volumes/PHILIPS_SSD
=== 💾 PHILIPS SSD MULTI-NODE DISCOVERY & MOUNT UTILITY ===
Current Node: dios-macbook-air (Thu Aug 13 17:54:20 EEST 2026)
🔍 Discovered unmounted Philips SSD partition: disk4s1
Mounting diskutil mount disk4s1...
Volume KINGSTON on disk4s1 mounted
⚠️ Not found locally on dios-macbook-air. Querying Tailscale mesh nodes...
✅ Philips SSD located on macmini-secondary (100.70.181.127) at: /Volumes/PHILIPS_SSD
=== 💾 PHILIPS SSD MULTI-NODE DISCOVERY & MOUNT UTILITY ===
Current Node: dios-macbook-air (Thu Aug 13 17:59:21 EEST 2026)
🔍 Discovered unmounted Philips SSD partition: disk4s1
Mounting diskutil mount disk4s1...
Volume KINGSTON on disk4s1 mounted
⚠️ Not found locally on dios-macbook-air. Querying Tailscale mesh nodes...
✅ Philips SSD located on macmini-secondary (100.70.181.127) at: /Volumes/PHILIPS_SSD
=== 💾 PHILIPS SSD MULTI-NODE DISCOVERY & MOUNT UTILITY ===
Current Node: dios-macbook-air (Thu Aug 13 18:04:23 EEST 2026)
🔍 Discovered unmounted Philips SSD partition: disk4s1
Mounting diskutil mount disk4s1...
Volume KINGSTON on disk4s1 mounted
⚠️ Not found locally on dios-macbook-air. Querying Tailscale mesh nodes...
✅ Philips SSD located on macmini-secondary (100.70.181.127) at: /Volumes/PHILIPS_SSD
=== 💾 PHILIPS SSD MULTI-NODE DISCOVERY & MOUNT UTILITY ===
Current Node: dios-macbook-air (Thu Aug 13 18:09:23 EEST 2026)
⚠️ Not found locally on dios-macbook-air. Querying Tailscale mesh nodes...
✅ Philips SSD located on macmini-secondary (100.70.181.127) at: /Volumes/PHILIPS_SSD
=== 💾 PHILIPS SSD MULTI-NODE DISCOVERY & MOUNT UTILITY ===
Current Node: dios-macbook-air (Thu Aug 13 18:14:24 EEST 2026)
⚠️ Not found locally on dios-macbook-air. Querying Tailscale mesh nodes...
✅ Philips SSD located on macmini-secondary (100.70.181.127) at: /Volumes/PHILIPS_SSD
=== 💾 PHILIPS SSD MULTI-NODE DISCOVERY & MOUNT UTILITY ===
Current Node: dios-macbook-air (Thu Aug 13 18:19:25 EEST 2026)
⚠️ Not found locally on dios-macbook-air. Querying Tailscale mesh nodes...
❌ Philips SSD drive not found on local or remote Tailscale nodes.
=== 💾 PHILIPS SSD MULTI-NODE DISCOVERY & MOUNT UTILITY ===
Current Node: dios-macbook-air (Thu Aug 13 18:24:28 EEST 2026)
⚠️ Not found locally on dios-macbook-air. Querying Tailscale mesh nodes...
✅ Philips SSD located on macmini-secondary (100.70.181.127) at: /Volumes/PHILIPS_SSD
=== 💾 PHILIPS SSD MULTI-NODE DISCOVERY & MOUNT UTILITY ===
Current Node: dios-macbook-air (Thu Aug 13 18:29:29 EEST 2026)
⚠️ Not found locally on dios-macbook-air. Querying Tailscale mesh nodes...
✅ Philips SSD located on macmini-secondary (100.70.181.127) at: /Volumes/PHILIPS_SSD
=== 💾 PHILIPS SSD MULTI-NODE DISCOVERY & MOUNT UTILITY ===
Current Node: dios-macbook-air (Thu Aug 13 18:34:30 EEST 2026)
⚠️ Not found locally on dios-macbook-air. Querying Tailscale mesh nodes...
❌ Philips SSD drive not found on local or remote Tailscale nodes.
=== 💾 PHILIPS SSD MULTI-NODE DISCOVERY & MOUNT UTILITY ===
Current Node: dios-macbook-air (Thu Aug 13 18:39:32 EEST 2026)
⚠️ Not found locally on dios-macbook-air. Querying Tailscale mesh nodes...
✅ Philips SSD located on macmini-secondary (100.70.181.127) at: /Volumes/PHILIPS_SSD
=== 💾 PHILIPS SSD MULTI-NODE DISCOVERY & MOUNT UTILITY ===
Current Node: dios-macbook-air (Thu Aug 13 18:44:33 EEST 2026)
⚠️ Not found locally on dios-macbook-air. Querying Tailscale mesh nodes...
✅ Philips SSD located on macmini-secondary (100.70.181.127) at: /Volumes/PHILIPS_SSD
=== 💾 PHILIPS SSD MULTI-NODE DISCOVERY & MOUNT UTILITY ===
Current Node: dios-macbook-air (Thu Aug 13 18:49:33 EEST 2026)
⚠️ Not found locally on dios-macbook-air. Querying Tailscale mesh nodes...
✅ Philips SSD located on macmini-secondary (100.70.181.127) at: /Volumes/PHILIPS_SSD
=== 💾 PHILIPS SSD MULTI-NODE DISCOVERY & MOUNT UTILITY ===
Current Node: dios-macbook-air (Thu Aug 13 18:54:42 EEST 2026)
⚠️ Not found locally on dios-macbook-air. Querying Tailscale mesh nodes...
✅ Philips SSD located on macmini-secondary (100.70.181.127) at: /Volumes/PHILIPS_SSD
=== 💾 PHILIPS SSD MULTI-NODE DISCOVERY & MOUNT UTILITY ===
Current Node: dios-macbook-air (Thu Aug 13 18:59:43 EEST 2026)
⚠️ Not found locally on dios-macbook-air. Querying Tailscale mesh nodes...
✅ Philips SSD located on macmini-secondary (100.70.181.127) at: /Volumes/PHILIPS_SSD
=== 💾 PHILIPS SSD MULTI-NODE DISCOVERY & MOUNT UTILITY ===
Current Node: dios-macbook-air (Thu Aug 13 19:04:44 EEST 2026)
⚠️ Not found locally on dios-macbook-air. Querying Tailscale mesh nodes...
✅ Philips SSD located on macmini-secondary (100.70.181.127) at: /Volumes/PHILIPS_SSD
=== 💾 PHILIPS SSD MULTI-NODE DISCOVERY & MOUNT UTILITY ===
Current Node: dios-macbook-air (Thu Aug 13 19:09:45 EEST 2026)
⚠️ Not found locally on dios-macbook-air. Querying Tailscale mesh nodes...
❌ Philips SSD drive not found on local or remote Tailscale nodes.
=== 💾 PHILIPS SSD MULTI-NODE DISCOVERY & MOUNT UTILITY ===
Current Node: dios-macbook-air (Thu Aug 13 19:14:47 EEST 2026)
⚠️ Not found locally on dios-macbook-air. Querying Tailscale mesh nodes...
✅ Philips SSD located on macmini-secondary (100.70.181.127) at: /Volumes/PHILIPS_SSD
=== 💾 PHILIPS SSD MULTI-NODE DISCOVERY & MOUNT UTILITY ===
Current Node: dios-macbook-air (Thu Aug 13 19:19:48 EEST 2026)
⚠️ Not found locally on dios-macbook-air. Querying Tailscale mesh nodes...
✅ Philips SSD located on macmini-secondary (100.70.181.127) at: /Volumes/PHILIPS_SSD
=== 💾 PHILIPS SSD MULTI-NODE DISCOVERY & MOUNT UTILITY ===
Current Node: dios-macbook-air (Thu Aug 13 19:24:48 EEST 2026)
⚠️ Not found locally on dios-macbook-air. Querying Tailscale mesh nodes...
✅ Philips SSD located on macmini-secondary (100.70.181.127) at: /Volumes/PHILIPS_SSD
=== 💾 PHILIPS SSD MULTI-NODE DISCOVERY & MOUNT UTILITY ===
Current Node: dios-macbook-air (Thu Aug 13 19:29:50 EEST 2026)
⚠️ Not found locally on dios-macbook-air. Querying Tailscale mesh nodes...
✅ Philips SSD located on macmini-secondary (100.70.181.127) at: /Volumes/PHILIPS_SSD
=== 💾 PHILIPS SSD MULTI-NODE DISCOVERY & MOUNT UTILITY ===
Current Node: dios-macbook-air (Thu Aug 13 19:34:51 EEST 2026)
⚠️ Not found locally on dios-macbook-air. Querying Tailscale mesh nodes...
✅ Philips SSD located on macmini-secondary (100.70.181.127) at: /Volumes/PHILIPS_SSD
=== 💾 PHILIPS SSD MULTI-NODE DISCOVERY & MOUNT UTILITY ===
Current Node: dios-macbook-air (Thu Aug 13 19:39:52 EEST 2026)
⚠️ Not found locally on dios-macbook-air. Querying Tailscale mesh nodes...
✅ Philips SSD located on macmini-secondary (100.70.181.127) at: /Volumes/PHILIPS_SSD
=== 💾 PHILIPS SSD MULTI-NODE DISCOVERY & MOUNT UTILITY ===
Current Node: dios-macbook-air (Thu Aug 13 19:44:53 EEST 2026)
⚠️ Not found locally on dios-macbook-air. Querying Tailscale mesh nodes...
✅ Philips SSD located on macmini-secondary (100.70.181.127) at: /Volumes/PHILIPS_SSD
=== 💾 PHILIPS SSD MULTI-NODE DISCOVERY & MOUNT UTILITY ===
Current Node: dios-macbook-air (Thu Aug 13 19:49:54 EEST 2026)
⚠️ Not found locally on dios-macbook-air. Querying Tailscale mesh nodes...
❌ Philips SSD drive not found on local or remote Tailscale nodes.
=== 💾 PHILIPS SSD MULTI-NODE DISCOVERY & MOUNT UTILITY ===
Current Node: dios-macbook-air (Thu Aug 13 19:54:56 EEST 2026)
⚠️ Not found locally on dios-macbook-air. Querying Tailscale mesh nodes...
✅ Philips SSD located on macmini-secondary (100.70.181.127) at: /Volumes/PHILIPS_SSD
=== 💾 PHILIPS SSD MULTI-NODE DISCOVERY & MOUNT UTILITY ===
Current Node: dios-macbook-air (Thu Aug 13 19:59:57 EEST 2026)
⚠️ Not found locally on dios-macbook-air. Querying Tailscale mesh nodes...
✅ Philips SSD located on macmini-secondary (100.70.181.127) at: /Volumes/PHILIPS_SSD
=== 💾 PHILIPS SSD MULTI-NODE DISCOVERY & MOUNT UTILITY ===
Current Node: dios-macbook-air (Thu Aug 13 20:04:59 EEST 2026)
⚠️ Not found locally on dios-macbook-air. Querying Tailscale mesh nodes...
✅ Philips SSD located on macmini-secondary (100.70.181.127) at: /Volumes/PHILIPS_SSD
=== 💾 PHILIPS SSD MULTI-NODE DISCOVERY & MOUNT UTILITY ===
Current Node: dios-macbook-air (Thu Aug 13 20:10:06 EEST 2026)
⚠️ Not found locally on dios-macbook-air. Querying Tailscale mesh nodes...
✅ Philips SSD located on macmini-secondary (100.70.181.127) at: /Volumes/PHILIPS_SSD
=== 💾 PHILIPS SSD MULTI-NODE DISCOVERY & MOUNT UTILITY ===
Current Node: dios-macbook-air (Thu Aug 13 20:15:07 EEST 2026)
⚠️ Not found locally on dios-macbook-air. Querying Tailscale mesh nodes...
✅ Philips SSD located on macmini-secondary (100.70.181.127) at: /Volumes/PHILIPS_SSD
=== 💾 PHILIPS SSD MULTI-NODE DISCOVERY & MOUNT UTILITY ===
Current Node: dios-macbook-air (Thu Aug 13 20:20:08 EEST 2026)
⚠️ Not found locally on dios-macbook-air. Querying Tailscale mesh nodes...
✅ Philips SSD located on macmini-secondary (100.70.181.127) at: /Volumes/PHILIPS_SSD
=== 💾 PHILIPS SSD MULTI-NODE DISCOVERY & MOUNT UTILITY ===
Current Node: dios-macbook-air (Thu Aug 13 20:25:12 EEST 2026)
⚠️ Not found locally on dios-macbook-air. Querying Tailscale mesh nodes...
✅ Philips SSD located on macmini-secondary (100.70.181.127) at: /Volumes/PHILIPS_SSD
=== 💾 PHILIPS SSD MULTI-NODE DISCOVERY & MOUNT UTILITY ===
Current Node: dios-macbook-air (Thu Aug 13 20:30:13 EEST 2026)
⚠️ Not found locally on dios-macbook-air. Querying Tailscale mesh nodes...
✅ Philips SSD located on macmini-secondary (100.70.181.127) at: /Volumes/PHILIPS_SSD
=== 💾 PHILIPS SSD MULTI-NODE DISCOVERY & MOUNT UTILITY ===
Current Node: dios-macbook-air (Thu Aug 13 20:35:14 EEST 2026)
⚠️ Not found locally on dios-macbook-air. Querying Tailscale mesh nodes...
✅ Philips SSD located on macmini-secondary (100.70.181.127) at: /Volumes/PHILIPS_SSD
=== 💾 PHILIPS SSD MULTI-NODE DISCOVERY & MOUNT UTILITY ===
Current Node: dios-macbook-air (Thu Aug 13 20:40:16 EEST 2026)
⚠️ Not found locally on dios-macbook-air. Querying Tailscale mesh nodes...
❌ Philips SSD drive not found on local or remote Tailscale nodes.
=== 💾 PHILIPS SSD MULTI-NODE DISCOVERY & MOUNT UTILITY ===
Current Node: dios-macbook-air (Thu Aug 13 20:45:19 EEST 2026)
⚠️ Not found locally on dios-macbook-air. Querying Tailscale mesh nodes...
❌ Philips SSD drive not found on local or remote Tailscale nodes.
=== 💾 PHILIPS SSD MULTI-NODE DISCOVERY & MOUNT UTILITY ===
Current Node: dios-macbook-air (Thu Aug 13 20:50:21 EEST 2026)
⚠️ Not found locally on dios-macbook-air. Querying Tailscale mesh nodes...
❌ Philips SSD drive not found on local or remote Tailscale nodes.
=== 💾 PHILIPS SSD MULTI-NODE DISCOVERY & MOUNT UTILITY ===
Current Node: dios-macbook-air (Thu Aug 13 20:55:23 EEST 2026)
⚠️ Not found locally on dios-macbook-air. Querying Tailscale mesh nodes...
✅ Philips SSD located on macmini-secondary (100.70.181.127) at: /Volumes/PHILIPS_SSD
=== 💾 PHILIPS SSD MULTI-NODE DISCOVERY & MOUNT UTILITY ===
Current Node: dios-macbook-air (Thu Aug 13 21:00:24 EEST 2026)
⚠️ Not found locally on dios-macbook-air. Querying Tailscale mesh nodes...
❌ Philips SSD drive not found on local or remote Tailscale nodes.
=== 💾 PHILIPS SSD MULTI-NODE DISCOVERY & MOUNT UTILITY ===
Current Node: dios-macbook-air (Thu Aug 13 21:05:27 EEST 2026)
⚠️ Not found locally on dios-macbook-air. Querying Tailscale mesh nodes...
❌ Philips SSD drive not found on local or remote Tailscale nodes.
=== 💾 PHILIPS SSD MULTI-NODE DISCOVERY & MOUNT UTILITY ===
Current Node: dios-macbook-air (Thu Aug 13 21:10:29 EEST 2026)
⚠️ Not found locally on dios-macbook-air. Querying Tailscale mesh nodes...
✅ Philips SSD located on macmini-secondary (100.70.181.127) at: /Volumes/PHILIPS_SSD
=== 💾 PHILIPS SSD MULTI-NODE DISCOVERY & MOUNT UTILITY ===
Current Node: dios-macbook-air (Thu Aug 13 21:15:30 EEST 2026)
⚠️ Not found locally on dios-macbook-air. Querying Tailscale mesh nodes...
✅ Philips SSD located on macmini-secondary (100.70.181.127) at: /Volumes/PHILIPS_SSD
=== 💾 PHILIPS SSD MULTI-NODE DISCOVERY & MOUNT UTILITY ===
Current Node: dios-macbook-air (Thu Aug 13 21:20:31 EEST 2026)
⚠️ Not found locally on dios-macbook-air. Querying Tailscale mesh nodes...
✅ Philips SSD located on macmini-secondary (100.70.181.127) at: /Volumes/PHILIPS_SSD
=== 💾 PHILIPS SSD MULTI-NODE DISCOVERY & MOUNT UTILITY ===
Current Node: dios-macbook-air (Thu Aug 13 21:25:36 EEST 2026)
⚠️ Not found locally on dios-macbook-air. Querying Tailscale mesh nodes...
✅ Philips SSD located on macmini-secondary (100.70.181.127) at: /Volumes/PHILIPS_SSD
=== 💾 PHILIPS SSD MULTI-NODE DISCOVERY & MOUNT UTILITY ===
Current Node: dios-macbook-air (Thu Aug 13 21:30:37 EEST 2026)
⚠️ Not found locally on dios-macbook-air. Querying Tailscale mesh nodes...
❌ Philips SSD drive not found on local or remote Tailscale nodes.
=== 💾 PHILIPS SSD MULTI-NODE DISCOVERY & MOUNT UTILITY ===
Current Node: dios-macbook-air (Thu Aug 13 21:35:38 EEST 2026)
⚠️ Not found locally on dios-macbook-air. Querying Tailscale mesh nodes...
❌ Philips SSD drive not found on local or remote Tailscale nodes.
=== 💾 PHILIPS SSD MULTI-NODE DISCOVERY & MOUNT UTILITY ===
Current Node: dios-macbook-air (Thu Aug 13 21:40:41 EEST 2026)
🔍 Discovered unmounted Philips SSD partition: disk4s1
Mounting diskutil mount disk4s1...
Volume KINGSTON on disk4s1 mounted
⚠️ Not found locally on dios-macbook-air. Querying Tailscale mesh nodes...
❌ Philips SSD drive not found on local or remote Tailscale nodes.
=== 💾 PHILIPS SSD MULTI-NODE DISCOVERY & MOUNT UTILITY ===
Current Node: dios-macbook-air (Thu Aug 13 21:45:43 EEST 2026)
🔍 Discovered unmounted Philips SSD partition: disk4s1
Mounting diskutil mount disk4s1...
Volume KINGSTON on disk4s1 mounted
⚠️ Not found locally on dios-macbook-air. Querying Tailscale mesh nodes...
❌ Philips SSD drive not found on local or remote Tailscale nodes.
=== 💾 PHILIPS SSD MULTI-NODE DISCOVERY & MOUNT UTILITY ===
Current Node: dios-macbook-air (Thu Aug 13 21:50:45 EEST 2026)
🔍 Discovered unmounted Philips SSD partition: disk4s1
Mounting diskutil mount disk4s1...
Volume KINGSTON on disk4s1 mounted
⚠️ Not found locally on dios-macbook-air. Querying Tailscale mesh nodes...
❌ Philips SSD drive not found on local or remote Tailscale nodes.
=== 💾 PHILIPS SSD MULTI-NODE DISCOVERY & MOUNT UTILITY ===
Current Node: dios-macbook-air (Thu Aug 13 21:55:47 EEST 2026)
🔍 Discovered unmounted Philips SSD partition: disk4s1
Mounting diskutil mount disk4s1...
Volume KINGSTON on disk4s1 mounted
⚠️ Not found locally on dios-macbook-air. Querying Tailscale mesh nodes...
❌ Philips SSD drive not found on local or remote Tailscale nodes.
=== 💾 PHILIPS SSD MULTI-NODE DISCOVERY & MOUNT UTILITY ===
Current Node: dios-macbook-air (Thu Aug 13 22:00:49 EEST 2026)
🔍 Discovered unmounted Philips SSD partition: disk4s1
Mounting diskutil mount disk4s1...
Volume KINGSTON on disk4s1 mounted
⚠️ Not found locally on dios-macbook-air. Querying Tailscale mesh nodes...
❌ Philips SSD drive not found on local or remote Tailscale nodes.
=== 💾 PHILIPS SSD MULTI-NODE DISCOVERY & MOUNT UTILITY ===
Current Node: dios-macbook-air (Thu Aug 13 22:05:52 EEST 2026)
🔍 Discovered unmounted Philips SSD partition: disk4s1
Mounting diskutil mount disk4s1...
Volume KINGSTON on disk4s1 mounted
⚠️ Not found locally on dios-macbook-air. Querying Tailscale mesh nodes...
✅ Philips SSD located on macmini-secondary (100.70.181.127) at: /Volumes/PHILIPS_SSD
=== 💾 PHILIPS SSD MULTI-NODE DISCOVERY & MOUNT UTILITY ===
Current Node: dios-macbook-air (Thu Aug 13 22:11:01 EEST 2026)
🔍 Discovered unmounted Philips SSD partition: disk4s1
Mounting diskutil mount disk4s1...
Volume KINGSTON on disk4s1 mounted
⚠️ Not found locally on dios-macbook-air. Querying Tailscale mesh nodes...
❌ Philips SSD drive not found on local or remote Tailscale nodes.
=== 💾 PHILIPS SSD MULTI-NODE DISCOVERY & MOUNT UTILITY ===
Current Node: dios-macbook-air (Thu Aug 13 22:16:03 EEST 2026)
🔍 Discovered unmounted Philips SSD partition: disk4s1
Mounting diskutil mount disk4s1...
Volume KINGSTON on disk4s1 mounted
⚠️ Not found locally on dios-macbook-air. Querying Tailscale mesh nodes...
❌ Philips SSD drive not found on local or remote Tailscale nodes.
=== 💾 PHILIPS SSD MULTI-NODE DISCOVERY & MOUNT UTILITY ===
Current Node: dios-macbook-air (Thu Aug 13 22:21:05 EEST 2026)
🔍 Discovered unmounted Philips SSD partition: disk4s1
Mounting diskutil mount disk4s1...
Volume KINGSTON on disk4s1 mounted
⚠️ Not found locally on dios-macbook-air. Querying Tailscale mesh nodes...
❌ Philips SSD drive not found on local or remote Tailscale nodes.
=== 💾 PHILIPS SSD MULTI-NODE DISCOVERY & MOUNT UTILITY ===
Current Node: dios-macbook-air (Thu Aug 13 22:26:08 EEST 2026)
🔍 Discovered unmounted Philips SSD partition: disk4s1
Mounting diskutil mount disk4s1...
Volume KINGSTON on disk4s1 mounted
⚠️ Not found locally on dios-macbook-air. Querying Tailscale mesh nodes...
❌ Philips SSD drive not found on local or remote Tailscale nodes.
=== 💾 PHILIPS SSD MULTI-NODE DISCOVERY & MOUNT UTILITY ===
Current Node: dios-macbook-air (Thu Aug 13 22:31:10 EEST 2026)
🔍 Discovered unmounted Philips SSD partition: disk4s1
Mounting diskutil mount disk4s1...
Volume KINGSTON on disk4s1 mounted
⚠️ Not found locally on dios-macbook-air. Querying Tailscale mesh nodes...
✅ Philips SSD located on macmini-secondary (100.70.181.127) at: /Volumes/PHILIPS_SSD
=== 💾 PHILIPS SSD MULTI-NODE DISCOVERY & MOUNT UTILITY ===
Current Node: dios-macbook-air (Thu Aug 13 22:36:13 EEST 2026)
🔍 Discovered unmounted Philips SSD partition: disk4s1
Mounting diskutil mount disk4s1...
Volume KINGSTON on disk4s1 mounted
⚠️ Not found locally on dios-macbook-air. Querying Tailscale mesh nodes...
❌ Philips SSD drive not found on local or remote Tailscale nodes.
=== 💾 PHILIPS SSD MULTI-NODE DISCOVERY & MOUNT UTILITY ===
Current Node: dios-macbook-air (Thu Aug 13 22:41:43 EEST 2026)
🔍 Discovered unmounted Philips SSD partition: disk4s1
Mounting diskutil mount disk4s1...
Volume KINGSTON on disk4s1 mounted
⚠️ Not found locally on dios-macbook-air. Querying Tailscale mesh nodes...
✅ Philips SSD located on macmini-secondary (100.70.181.127) at: /Volumes/PHILIPS_SSD
=== 💾 PHILIPS SSD MULTI-NODE DISCOVERY & MOUNT UTILITY ===
Current Node: dios-macbook-air (Thu Aug 13 22:46:50 EEST 2026)
🔍 Discovered unmounted Philips SSD partition: disk4s1
Mounting diskutil mount disk4s1...
Volume KINGSTON on disk4s1 mounted
⚠️ Not found locally on dios-macbook-air. Querying Tailscale mesh nodes...
❌ Philips SSD drive not found on local or remote Tailscale nodes.
=== 💾 PHILIPS SSD MULTI-NODE DISCOVERY & MOUNT UTILITY ===
Current Node: dios-macbook-air (Thu Aug 13 22:51:52 EEST 2026)
🔍 Discovered unmounted Philips SSD partition: disk4s1
Mounting diskutil mount disk4s1...
Volume KINGSTON on disk4s1 mounted
⚠️ Not found locally on dios-macbook-air. Querying Tailscale mesh nodes...
❌ Philips SSD drive not found on local or remote Tailscale nodes.
=== 💾 PHILIPS SSD MULTI-NODE DISCOVERY & MOUNT UTILITY ===
Current Node: dios-macbook-air (Thu Aug 13 22:56:55 EEST 2026)
🔍 Discovered unmounted Philips SSD partition: disk4s1
Mounting diskutil mount disk4s1...
Volume KINGSTON on disk4s1 mounted
⚠️ Not found locally on dios-macbook-air. Querying Tailscale mesh nodes...
❌ Philips SSD drive not found on local or remote Tailscale nodes.
=== 💾 PHILIPS SSD MULTI-NODE DISCOVERY & MOUNT UTILITY ===
Current Node: dios-macbook-air (Thu Aug 13 23:01:57 EEST 2026)
🔍 Discovered unmounted Philips SSD partition: disk4s1
Mounting diskutil mount disk4s1...
Volume KINGSTON on disk4s1 mounted
⚠️ Not found locally on dios-macbook-air. Querying Tailscale mesh nodes...
✅ Philips SSD located on macmini-secondary (100.70.181.127) at: /Volumes/PHILIPS_SSD
=== 💾 PHILIPS SSD MULTI-NODE DISCOVERY & MOUNT UTILITY ===
Current Node: dios-macbook-air (Thu Aug 13 23:07:59 EEST 2026)
🔍 Discovered unmounted Philips SSD partition: disk4s1
Mounting diskutil mount disk4s1...
Volume KINGSTON on disk4s1 mounted
⚠️ Not found locally on dios-macbook-air. Querying Tailscale mesh nodes...
❌ Philips SSD drive not found on local or remote Tailscale nodes.
=== 💾 PHILIPS SSD MULTI-NODE DISCOVERY & MOUNT UTILITY ===
Current Node: dios-macbook-air (Thu Aug 13 23:13:01 EEST 2026)
🔍 Discovered unmounted Philips SSD partition: disk4s1
Mounting diskutil mount disk4s1...
Volume KINGSTON on disk4s1 mounted
⚠️ Not found locally on dios-macbook-air. Querying Tailscale mesh nodes...
❌ Philips SSD drive not found on local or remote Tailscale nodes.
=== 💾 PHILIPS SSD MULTI-NODE DISCOVERY & MOUNT UTILITY ===
Current Node: dios-macbook-air (Thu Aug 13 23:18:03 EEST 2026)
🔍 Discovered unmounted Philips SSD partition: disk4s1
Mounting diskutil mount disk4s1...
Volume KINGSTON on disk4s1 mounted
⚠️ Not found locally on dios-macbook-air. Querying Tailscale mesh nodes...
❌ Philips SSD drive not found on local or remote Tailscale nodes.
=== 💾 PHILIPS SSD MULTI-NODE DISCOVERY & MOUNT UTILITY ===
Current Node: dios-macbook-air (Thu Aug 13 23:23:06 EEST 2026)
🔍 Discovered unmounted Philips SSD partition: disk4s1
Mounting diskutil mount disk4s1...
Volume KINGSTON on disk4s1 mounted
⚠️ Not found locally on dios-macbook-air. Querying Tailscale mesh nodes...
✅ Philips SSD located on macmini-secondary (100.70.181.127) at: /Volumes/PHILIPS_SSD
=== 💾 PHILIPS SSD MULTI-NODE DISCOVERY & MOUNT UTILITY ===
Current Node: dios-macbook-air (Thu Aug 13 23:28:07 EEST 2026)
🔍 Discovered unmounted Philips SSD partition: disk4s1
Mounting diskutil mount disk4s1...
Volume KINGSTON on disk4s1 mounted
⚠️ Not found locally on dios-macbook-air. Querying Tailscale mesh nodes...
❌ Philips SSD drive not found on local or remote Tailscale nodes.
=== 💾 PHILIPS SSD MULTI-NODE DISCOVERY & MOUNT UTILITY ===
Current Node: dios-macbook-air (Thu Aug 13 23:33:08 EEST 2026)
🔍 Discovered unmounted Philips SSD partition: disk4s1
Mounting diskutil mount disk4s1...
Volume KINGSTON on disk4s1 mounted
⚠️ Not found locally on dios-macbook-air. Querying Tailscale mesh nodes...
❌ Philips SSD drive not found on local or remote Tailscale nodes.
=== 💾 PHILIPS SSD MULTI-NODE DISCOVERY & MOUNT UTILITY ===
Current Node: dios-macbook-air (Thu Aug 13 23:38:10 EEST 2026)
⚠️ Not found locally on dios-macbook-air. Querying Tailscale mesh nodes...
✅ Philips SSD located on macmini-secondary (100.70.181.127) at: /Volumes/PHILIPS_SSD
=== 💾 PHILIPS SSD MULTI-NODE DISCOVERY & MOUNT UTILITY ===
Current Node: dios-macbook-air (Fri Aug 14 04:22:08 EEST 2026)
⚠️ Not found locally on dios-macbook-air. Querying Tailscale mesh nodes...
❌ Philips SSD drive not found on local or remote Tailscale nodes.
=== 💾 PHILIPS SSD MULTI-NODE DISCOVERY & MOUNT UTILITY ===
Current Node: dios-macbook-air (Fri Aug 14 06:01:13 EEST 2026)
⚠️ Not found locally on dios-macbook-air. Querying Tailscale mesh nodes...
❌ Philips SSD drive not found on local or remote Tailscale nodes.
=== 💾 PHILIPS SSD MULTI-NODE DISCOVERY & MOUNT UTILITY ===
Current Node: dios-macbook-air (Fri Aug 14 12:06:19 EEST 2026)
⚠️ Not found locally on dios-macbook-air. Querying Tailscale mesh nodes...
❌ Philips SSD drive not found on local or remote Tailscale nodes.
=== 💾 PHILIPS SSD MULTI-NODE DISCOVERY & MOUNT UTILITY ===
Current Node: dios-macbook-air (Fri Aug 14 16:10:52 EEST 2026)
⚠️ Not found locally on dios-macbook-air. Querying Tailscale mesh nodes...
❌ Philips SSD drive not found on local or remote Tailscale nodes.
=== 💾 PHILIPS SSD MULTI-NODE DISCOVERY & MOUNT UTILITY ===
Current Node: dios-macbook-air (Fri Aug 14 21:15:29 EEST 2026)
⚠️ Not found locally on dios-macbook-air. Querying Tailscale mesh nodes...
✅ Philips SSD located on macmini-secondary (100.70.181.127) at: /Volumes/PHILIPS_SSD
=== 💾 PHILIPS SSD MULTI-NODE DISCOVERY & MOUNT UTILITY ===
Current Node: dios-macbook-air (Sat Aug 15 01:19:36 EEST 2026)
⚠️ Not found locally on dios-macbook-air. Querying Tailscale mesh nodes...
❌ Philips SSD drive not found on local or remote Tailscale nodes.
=== 💾 PHILIPS SSD MULTI-NODE DISCOVERY & MOUNT UTILITY ===
Current Node: dios-macbook-air (Sat Aug 15 09:03:12 EEST 2026)
⚠️ Not found locally on dios-macbook-air. Querying Tailscale mesh nodes...
❌ Philips SSD drive not found on local or remote Tailscale nodes.
=== 💾 PHILIPS SSD MULTI-NODE DISCOVERY & MOUNT UTILITY ===
Current Node: dios-macbook-air (Sat Aug 15 13:14:34 EEST 2026)
⚠️ Not found locally on dios-macbook-air. Querying Tailscale mesh nodes...
❌ Philips SSD drive not found on local or remote Tailscale nodes.
=== 💾 PHILIPS SSD MULTI-NODE DISCOVERY & MOUNT UTILITY ===
Current Node: dios-macbook-air (Sat Aug 15 17:43:34 EEST 2026)
⚠️ Not found locally on dios-macbook-air. Querying Tailscale mesh nodes...
❌ Philips SSD drive not found on local or remote Tailscale nodes.
=== 💾 PHILIPS SSD MULTI-NODE DISCOVERY & MOUNT UTILITY ===
Current Node: dios-macbook-air (Sat Aug 15 22:16:09 EEST 2026)
⚠️ Not found locally on dios-macbook-air. Querying Tailscale mesh nodes...
❌ Philips SSD drive not found on local or remote Tailscale nodes.
=== 💾 PHILIPS SSD MULTI-NODE DISCOVERY & MOUNT UTILITY ===
Current Node: dios-macbook-air (Sun Aug 16 05:01:16 EEST 2026)
⚠️ Not found locally on dios-macbook-air. Querying Tailscale mesh nodes...
❌ Philips SSD drive not found on local or remote Tailscale nodes.
=== 💾 PHILIPS SSD MULTI-NODE DISCOVERY & MOUNT UTILITY ===
Current Node: dios-macbook-air (Sun Aug 16 10:37:04 EEST 2026)
⚠️ Not found locally on dios-macbook-air. Querying Tailscale mesh nodes...
❌ Philips SSD drive not found on local or remote Tailscale nodes.
=== 💾 PHILIPS SSD MULTI-NODE DISCOVERY & MOUNT UTILITY ===
Current Node: dios-macbook-air (Sun Aug 16 12:31:13 EEST 2026)
🔍 Discovered unmounted Philips SSD partition: disk4s1
Mounting diskutil mount disk4s1...
Volume KINGSTON on disk4s1 mounted
⚠️ Not found locally on dios-macbook-air. Querying Tailscale mesh nodes...
✅ Philips SSD located on macmini-secondary (100.70.181.127) at: /Volumes/PHILIPS_SSD
=== 💾 PHILIPS SSD MULTI-NODE DISCOVERY & MOUNT UTILITY ===
Current Node: dios-macbook-air (Sun Aug 16 12:36:15 EEST 2026)
🔍 Discovered unmounted Philips SSD partition: disk4s1
Mounting diskutil mount disk4s1...
Volume KINGSTON on disk4s1 mounted
⚠️ Not found locally on dios-macbook-air. Querying Tailscale mesh nodes...
❌ Philips SSD drive not found on local or remote Tailscale nodes.
=== 💾 PHILIPS SSD MULTI-NODE DISCOVERY & MOUNT UTILITY ===
Current Node: dios-macbook-air (Sun Aug 16 12:41:18 EEST 2026)
🔍 Discovered unmounted Philips SSD partition: disk4s1
Mounting diskutil mount disk4s1...
Volume KINGSTON on disk4s1 mounted
⚠️ Not found locally on dios-macbook-air. Querying Tailscale mesh nodes...
❌ Philips SSD drive not found on local or remote Tailscale nodes.
=== 💾 PHILIPS SSD MULTI-NODE DISCOVERY & MOUNT UTILITY ===
Current Node: dios-macbook-air (Sun Aug 16 12:46:21 EEST 2026)
🔍 Discovered unmounted Philips SSD partition: disk4s1
Mounting diskutil mount disk4s1...
Volume KINGSTON on disk4s1 mounted
⚠️ Not found locally on dios-macbook-air. Querying Tailscale mesh nodes...
❌ Philips SSD drive not found on local or remote Tailscale nodes.
=== 💾 PHILIPS SSD MULTI-NODE DISCOVERY & MOUNT UTILITY ===
Current Node: dios-macbook-air (Sun Aug 16 12:51:23 EEST 2026)
🔍 Discovered unmounted Philips SSD partition: disk4s1
Mounting diskutil mount disk4s1...
Volume KINGSTON on disk4s1 mounted
⚠️ Not found locally on dios-macbook-air. Querying Tailscale mesh nodes...
❌ Philips SSD drive not found on local or remote Tailscale nodes.
=== 💾 PHILIPS SSD MULTI-NODE DISCOVERY & MOUNT UTILITY ===
Current Node: dios-macbook-air (Sun Aug 16 12:56:26 EEST 2026)
🔍 Discovered unmounted Philips SSD partition: disk4s1
Mounting diskutil mount disk4s1...
Volume KINGSTON on disk4s1 mounted
⚠️ Not found locally on dios-macbook-air. Querying Tailscale mesh nodes...
✅ Philips SSD located on macmini-secondary (100.70.181.127) at: /Volumes/PHILIPS_SSD
=== 💾 PHILIPS SSD MULTI-NODE DISCOVERY & MOUNT UTILITY ===
Current Node: dios-macbook-air (Sun Aug 16 13:01:30 EEST 2026)
🔍 Discovered unmounted Philips SSD partition: disk4s1
Mounting diskutil mount disk4s1...
Volume KINGSTON on disk4s1 mounted
⚠️ Not found locally on dios-macbook-air. Querying Tailscale mesh nodes...
✅ Philips SSD located on macmini-secondary (100.70.181.127) at: /Volumes/PHILIPS_SSD
=== 💾 PHILIPS SSD MULTI-NODE DISCOVERY & MOUNT UTILITY ===
Current Node: dios-macbook-air (Sun Aug 16 13:06:34 EEST 2026)
🔍 Discovered unmounted Philips SSD partition: disk4s1
Mounting diskutil mount disk4s1...
Volume KINGSTON on disk4s1 mounted
⚠️ Not found locally on dios-macbook-air. Querying Tailscale mesh nodes...
✅ Philips SSD located on macmini-secondary (100.70.181.127) at: /Volumes/PHILIPS_SSD
=== 💾 PHILIPS SSD MULTI-NODE DISCOVERY & MOUNT UTILITY ===
Current Node: dios-macbook-air (Sun Aug 16 13:11:37 EEST 2026)
🔍 Discovered unmounted Philips SSD partition: disk4s1
Mounting diskutil mount disk4s1...
Volume KINGSTON on disk4s1 mounted
⚠️ Not found locally on dios-macbook-air. Querying Tailscale mesh nodes...
✅ Philips SSD located on macmini-secondary (100.70.181.127) at: /Volumes/PHILIPS_SSD
=== 💾 PHILIPS SSD MULTI-NODE DISCOVERY & MOUNT UTILITY ===
Current Node: dios-macbook-air (Sun Aug 16 13:16:39 EEST 2026)
🔍 Discovered unmounted Philips SSD partition: disk4s1
Mounting diskutil mount disk4s1...
Volume KINGSTON on disk4s1 mounted
⚠️ Not found locally on dios-macbook-air. Querying Tailscale mesh nodes...
✅ Philips SSD located on macmini-secondary (100.70.181.127) at: /Volumes/PHILIPS_SSD
=== 💾 PHILIPS SSD MULTI-NODE DISCOVERY & MOUNT UTILITY ===
Current Node: dios-macbook-air (Sun Aug 16 13:21:41 EEST 2026)
🔍 Discovered unmounted Philips SSD partition: disk4s1
Mounting diskutil mount disk4s1...
Volume KINGSTON on disk4s1 mounted
⚠️ Not found locally on dios-macbook-air. Querying Tailscale mesh nodes...
✅ Philips SSD located on macmini-secondary (100.70.181.127) at: /Volumes/PHILIPS_SSD
=== 💾 PHILIPS SSD MULTI-NODE DISCOVERY & MOUNT UTILITY ===
Current Node: dios-macbook-air (Sun Aug 16 13:26:43 EEST 2026)
🔍 Discovered unmounted Philips SSD partition: disk4s1
Mounting diskutil mount disk4s1...
Volume KINGSTON on disk4s1 mounted
⚠️ Not found locally on dios-macbook-air. Querying Tailscale mesh nodes...
✅ Philips SSD located on macmini-secondary (100.70.181.127) at: /Volumes/PHILIPS_SSD
=== 💾 PHILIPS SSD MULTI-NODE DISCOVERY & MOUNT UTILITY ===
Current Node: dios-macbook-air (Sun Aug 16 13:31:46 EEST 2026)
🔍 Discovered unmounted Philips SSD partition: disk4s1
Mounting diskutil mount disk4s1...
Volume KINGSTON on disk4s1 mounted
⚠️ Not found locally on dios-macbook-air. Querying Tailscale mesh nodes...
✅ Philips SSD located on macmini-secondary (100.70.181.127) at: /Volumes/PHILIPS_SSD
=== 💾 PHILIPS SSD MULTI-NODE DISCOVERY & MOUNT UTILITY ===
Current Node: dios-macbook-air (Sun Aug 16 13:36:49 EEST 2026)
🔍 Discovered unmounted Philips SSD partition: disk4s1
Mounting diskutil mount disk4s1...
Volume KINGSTON on disk4s1 mounted
⚠️ Not found locally on dios-macbook-air. Querying Tailscale mesh nodes...
❌ Philips SSD drive not found on local or remote Tailscale nodes.
=== 💾 PHILIPS SSD MULTI-NODE DISCOVERY & MOUNT UTILITY ===
Current Node: dios-macbook-air (Sun Aug 16 13:41:52 EEST 2026)
🔍 Discovered unmounted Philips SSD partition: disk4s1
Mounting diskutil mount disk4s1...
Volume KINGSTON on disk4s1 mounted
⚠️ Not found locally on dios-macbook-air. Querying Tailscale mesh nodes...
✅ Philips SSD located on macmini-secondary (100.70.181.127) at: /Volumes/PHILIPS_SSD
=== 💾 PHILIPS SSD MULTI-NODE DISCOVERY & MOUNT UTILITY ===
Current Node: dios-macbook-air (Sun Aug 16 13:46:54 EEST 2026)
🔍 Discovered unmounted Philips SSD partition: disk4s1
Mounting diskutil mount disk4s1...
Volume KINGSTON on disk4s1 mounted
⚠️ Not found locally on dios-macbook-air. Querying Tailscale mesh nodes...
✅ Philips SSD located on macmini-secondary (100.70.181.127) at: /Volumes/PHILIPS_SSD
=== 💾 PHILIPS SSD MULTI-NODE DISCOVERY & MOUNT UTILITY ===
Current Node: dios-macbook-air (Sun Aug 16 13:51:57 EEST 2026)
🔍 Discovered unmounted Philips SSD partition: disk4s1
Mounting diskutil mount disk4s1...
Volume KINGSTON on disk4s1 mounted
⚠️ Not found locally on dios-macbook-air. Querying Tailscale mesh nodes...
❌ Philips SSD drive not found on local or remote Tailscale nodes.
=== 💾 PHILIPS SSD MULTI-NODE DISCOVERY & MOUNT UTILITY ===
Current Node: dios-macbook-air (Sun Aug 16 13:56:59 EEST 2026)
🔍 Discovered unmounted Philips SSD partition: disk4s1
Mounting diskutil mount disk4s1...
Volume KINGSTON on disk4s1 mounted
⚠️ Not found locally on dios-macbook-air. Querying Tailscale mesh nodes...
✅ Philips SSD located on macmini-secondary (100.70.181.127) at: /Volumes/PHILIPS_SSD
=== 💾 PHILIPS SSD MULTI-NODE DISCOVERY & MOUNT UTILITY ===
Current Node: dios-macbook-air (Sun Aug 16 14:02:03 EEST 2026)
🔍 Discovered unmounted Philips SSD partition: disk4s1
Mounting diskutil mount disk4s1...
Volume KINGSTON on disk4s1 mounted
⚠️ Not found locally on dios-macbook-air. Querying Tailscale mesh nodes...
✅ Philips SSD located on macmini-secondary (100.70.181.127) at: /Volumes/PHILIPS_SSD
=== 💾 PHILIPS SSD MULTI-NODE DISCOVERY & MOUNT UTILITY ===
Current Node: dios-macbook-air (Sun Aug 16 14:07:06 EEST 2026)
🔍 Discovered unmounted Philips SSD partition: disk4s1
Mounting diskutil mount disk4s1...
Volume KINGSTON on disk4s1 mounted
⚠️ Not found locally on dios-macbook-air. Querying Tailscale mesh nodes...
✅ Philips SSD located on macmini-secondary (100.70.181.127) at: /Volumes/PHILIPS_SSD
=== 💾 PHILIPS SSD MULTI-NODE DISCOVERY & MOUNT UTILITY ===
Current Node: dios-macbook-air (Sun Aug 16 14:12:09 EEST 2026)
🔍 Discovered unmounted Philips SSD partition: disk4s1
Mounting diskutil mount disk4s1...
Volume KINGSTON on disk4s1 mounted
⚠️ Not found locally on dios-macbook-air. Querying Tailscale mesh nodes...
✅ Philips SSD located on macmini-secondary (100.70.181.127) at: /Volumes/PHILIPS_SSD
=== 💾 PHILIPS SSD MULTI-NODE DISCOVERY & MOUNT UTILITY ===
Current Node: dios-macbook-air (Sun Aug 16 14:17:12 EEST 2026)
🔍 Discovered unmounted Philips SSD partition: disk4s1
Mounting diskutil mount disk4s1...
Volume KINGSTON on disk4s1 mounted
⚠️ Not found locally on dios-macbook-air. Querying Tailscale mesh nodes...
✅ Philips SSD located on macmini-secondary (100.70.181.127) at: /Volumes/PHILIPS_SSD
=== 💾 PHILIPS SSD MULTI-NODE DISCOVERY & MOUNT UTILITY ===
Current Node: dios-macbook-air (Sun Aug 16 14:22:17 EEST 2026)
🔍 Discovered unmounted Philips SSD partition: disk4s1
Mounting diskutil mount disk4s1...
Volume KINGSTON on disk4s1 mounted
⚠️ Not found locally on dios-macbook-air. Querying Tailscale mesh nodes...
✅ Philips SSD located on macmini-secondary (100.70.181.127) at: /Volumes/PHILIPS_SSD
=== 💾 PHILIPS SSD MULTI-NODE DISCOVERY & MOUNT UTILITY ===
Current Node: dios-macbook-air (Sun Aug 16 14:27:21 EEST 2026)
🔍 Discovered unmounted Philips SSD partition: disk4s1
Mounting diskutil mount disk4s1...
Volume KINGSTON on disk4s1 mounted
⚠️ Not found locally on dios-macbook-air. Querying Tailscale mesh nodes...
✅ Philips SSD located on macmini-secondary (100.70.181.127) at: /Volumes/PHILIPS_SSD
=== 💾 PHILIPS SSD MULTI-NODE DISCOVERY & MOUNT UTILITY ===
Current Node: dios-macbook-air (Sun Aug 16 14:32:26 EEST 2026)
🔍 Discovered unmounted Philips SSD partition: disk4s1
Mounting diskutil mount disk4s1...
Volume KINGSTON on disk4s1 mounted
⚠️ Not found locally on dios-macbook-air. Querying Tailscale mesh nodes...
❌ Philips SSD drive not found on local or remote Tailscale nodes.
=== 💾 PHILIPS SSD MULTI-NODE DISCOVERY & MOUNT UTILITY ===
Current Node: dios-macbook-air (Sun Aug 16 14:37:28 EEST 2026)
🔍 Discovered unmounted Philips SSD partition: disk4s1
Mounting diskutil mount disk4s1...
Volume KINGSTON on disk4s1 mounted
⚠️ Not found locally on dios-macbook-air. Querying Tailscale mesh nodes...
❌ Philips SSD drive not found on local or remote Tailscale nodes.
=== 💾 PHILIPS SSD MULTI-NODE DISCOVERY & MOUNT UTILITY ===
Current Node: dios-macbook-air (Sun Aug 16 14:42:31 EEST 2026)
🔍 Discovered unmounted Philips SSD partition: disk4s1
Mounting diskutil mount disk4s1...
Volume KINGSTON on disk4s1 mounted
⚠️ Not found locally on dios-macbook-air. Querying Tailscale mesh nodes...
❌ Philips SSD drive not found on local or remote Tailscale nodes.
=== 💾 PHILIPS SSD MULTI-NODE DISCOVERY & MOUNT UTILITY ===
Current Node: dios-macbook-air (Sun Aug 16 14:47:33 EEST 2026)
🔍 Discovered unmounted Philips SSD partition: disk4s1
Mounting diskutil mount disk4s1...
Volume KINGSTON on disk4s1 mounted
⚠️ Not found locally on dios-macbook-air. Querying Tailscale mesh nodes...
❌ Philips SSD drive not found on local or remote Tailscale nodes.
=== 💾 PHILIPS SSD MULTI-NODE DISCOVERY & MOUNT UTILITY ===
Current Node: dios-macbook-air (Sun Aug 16 14:52:35 EEST 2026)
🔍 Discovered unmounted Philips SSD partition: disk4s1
Mounting diskutil mount disk4s1...
Volume KINGSTON on disk4s1 mounted
⚠️ Not found locally on dios-macbook-air. Querying Tailscale mesh nodes...
❌ Philips SSD drive not found on local or remote Tailscale nodes.
=== 💾 PHILIPS SSD MULTI-NODE DISCOVERY & MOUNT UTILITY ===
Current Node: dios-macbook-air (Sun Aug 16 14:57:38 EEST 2026)
🔍 Discovered unmounted Philips SSD partition: disk4s1
Mounting diskutil mount disk4s1...
Volume KINGSTON on disk4s1 mounted
⚠️ Not found locally on dios-macbook-air. Querying Tailscale mesh nodes...
❌ Philips SSD drive not found on local or remote Tailscale nodes.
=== 💾 PHILIPS SSD MULTI-NODE DISCOVERY & MOUNT UTILITY ===
Current Node: dios-macbook-air (Sun Aug 16 15:02:40 EEST 2026)
🔍 Discovered unmounted Philips SSD partition: disk4s1
Mounting diskutil mount disk4s1...
Volume KINGSTON on disk4s1 mounted
⚠️ Not found locally on dios-macbook-air. Querying Tailscale mesh nodes...
❌ Philips SSD drive not found on local or remote Tailscale nodes.
=== 💾 PHILIPS SSD MULTI-NODE DISCOVERY & MOUNT UTILITY ===
Current Node: dios-macbook-air (Sun Aug 16 15:07:42 EEST 2026)
🔍 Discovered unmounted Philips SSD partition: disk4s1
Mounting diskutil mount disk4s1...
Volume KINGSTON on disk4s1 mounted
⚠️ Not found locally on dios-macbook-air. Querying Tailscale mesh nodes...
❌ Philips SSD drive not found on local or remote Tailscale nodes.
=== 💾 PHILIPS SSD MULTI-NODE DISCOVERY & MOUNT UTILITY ===
Current Node: dios-macbook-air (Sun Aug 16 15:12:45 EEST 2026)
🔍 Discovered unmounted Philips SSD partition: disk4s1
Mounting diskutil mount disk4s1...
Volume KINGSTON on disk4s1 mounted
⚠️ Not found locally on dios-macbook-air. Querying Tailscale mesh nodes...
❌ Philips SSD drive not found on local or remote Tailscale nodes.
=== 💾 PHILIPS SSD MULTI-NODE DISCOVERY & MOUNT UTILITY ===
Current Node: dios-macbook-air (Sun Aug 16 15:17:47 EEST 2026)
🔍 Discovered unmounted Philips SSD partition: disk4s1
Mounting diskutil mount disk4s1...
Volume KINGSTON on disk4s1 mounted
⚠️ Not found locally on dios-macbook-air. Querying Tailscale mesh nodes...
❌ Philips SSD drive not found on local or remote Tailscale nodes.
=== 💾 PHILIPS SSD MULTI-NODE DISCOVERY & MOUNT UTILITY ===
Current Node: dios-macbook-air (Sun Aug 16 15:22:50 EEST 2026)
🔍 Discovered unmounted Philips SSD partition: disk4s1
Mounting diskutil mount disk4s1...
Volume KINGSTON on disk4s1 mounted
⚠️ Not found locally on dios-macbook-air. Querying Tailscale mesh nodes...
❌ Philips SSD drive not found on local or remote Tailscale nodes.
=== 💾 PHILIPS SSD MULTI-NODE DISCOVERY & MOUNT UTILITY ===
Current Node: dios-macbook-air (Sun Aug 16 15:27:52 EEST 2026)
🔍 Discovered unmounted Philips SSD partition: disk4s1
Mounting diskutil mount disk4s1...
Volume KINGSTON on disk4s1 mounted
⚠️ Not found locally on dios-macbook-air. Querying Tailscale mesh nodes...
❌ Philips SSD drive not found on local or remote Tailscale nodes.
=== 💾 PHILIPS SSD MULTI-NODE DISCOVERY & MOUNT UTILITY ===
Current Node: dios-macbook-air (Sun Aug 16 15:32:55 EEST 2026)
🔍 Discovered unmounted Philips SSD partition: disk4s1
Mounting diskutil mount disk4s1...
Volume KINGSTON on disk4s1 mounted
⚠️ Not found locally on dios-macbook-air. Querying Tailscale mesh nodes...
❌ Philips SSD drive not found on local or remote Tailscale nodes.
=== 💾 PHILIPS SSD MULTI-NODE DISCOVERY & MOUNT UTILITY ===
Current Node: dios-macbook-air (Sun Aug 16 15:37:57 EEST 2026)
🔍 Discovered unmounted Philips SSD partition: disk4s1
Mounting diskutil mount disk4s1...
Volume KINGSTON on disk4s1 mounted
⚠️ Not found locally on dios-macbook-air. Querying Tailscale mesh nodes...
❌ Philips SSD drive not found on local or remote Tailscale nodes.
=== 💾 PHILIPS SSD MULTI-NODE DISCOVERY & MOUNT UTILITY ===
Current Node: dios-macbook-air (Sun Aug 16 15:42:59 EEST 2026)
🔍 Discovered unmounted Philips SSD partition: disk4s1
Mounting diskutil mount disk4s1...
Volume KINGSTON on disk4s1 mounted
⚠️ Not found locally on dios-macbook-air. Querying Tailscale mesh nodes...
❌ Philips SSD drive not found on local or remote Tailscale nodes.
=== 💾 PHILIPS SSD MULTI-NODE DISCOVERY & MOUNT UTILITY ===
Current Node: dios-macbook-air (Sun Aug 16 17:04:46 EEST 2026)
🔍 Discovered unmounted Philips SSD partition: disk4s1
Mounting diskutil mount disk4s1...
Volume KINGSTON on disk4s1 mounted
⚠️ Not found locally on dios-macbook-air. Querying Tailscale mesh nodes...
❌ Philips SSD drive not found on local or remote Tailscale nodes.
=== 💾 PHILIPS SSD MULTI-NODE DISCOVERY & MOUNT UTILITY ===
Current Node: dios-macbook-air (Sun Aug 16 17:44:02 EEST 2026)
🔍 Discovered unmounted Philips SSD partition: disk4s1
Mounting diskutil mount disk4s1...
Volume KINGSTON on disk4s1 mounted
⚠️ Not found locally on dios-macbook-air. Querying Tailscale mesh nodes...
❌ Philips SSD drive not found on local or remote Tailscale nodes.
=== 💾 PHILIPS SSD MULTI-NODE DISCOVERY & MOUNT UTILITY ===
Current Node: dios-macbook-air (Sun Aug 16 17:49:38 EEST 2026)
🔍 Discovered unmounted Philips SSD partition: disk4s1
Mounting diskutil mount disk4s1...
Volume KINGSTON on disk4s1 mounted
⚠️ Not found locally on dios-macbook-air. Querying Tailscale mesh nodes...
❌ Philips SSD drive not found on local or remote Tailscale nodes.
=== 💾 PHILIPS SSD MULTI-NODE DISCOVERY & MOUNT UTILITY ===
Current Node: dios-macbook-air (Sun Aug 16 17:55:11 EEST 2026)
🔍 Discovered unmounted Philips SSD partition: disk4s1
Mounting diskutil mount disk4s1...
Volume KINGSTON on disk4s1 mounted
⚠️ Not found locally on dios-macbook-air. Querying Tailscale mesh nodes...
❌ Philips SSD drive not found on local or remote Tailscale nodes.
=== 💾 PHILIPS SSD MULTI-NODE DISCOVERY & MOUNT UTILITY ===
Current Node: dios-macbook-air (Sun Aug 16 18:00:48 EEST 2026)
🔍 Discovered unmounted Philips SSD partition: disk4s1
Mounting diskutil mount disk4s1...
Volume KINGSTON on disk4s1 mounted
⚠️ Not found locally on dios-macbook-air. Querying Tailscale mesh nodes...
❌ Philips SSD drive not found on local or remote Tailscale nodes.
=== 💾 PHILIPS SSD MULTI-NODE DISCOVERY & MOUNT UTILITY ===
Current Node: dios-macbook-air (Sun Aug 16 18:06:20 EEST 2026)
🔍 Discovered unmounted Philips SSD partition: disk4s1
Mounting diskutil mount disk4s1...
Volume KINGSTON on disk4s1 mounted
⚠️ Not found locally on dios-macbook-air. Querying Tailscale mesh nodes...
❌ Philips SSD drive not found on local or remote Tailscale nodes.
=== 💾 PHILIPS SSD MULTI-NODE DISCOVERY & MOUNT UTILITY ===
Current Node: dios-macbook-air (Sun Aug 16 12:53:46 EEST 2026)
🔍 Discovered unmounted Philips SSD partition: disk4s1
Mounting diskutil mount disk4s1...
Volume KINGSTON on disk4s1 mounted
⚠️ Not found locally on dios-macbook-air. Querying Tailscale mesh nodes...
✅ Philips SSD located on macmini-secondary (100.70.181.127) at: /Volumes/PHILIPS_SSD
=== 💾 PHILIPS SSD MULTI-NODE DISCOVERY & MOUNT UTILITY ===
Current Node: dios-macbook-air (Sun Aug 16 18:26:28 EEST 2026)
🔍 Discovered unmounted Philips SSD partition: disk4s1
Mounting diskutil mount disk4s1...
Volume KINGSTON on disk4s1 mounted
⚠️ Not found locally on dios-macbook-air. Querying Tailscale mesh nodes...
✅ Philips SSD located on macmini-secondary (100.70.181.127) at: /Volumes/PHILIPS_SSD
=== 💾 PHILIPS SSD MULTI-NODE DISCOVERY & MOUNT UTILITY ===
Current Node: dios-macbook-air (Sun Aug 16 18:31:30 EEST 2026)
🔍 Discovered unmounted Philips SSD partition: disk4s1
Mounting diskutil mount disk4s1...
Volume KINGSTON on disk4s1 mounted
⚠️ Not found locally on dios-macbook-air. Querying Tailscale mesh nodes...
✅ Philips SSD located on macmini-secondary (100.70.181.127) at: /Volumes/PHILIPS_SSD
=== 💾 PHILIPS SSD MULTI-NODE DISCOVERY & MOUNT UTILITY ===
Current Node: dios-macbook-air (Sun Aug 16 18:36:31 EEST 2026)
🔍 Discovered unmounted Philips SSD partition: disk4s1
Mounting diskutil mount disk4s1...
Volume KINGSTON on disk4s1 mounted
⚠️ Not found locally on dios-macbook-air. Querying Tailscale mesh nodes...
✅ Philips SSD located on macmini-secondary (100.70.181.127) at: /Volumes/PHILIPS_SSD
=== 💾 PHILIPS SSD MULTI-NODE DISCOVERY & MOUNT UTILITY ===
Current Node: dios-macbook-air (Sun Aug 16 18:41:33 EEST 2026)
🔍 Discovered unmounted Philips SSD partition: disk4s1
Mounting diskutil mount disk4s1...
Volume KINGSTON on disk4s1 mounted
⚠️ Not found locally on dios-macbook-air. Querying Tailscale mesh nodes...
✅ Philips SSD located on macmini-secondary (100.70.181.127) at: /Volumes/PHILIPS_SSD
=== 💾 PHILIPS SSD MULTI-NODE DISCOVERY & MOUNT UTILITY ===
Current Node: dios-macbook-air (Sun Aug 16 18:46:34 EEST 2026)
🔍 Discovered unmounted Philips SSD partition: disk4s1
Mounting diskutil mount disk4s1...
Volume KINGSTON on disk4s1 mounted
⚠️ Not found locally on dios-macbook-air. Querying Tailscale mesh nodes...
❌ Philips SSD drive not found on local or remote Tailscale nodes.
=== 💾 PHILIPS SSD MULTI-NODE DISCOVERY & MOUNT UTILITY ===
Current Node: dios-macbook-air (Sun Aug 16 18:51:40 EEST 2026)
🔍 Discovered unmounted Philips SSD partition: disk4s1
Mounting diskutil mount disk4s1...
Volume KINGSTON on disk4s1 mounted
⚠️ Not found locally on dios-macbook-air. Querying Tailscale mesh nodes...
✅ Philips SSD located on macmini-secondary (100.70.181.127) at: /Volumes/PHILIPS_SSD
=== 💾 PHILIPS SSD MULTI-NODE DISCOVERY & MOUNT UTILITY ===
Current Node: dios-macbook-air (Sun Aug 16 18:56:42 EEST 2026)
🔍 Discovered unmounted Philips SSD partition: disk4s1
Mounting diskutil mount disk4s1...
Volume KINGSTON on disk4s1 mounted
⚠️ Not found locally on dios-macbook-air. Querying Tailscale mesh nodes...
✅ Philips SSD located on macmini-secondary (100.70.181.127) at: /Volumes/PHILIPS_SSD
=== 💾 PHILIPS SSD MULTI-NODE DISCOVERY & MOUNT UTILITY ===
Current Node: dios-macbook-air (Sun Aug 16 19:01:44 EEST 2026)
🔍 Discovered unmounted Philips SSD partition: disk4s1
Mounting diskutil mount disk4s1...
Volume KINGSTON on disk4s1 mounted
⚠️ Not found locally on dios-macbook-air. Querying Tailscale mesh nodes...
✅ Philips SSD located on macmini-secondary (100.70.181.127) at: /Volumes/PHILIPS_SSD
=== 💾 PHILIPS SSD MULTI-NODE DISCOVERY & MOUNT UTILITY ===
Current Node: dios-macbook-air (Sun Aug 16 19:06:46 EEST 2026)
🔍 Discovered unmounted Philips SSD partition: disk4s1
Mounting diskutil mount disk4s1...
Volume KINGSTON on disk4s1 mounted
⚠️ Not found locally on dios-macbook-air. Querying Tailscale mesh nodes...
✅ Philips SSD located on macmini-secondary (100.70.181.127) at: /Volumes/PHILIPS_SSD
=== 💾 PHILIPS SSD MULTI-NODE DISCOVERY & MOUNT UTILITY ===
Current Node: dios-macbook-air (Sun Aug 16 19:11:47 EEST 2026)
🔍 Discovered unmounted Philips SSD partition: disk4s1
Mounting diskutil mount disk4s1...
Volume KINGSTON on disk4s1 mounted
⚠️ Not found locally on dios-macbook-air. Querying Tailscale mesh nodes...
✅ Philips SSD located on macmini-secondary (100.70.181.127) at: /Volumes/PHILIPS_SSD
=== 💾 PHILIPS SSD MULTI-NODE DISCOVERY & MOUNT UTILITY ===
Current Node: dios-macbook-air (Sun Aug 16 19:16:49 EEST 2026)
🔍 Discovered unmounted Philips SSD partition: disk4s1
Mounting diskutil mount disk4s1...
Volume KINGSTON on disk4s1 mounted
⚠️ Not found locally on dios-macbook-air. Querying Tailscale mesh nodes...
✅ Philips SSD located on macmini-secondary (100.70.181.127) at: /Volumes/PHILIPS_SSD
=== 💾 PHILIPS SSD MULTI-NODE DISCOVERY & MOUNT UTILITY ===
Current Node: dios-macbook-air (Sun Aug 16 19:21:51 EEST 2026)
🔍 Discovered unmounted Philips SSD partition: disk4s1
Mounting diskutil mount disk4s1...
Volume KINGSTON on disk4s1 mounted
⚠️ Not found locally on dios-macbook-air. Querying Tailscale mesh nodes...
✅ Philips SSD located on macmini-secondary (100.70.181.127) at: /Volumes/PHILIPS_SSD
=== 💾 PHILIPS SSD MULTI-NODE DISCOVERY & MOUNT UTILITY ===
Current Node: dios-macbook-air (Sun Aug 16 19:26:54 EEST 2026)
🔍 Discovered unmounted Philips SSD partition: disk4s1
Mounting diskutil mount disk4s1...
Volume KINGSTON on disk4s1 mounted
⚠️ Not found locally on dios-macbook-air. Querying Tailscale mesh nodes...
✅ Philips SSD located on macmini-secondary (100.70.181.127) at: /Volumes/PHILIPS_SSD
=== 💾 PHILIPS SSD MULTI-NODE DISCOVERY & MOUNT UTILITY ===
Current Node: dios-macbook-air (Sun Aug 16 19:31:55 EEST 2026)
🔍 Discovered unmounted Philips SSD partition: disk4s1
Mounting diskutil mount disk4s1...
Volume KINGSTON on disk4s1 mounted
⚠️ Not found locally on dios-macbook-air. Querying Tailscale mesh nodes...
✅ Philips SSD located on macmini-secondary (100.70.181.127) at: /Volumes/PHILIPS_SSD
=== 💾 PHILIPS SSD MULTI-NODE DISCOVERY & MOUNT UTILITY ===
Current Node: dios-macbook-air (Sun Aug 16 19:36:57 EEST 2026)
🔍 Discovered unmounted Philips SSD partition: disk4s1
Mounting diskutil mount disk4s1...
Volume KINGSTON on disk4s1 mounted
⚠️ Not found locally on dios-macbook-air. Querying Tailscale mesh nodes...
✅ Philips SSD located on macmini-secondary (100.70.181.127) at: /Volumes/PHILIPS_SSD
=== 💾 PHILIPS SSD MULTI-NODE DISCOVERY & MOUNT UTILITY ===
Current Node: dios-macbook-air (Sun Aug 16 19:42:02 EEST 2026)
🔍 Discovered unmounted Philips SSD partition: disk4s1
Mounting diskutil mount disk4s1...
Volume KINGSTON on disk4s1 mounted
⚠️ Not found locally on dios-macbook-air. Querying Tailscale mesh nodes...
✅ Philips SSD located on macmini-secondary (100.70.181.127) at: /Volumes/PHILIPS_SSD
=== 💾 PHILIPS SSD MULTI-NODE DISCOVERY & MOUNT UTILITY ===
Current Node: dios-macbook-air (Sun Aug 16 19:47:03 EEST 2026)
🔍 Discovered unmounted Philips SSD partition: disk4s1
Mounting diskutil mount disk4s1...
Volume KINGSTON on disk4s1 mounted
⚠️ Not found locally on dios-macbook-air. Querying Tailscale mesh nodes...
✅ Philips SSD located on macmini-secondary (100.70.181.127) at: /Volumes/PHILIPS_SSD
=== 💾 PHILIPS SSD MULTI-NODE DISCOVERY & MOUNT UTILITY ===
Current Node: dios-macbook-air (Sun Aug 16 19:52:05 EEST 2026)
🔍 Discovered unmounted Philips SSD partition: disk4s1
Mounting diskutil mount disk4s1...
Volume KINGSTON on disk4s1 mounted
⚠️ Not found locally on dios-macbook-air. Querying Tailscale mesh nodes...
✅ Philips SSD located on macmini-secondary (100.70.181.127) at: /Volumes/PHILIPS_SSD
=== 💾 PHILIPS SSD MULTI-NODE DISCOVERY & MOUNT UTILITY ===
Current Node: dios-macbook-air (Sun Aug 16 19:57:07 EEST 2026)
🔍 Discovered unmounted Philips SSD partition: disk4s1
Mounting diskutil mount disk4s1...
Volume KINGSTON on disk4s1 mounted
⚠️ Not found locally on dios-macbook-air. Querying Tailscale mesh nodes...
✅ Philips SSD located on macmini-secondary (100.70.181.127) at: /Volumes/PHILIPS_SSD
=== 💾 PHILIPS SSD MULTI-NODE DISCOVERY & MOUNT UTILITY ===
Current Node: dios-macbook-air (Sun Aug 16 20:02:09 EEST 2026)
🔍 Discovered unmounted Philips SSD partition: disk4s1
Mounting diskutil mount disk4s1...
Volume KINGSTON on disk4s1 mounted
⚠️ Not found locally on dios-macbook-air. Querying Tailscale mesh nodes...
✅ Philips SSD located on macmini-secondary (100.70.181.127) at: /Volumes/PHILIPS_SSD
=== 💾 PHILIPS SSD MULTI-NODE DISCOVERY & MOUNT UTILITY ===
Current Node: dios-macbook-air (Sun Aug 16 20:07:11 EEST 2026)
🔍 Discovered unmounted Philips SSD partition: disk4s1
Mounting diskutil mount disk4s1...
Volume KINGSTON on disk4s1 mounted
⚠️ Not found locally on dios-macbook-air. Querying Tailscale mesh nodes...
✅ Philips SSD located on macmini-secondary (100.70.181.127) at: /Volumes/PHILIPS_SSD
=== 💾 PHILIPS SSD MULTI-NODE DISCOVERY & MOUNT UTILITY ===
Current Node: dios-macbook-air (Sun Aug 16 20:12:13 EEST 2026)
🔍 Discovered unmounted Philips SSD partition: disk4s1
Mounting diskutil mount disk4s1...
Volume KINGSTON on disk4s1 mounted
⚠️ Not found locally on dios-macbook-air. Querying Tailscale mesh nodes...
✅ Philips SSD located on macmini-secondary (100.70.181.127) at: /Volumes/PHILIPS_SSD
=== 💾 PHILIPS SSD MULTI-NODE DISCOVERY & MOUNT UTILITY ===
Current Node: dios-macbook-air (Sun Aug 16 20:17:14 EEST 2026)
🔍 Discovered unmounted Philips SSD partition: disk4s1
Mounting diskutil mount disk4s1...
Volume KINGSTON on disk4s1 mounted
⚠️ Not found locally on dios-macbook-air. Querying Tailscale mesh nodes...
✅ Philips SSD located on macmini-secondary (100.70.181.127) at: /Volumes/PHILIPS_SSD
=== 💾 PHILIPS SSD MULTI-NODE DISCOVERY & MOUNT UTILITY ===
Current Node: dios-macbook-air (Sun Aug 16 20:22:16 EEST 2026)
🔍 Discovered unmounted Philips SSD partition: disk4s1
Mounting diskutil mount disk4s1...
Volume KINGSTON on disk4s1 mounted
⚠️ Not found locally on dios-macbook-air. Querying Tailscale mesh nodes...
✅ Philips SSD located on macmini-secondary (100.70.181.127) at: /Volumes/PHILIPS_SSD
=== 💾 PHILIPS SSD MULTI-NODE DISCOVERY & MOUNT UTILITY ===
Current Node: dios-macbook-air (Sun Aug 16 20:27:18 EEST 2026)
🔍 Discovered unmounted Philips SSD partition: disk4s1
Mounting diskutil mount disk4s1...
Volume KINGSTON on disk4s1 mounted
⚠️ Not found locally on dios-macbook-air. Querying Tailscale mesh nodes...
❌ Philips SSD drive not found on local or remote Tailscale nodes.
=== 💾 PHILIPS SSD MULTI-NODE DISCOVERY & MOUNT UTILITY ===
Current Node: dios-macbook-air (Sun Aug 16 20:32:20 EEST 2026)
🔍 Discovered unmounted Philips SSD partition: disk4s1
Mounting diskutil mount disk4s1...
Volume KINGSTON on disk4s1 mounted
⚠️ Not found locally on dios-macbook-air. Querying Tailscale mesh nodes...
❌ Philips SSD drive not found on local or remote Tailscale nodes.
=== 💾 PHILIPS SSD MULTI-NODE DISCOVERY & MOUNT UTILITY ===
Current Node: dios-macbook-air (Sun Aug 16 20:37:23 EEST 2026)
🔍 Discovered unmounted Philips SSD partition: disk4s1
Mounting diskutil mount disk4s1...
Volume KINGSTON on disk4s1 mounted
⚠️ Not found locally on dios-macbook-air. Querying Tailscale mesh nodes...
❌ Philips SSD drive not found on local or remote Tailscale nodes.
=== 💾 PHILIPS SSD MULTI-NODE DISCOVERY & MOUNT UTILITY ===
Current Node: dios-macbook-air (Sun Aug 16 20:42:25 EEST 2026)
🔍 Discovered unmounted Philips SSD partition: disk4s1
Mounting diskutil mount disk4s1...
Volume KINGSTON on disk4s1 mounted
⚠️ Not found locally on dios-macbook-air. Querying Tailscale mesh nodes...
❌ Philips SSD drive not found on local or remote Tailscale nodes.
=== 💾 PHILIPS SSD MULTI-NODE DISCOVERY & MOUNT UTILITY ===
Current Node: dios-macbook-air (Sun Aug 16 20:47:27 EEST 2026)
🔍 Discovered unmounted Philips SSD partition: disk4s1
Mounting diskutil mount disk4s1...
Volume KINGSTON on disk4s1 mounted
⚠️ Not found locally on dios-macbook-air. Querying Tailscale mesh nodes...
❌ Philips SSD drive not found on local or remote Tailscale nodes.
=== 💾 PHILIPS SSD MULTI-NODE DISCOVERY & MOUNT UTILITY ===
Current Node: dios-macbook-air (Sun Aug 16 20:52:30 EEST 2026)
🔍 Discovered unmounted Philips SSD partition: disk4s1
Mounting diskutil mount disk4s1...
Volume KINGSTON on disk4s1 mounted
⚠️ Not found locally on dios-macbook-air. Querying Tailscale mesh nodes...
❌ Philips SSD drive not found on local or remote Tailscale nodes.
=== 💾 PHILIPS SSD MULTI-NODE DISCOVERY & MOUNT UTILITY ===
Current Node: dios-macbook-air (Sun Aug 16 20:57:32 EEST 2026)
🔍 Discovered unmounted Philips SSD partition: disk4s1
Mounting diskutil mount disk4s1...
Volume KINGSTON on disk4s1 mounted
⚠️ Not found locally on dios-macbook-air. Querying Tailscale mesh nodes...
❌ Philips SSD drive not found on local or remote Tailscale nodes.
=== 💾 PHILIPS SSD MULTI-NODE DISCOVERY & MOUNT UTILITY ===
Current Node: dios-macbook-air (Sun Aug 16 21:02:35 EEST 2026)
🔍 Discovered unmounted Philips SSD partition: disk4s1
Mounting diskutil mount disk4s1...
Volume KINGSTON on disk4s1 mounted
⚠️ Not found locally on dios-macbook-air. Querying Tailscale mesh nodes...
❌ Philips SSD drive not found on local or remote Tailscale nodes.
=== 💾 PHILIPS SSD MULTI-NODE DISCOVERY & MOUNT UTILITY ===
Current Node: dios-macbook-air (Sun Aug 16 21:07:37 EEST 2026)
🔍 Discovered unmounted Philips SSD partition: disk4s1
Mounting diskutil mount disk4s1...
Volume KINGSTON on disk4s1 mounted
⚠️ Not found locally on dios-macbook-air. Querying Tailscale mesh nodes...
❌ Philips SSD drive not found on local or remote Tailscale nodes.
=== 💾 PHILIPS SSD MULTI-NODE DISCOVERY & MOUNT UTILITY ===
Current Node: dios-macbook-air (Sun Aug 16 21:12:39 EEST 2026)
🔍 Discovered unmounted Philips SSD partition: disk4s1
Mounting diskutil mount disk4s1...
Volume KINGSTON on disk4s1 mounted
⚠️ Not found locally on dios-macbook-air. Querying Tailscale mesh nodes...
❌ Philips SSD drive not found on local or remote Tailscale nodes.
=== 💾 PHILIPS SSD MULTI-NODE DISCOVERY & MOUNT UTILITY ===
Current Node: dios-macbook-air (Sun Aug 16 21:17:42 EEST 2026)
🔍 Discovered unmounted Philips SSD partition: disk4s1
Mounting diskutil mount disk4s1...
Volume KINGSTON on disk4s1 mounted
⚠️ Not found locally on dios-macbook-air. Querying Tailscale mesh nodes...
❌ Philips SSD drive not found on local or remote Tailscale nodes.
=== 💾 PHILIPS SSD MULTI-NODE DISCOVERY & MOUNT UTILITY ===
Current Node: dios-macbook-air (Sun Aug 16 21:22:44 EEST 2026)
🔍 Discovered unmounted Philips SSD partition: disk4s1
Mounting diskutil mount disk4s1...
Volume KINGSTON on disk4s1 mounted
⚠️ Not found locally on dios-macbook-air. Querying Tailscale mesh nodes...
❌ Philips SSD drive not found on local or remote Tailscale nodes.
=== 💾 PHILIPS SSD MULTI-NODE DISCOVERY & MOUNT UTILITY ===
Current Node: dios-macbook-air (Sun Aug 16 21:27:46 EEST 2026)
🔍 Discovered unmounted Philips SSD partition: disk4s1
Mounting diskutil mount disk4s1...
Volume KINGSTON on disk4s1 mounted
⚠️ Not found locally on dios-macbook-air. Querying Tailscale mesh nodes...
❌ Philips SSD drive not found on local or remote Tailscale nodes.
=== 💾 PHILIPS SSD MULTI-NODE DISCOVERY & MOUNT UTILITY ===
Current Node: dios-macbook-air (Sun Aug 16 21:32:49 EEST 2026)
🔍 Discovered unmounted Philips SSD partition: disk4s1
Mounting diskutil mount disk4s1...
Volume KINGSTON on disk4s1 mounted
⚠️ Not found locally on dios-macbook-air. Querying Tailscale mesh nodes...
❌ Philips SSD drive not found on local or remote Tailscale nodes.
=== 💾 PHILIPS SSD MULTI-NODE DISCOVERY & MOUNT UTILITY ===
Current Node: dios-macbook-air (Sun Aug 16 21:37:51 EEST 2026)
🔍 Discovered unmounted Philips SSD partition: disk4s1
Mounting diskutil mount disk4s1...
Volume KINGSTON on disk4s1 mounted
⚠️ Not found locally on dios-macbook-air. Querying Tailscale mesh nodes...
❌ Philips SSD drive not found on local or remote Tailscale nodes.
=== 💾 PHILIPS SSD MULTI-NODE DISCOVERY & MOUNT UTILITY ===
Current Node: dios-macbook-air (Sun Aug 16 21:42:54 EEST 2026)
🔍 Discovered unmounted Philips SSD partition: disk4s1
Mounting diskutil mount disk4s1...
Volume KINGSTON on disk4s1 mounted
⚠️ Not found locally on dios-macbook-air. Querying Tailscale mesh nodes...
❌ Philips SSD drive not found on local or remote Tailscale nodes.
=== 💾 PHILIPS SSD MULTI-NODE DISCOVERY & MOUNT UTILITY ===
Current Node: dios-macbook-air (Sun Aug 16 21:47:56 EEST 2026)
🔍 Discovered unmounted Philips SSD partition: disk4s1
Mounting diskutil mount disk4s1...
Volume KINGSTON on disk4s1 mounted
⚠️ Not found locally on dios-macbook-air. Querying Tailscale mesh nodes...
❌ Philips SSD drive not found on local or remote Tailscale nodes.
=== 💾 PHILIPS SSD MULTI-NODE DISCOVERY & MOUNT UTILITY ===
Current Node: dios-macbook-air (Sun Aug 16 21:52:58 EEST 2026)
🔍 Discovered unmounted Philips SSD partition: disk4s1
Mounting diskutil mount disk4s1...
Volume KINGSTON on disk4s1 mounted
⚠️ Not found locally on dios-macbook-air. Querying Tailscale mesh nodes...
❌ Philips SSD drive not found on local or remote Tailscale nodes.
=== 💾 PHILIPS SSD MULTI-NODE DISCOVERY & MOUNT UTILITY ===
Current Node: dios-macbook-air (Sun Aug 16 21:58:00 EEST 2026)
🔍 Discovered unmounted Philips SSD partition: disk4s1
Mounting diskutil mount disk4s1...
Volume KINGSTON on disk4s1 mounted
⚠️ Not found locally on dios-macbook-air. Querying Tailscale mesh nodes...
❌ Philips SSD drive not found on local or remote Tailscale nodes.
=== 💾 PHILIPS SSD MULTI-NODE DISCOVERY & MOUNT UTILITY ===
Current Node: dios-macbook-air (Sun Aug 16 22:03:03 EEST 2026)
🔍 Discovered unmounted Philips SSD partition: disk4s1
Mounting diskutil mount disk4s1...
Volume KINGSTON on disk4s1 mounted
⚠️ Not found locally on dios-macbook-air. Querying Tailscale mesh nodes...
❌ Philips SSD drive not found on local or remote Tailscale nodes.
=== 💾 PHILIPS SSD MULTI-NODE DISCOVERY & MOUNT UTILITY ===
Current Node: dios-macbook-air (Sun Aug 16 22:08:05 EEST 2026)
🔍 Discovered unmounted Philips SSD partition: disk4s1
Mounting diskutil mount disk4s1...
Volume KINGSTON on disk4s1 mounted
⚠️ Not found locally on dios-macbook-air. Querying Tailscale mesh nodes...
❌ Philips SSD drive not found on local or remote Tailscale nodes.
=== 💾 PHILIPS SSD MULTI-NODE DISCOVERY & MOUNT UTILITY ===
Current Node: dios-macbook-air (Sun Aug 16 22:13:07 EEST 2026)
🔍 Discovered unmounted Philips SSD partition: disk4s1
Mounting diskutil mount disk4s1...
Volume KINGSTON on disk4s1 mounted
⚠️ Not found locally on dios-macbook-air. Querying Tailscale mesh nodes...
❌ Philips SSD drive not found on local or remote Tailscale nodes.
=== 💾 PHILIPS SSD MULTI-NODE DISCOVERY & MOUNT UTILITY ===
Current Node: dios-macbook-air (Sun Aug 16 22:18:10 EEST 2026)
🔍 Discovered unmounted Philips SSD partition: disk4s1
Mounting diskutil mount disk4s1...
Volume KINGSTON on disk4s1 mounted
⚠️ Not found locally on dios-macbook-air. Querying Tailscale mesh nodes...
❌ Philips SSD drive not found on local or remote Tailscale nodes.
=== 💾 PHILIPS SSD MULTI-NODE DISCOVERY & MOUNT UTILITY ===
Current Node: dios-macbook-air (Sun Aug 16 22:23:12 EEST 2026)
🔍 Discovered unmounted Philips SSD partition: disk4s1
Mounting diskutil mount disk4s1...
Volume KINGSTON on disk4s1 mounted
⚠️ Not found locally on dios-macbook-air. Querying Tailscale mesh nodes...
❌ Philips SSD drive not found on local or remote Tailscale nodes.
=== 💾 PHILIPS SSD MULTI-NODE DISCOVERY & MOUNT UTILITY ===
Current Node: dios-macbook-air (Sun Aug 16 22:28:14 EEST 2026)
🔍 Discovered unmounted Philips SSD partition: disk4s1
Mounting diskutil mount disk4s1...
Volume KINGSTON on disk4s1 mounted
⚠️ Not found locally on dios-macbook-air. Querying Tailscale mesh nodes...
❌ Philips SSD drive not found on local or remote Tailscale nodes.
=== 💾 PHILIPS SSD MULTI-NODE DISCOVERY & MOUNT UTILITY ===
Current Node: dios-macbook-air (Sun Aug 16 22:33:17 EEST 2026)
🔍 Discovered unmounted Philips SSD partition: disk4s1
Mounting diskutil mount disk4s1...
Volume KINGSTON on disk4s1 mounted
⚠️ Not found locally on dios-macbook-air. Querying Tailscale mesh nodes...
❌ Philips SSD drive not found on local or remote Tailscale nodes.
=== 💾 PHILIPS SSD MULTI-NODE DISCOVERY & MOUNT UTILITY ===
Current Node: dios-macbook-air (Sun Aug 16 22:38:19 EEST 2026)
🔍 Discovered unmounted Philips SSD partition: disk4s1
Mounting diskutil mount disk4s1...
Volume KINGSTON on disk4s1 mounted
⚠️ Not found locally on dios-macbook-air. Querying Tailscale mesh nodes...
❌ Philips SSD drive not found on local or remote Tailscale nodes.
=== 💾 PHILIPS SSD MULTI-NODE DISCOVERY & MOUNT UTILITY ===
Current Node: dios-macbook-air (Sun Aug 16 22:43:22 EEST 2026)
🔍 Discovered unmounted Philips SSD partition: disk4s1
Mounting diskutil mount disk4s1...
Volume KINGSTON on disk4s1 mounted
⚠️ Not found locally on dios-macbook-air. Querying Tailscale mesh nodes...
❌ Philips SSD drive not found on local or remote Tailscale nodes.
=== 💾 PHILIPS SSD MULTI-NODE DISCOVERY & MOUNT UTILITY ===
Current Node: dios-macbook-air (Sun Aug 16 22:48:24 EEST 2026)
🔍 Discovered unmounted Philips SSD partition: disk4s1
Mounting diskutil mount disk4s1...
Volume KINGSTON on disk4s1 mounted
⚠️ Not found locally on dios-macbook-air. Querying Tailscale mesh nodes...
❌ Philips SSD drive not found on local or remote Tailscale nodes.
=== 💾 PHILIPS SSD MULTI-NODE DISCOVERY & MOUNT UTILITY ===
Current Node: dios-macbook-air (Sun Aug 16 22:53:26 EEST 2026)
🔍 Discovered unmounted Philips SSD partition: disk4s1
Mounting diskutil mount disk4s1...
Volume KINGSTON on disk4s1 mounted
⚠️ Not found locally on dios-macbook-air. Querying Tailscale mesh nodes...
❌ Philips SSD drive not found on local or remote Tailscale nodes.
=== 💾 PHILIPS SSD MULTI-NODE DISCOVERY & MOUNT UTILITY ===
Current Node: dios-macbook-air (Sun Aug 16 22:58:29 EEST 2026)
🔍 Discovered unmounted Philips SSD partition: disk4s1
Mounting diskutil mount disk4s1...
Volume KINGSTON on disk4s1 mounted
⚠️ Not found locally on dios-macbook-air. Querying Tailscale mesh nodes...
❌ Philips SSD drive not found on local or remote Tailscale nodes.
=== 💾 PHILIPS SSD MULTI-NODE DISCOVERY & MOUNT UTILITY ===
Current Node: dios-macbook-air (Sun Aug 16 23:03:31 EEST 2026)
🔍 Discovered unmounted Philips SSD partition: disk4s1
Mounting diskutil mount disk4s1...
Volume KINGSTON on disk4s1 mounted
⚠️ Not found locally on dios-macbook-air. Querying Tailscale mesh nodes...
❌ Philips SSD drive not found on local or remote Tailscale nodes.
=== 💾 PHILIPS SSD MULTI-NODE DISCOVERY & MOUNT UTILITY ===
Current Node: dios-macbook-air (Sun Aug 16 23:08:33 EEST 2026)
🔍 Discovered unmounted Philips SSD partition: disk4s1
Mounting diskutil mount disk4s1...
Volume KINGSTON on disk4s1 mounted
⚠️ Not found locally on dios-macbook-air. Querying Tailscale mesh nodes...
❌ Philips SSD drive not found on local or remote Tailscale nodes.
=== 💾 PHILIPS SSD MULTI-NODE DISCOVERY & MOUNT UTILITY ===
Current Node: dios-macbook-air (Sun Aug 16 23:13:36 EEST 2026)
🔍 Discovered unmounted Philips SSD partition: disk4s1
Mounting diskutil mount disk4s1...
Volume KINGSTON on disk4s1 mounted
⚠️ Not found locally on dios-macbook-air. Querying Tailscale mesh nodes...
❌ Philips SSD drive not found on local or remote Tailscale nodes.
=== 💾 PHILIPS SSD MULTI-NODE DISCOVERY & MOUNT UTILITY ===
Current Node: dios-macbook-air (Sun Aug 16 23:18:38 EEST 2026)
🔍 Discovered unmounted Philips SSD partition: disk4s1
Mounting diskutil mount disk4s1...
Volume KINGSTON on disk4s1 mounted
⚠️ Not found locally on dios-macbook-air. Querying Tailscale mesh nodes...
❌ Philips SSD drive not found on local or remote Tailscale nodes.
=== 💾 PHILIPS SSD MULTI-NODE DISCOVERY & MOUNT UTILITY ===
Current Node: dios-macbook-air (Sun Aug 16 23:23:41 EEST 2026)
🔍 Discovered unmounted Philips SSD partition: disk4s1
Mounting diskutil mount disk4s1...
Volume KINGSTON on disk4s1 mounted
⚠️ Not found locally on dios-macbook-air. Querying Tailscale mesh nodes...
❌ Philips SSD drive not found on local or remote Tailscale nodes.
=== 💾 PHILIPS SSD MULTI-NODE DISCOVERY & MOUNT UTILITY ===
Current Node: dios-macbook-air (Sun Aug 16 23:28:43 EEST 2026)
🔍 Discovered unmounted Philips SSD partition: disk4s1
Mounting diskutil mount disk4s1...
Volume KINGSTON on disk4s1 mounted
⚠️ Not found locally on dios-macbook-air. Querying Tailscale mesh nodes...
❌ Philips SSD drive not found on local or remote Tailscale nodes.
=== 💾 PHILIPS SSD MULTI-NODE DISCOVERY & MOUNT UTILITY ===
Current Node: dios-macbook-air (Sun Aug 16 23:33:45 EEST 2026)
🔍 Discovered unmounted Philips SSD partition: disk4s1
Mounting diskutil mount disk4s1...
Volume KINGSTON on disk4s1 mounted
⚠️ Not found locally on dios-macbook-air. Querying Tailscale mesh nodes...
❌ Philips SSD drive not found on local or remote Tailscale nodes.
=== 💾 PHILIPS SSD MULTI-NODE DISCOVERY & MOUNT UTILITY ===
Current Node: dios-macbook-air (Sun Aug 16 23:38:48 EEST 2026)
🔍 Discovered unmounted Philips SSD partition: disk4s1
Mounting diskutil mount disk4s1...
Volume KINGSTON on disk4s1 mounted
⚠️ Not found locally on dios-macbook-air. Querying Tailscale mesh nodes...
❌ Philips SSD drive not found on local or remote Tailscale nodes.
=== 💾 PHILIPS SSD MULTI-NODE DISCOVERY & MOUNT UTILITY ===
Current Node: dios-macbook-air (Sun Aug 16 23:43:50 EEST 2026)
🔍 Discovered unmounted Philips SSD partition: disk4s1
Mounting diskutil mount disk4s1...
Volume KINGSTON on disk4s1 mounted
⚠️ Not found locally on dios-macbook-air. Querying Tailscale mesh nodes...
❌ Philips SSD drive not found on local or remote Tailscale nodes.
=== 💾 PHILIPS SSD MULTI-NODE DISCOVERY & MOUNT UTILITY ===
Current Node: dios-macbook-air (Sun Aug 16 23:48:53 EEST 2026)
🔍 Discovered unmounted Philips SSD partition: disk4s1
Mounting diskutil mount disk4s1...
Volume KINGSTON on disk4s1 mounted
⚠️ Not found locally on dios-macbook-air. Querying Tailscale mesh nodes...
❌ Philips SSD drive not found on local or remote Tailscale nodes.
=== 💾 PHILIPS SSD MULTI-NODE DISCOVERY & MOUNT UTILITY ===
Current Node: dios-macbook-air (Sun Aug 16 23:53:55 EEST 2026)
🔍 Discovered unmounted Philips SSD partition: disk4s1
Mounting diskutil mount disk4s1...
Volume KINGSTON on disk4s1 mounted
⚠️ Not found locally on dios-macbook-air. Querying Tailscale mesh nodes...
❌ Philips SSD drive not found on local or remote Tailscale nodes.
=== 💾 PHILIPS SSD MULTI-NODE DISCOVERY & MOUNT UTILITY ===
Current Node: dios-macbook-air (Sun Aug 16 23:58:57 EEST 2026)
🔍 Discovered unmounted Philips SSD partition: disk4s1
Mounting diskutil mount disk4s1...
Volume KINGSTON on disk4s1 mounted
⚠️ Not found locally on dios-macbook-air. Querying Tailscale mesh nodes...
✅ Philips SSD located on macmini-secondary (100.70.181.127) at: /Volumes/PHILIPS_SSD
=== 💾 PHILIPS SSD MULTI-NODE DISCOVERY & MOUNT UTILITY ===
Current Node: dios-macbook-air (Mon Aug 17 00:03:59 EEST 2026)
🔍 Discovered unmounted Philips SSD partition: disk4s1
Mounting diskutil mount disk4s1...
Volume KINGSTON on disk4s1 mounted
⚠️ Not found locally on dios-macbook-air. Querying Tailscale mesh nodes...
✅ Philips SSD located on macmini-secondary (100.70.181.127) at: /Volumes/PHILIPS_SSD
=== 💾 PHILIPS SSD MULTI-NODE DISCOVERY & MOUNT UTILITY ===
Current Node: dios-macbook-air (Mon Aug 17 00:09:01 EEST 2026)
🔍 Discovered unmounted Philips SSD partition: disk4s1
Mounting diskutil mount disk4s1...
Volume KINGSTON on disk4s1 mounted
⚠️ Not found locally on dios-macbook-air. Querying Tailscale mesh nodes...
❌ Philips SSD drive not found on local or remote Tailscale nodes.
=== 💾 PHILIPS SSD MULTI-NODE DISCOVERY & MOUNT UTILITY ===
Current Node: dios-macbook-air (Mon Aug 17 00:14:03 EEST 2026)
🔍 Discovered unmounted Philips SSD partition: disk4s1
Mounting diskutil mount disk4s1...
Volume KINGSTON on disk4s1 mounted
⚠️ Not found locally on dios-macbook-air. Querying Tailscale mesh nodes...
✅ Philips SSD located on macmini-secondary (100.70.181.127) at: /Volumes/PHILIPS_SSD
=== 💾 PHILIPS SSD MULTI-NODE DISCOVERY & MOUNT UTILITY ===
Current Node: dios-macbook-air (Mon Aug 17 00:19:05 EEST 2026)
🔍 Discovered unmounted Philips SSD partition: disk4s1
Mounting diskutil mount disk4s1...
Volume KINGSTON on disk4s1 mounted
⚠️ Not found locally on dios-macbook-air. Querying Tailscale mesh nodes...
✅ Philips SSD located on macmini-secondary (100.70.181.127) at: /Volumes/PHILIPS_SSD
=== 💾 PHILIPS SSD MULTI-NODE DISCOVERY & MOUNT UTILITY ===
Current Node: dios-macbook-air (Mon Aug 17 00:19:56 EEST 2026)
⚠️ Not found locally on dios-macbook-air. Querying Tailscale mesh nodes...
❌ Philips SSD drive not found on local or remote Tailscale nodes.
=== 💾 PHILIPS SSD MULTI-NODE DISCOVERY & MOUNT UTILITY ===
Current Node: dios-macbook-air (Mon Aug 17 00:40:19 EEST 2026)
🔍 Discovered unmounted Philips SSD partition: disk4s1
Mounting diskutil mount disk4s1...
Volume KINGSTON on disk4s1 mounted
⚠️ Not found locally on dios-macbook-air. Querying Tailscale mesh nodes...
❌ Philips SSD drive not found on local or remote Tailscale nodes.
=== 💾 PHILIPS SSD MULTI-NODE DISCOVERY & MOUNT UTILITY ===
Current Node: dios-macbook-air (Mon Aug 17 00:49:36 EEST 2026)
🔍 Discovered unmounted Philips SSD partition: disk4s1
Mounting diskutil mount disk4s1...
Volume KINGSTON on disk4s1 mounted
⚠️ Not found locally on dios-macbook-air. Querying Tailscale mesh nodes...
❌ Philips SSD drive not found on local or remote Tailscale nodes.
=== 💾 PHILIPS SSD MULTI-NODE DISCOVERY & MOUNT UTILITY ===
Current Node: dios-macbook-air (Mon Aug 17 01:57:58 EEST 2026)
🔍 Discovered unmounted Philips SSD partition: disk4s1
Mounting diskutil mount disk4s1...
Volume KINGSTON on disk4s1 mounted
⚠️ Not found locally on dios-macbook-air. Querying Tailscale mesh nodes...
❌ Philips SSD drive not found on local or remote Tailscale nodes.
=== 💾 PHILIPS SSD MULTI-NODE DISCOVERY & MOUNT UTILITY ===
Current Node: dios-macbook-air (Mon Aug 17 03:09:48 EEST 2026)
🔍 Discovered unmounted Philips SSD partition: disk4s1
Mounting diskutil mount disk4s1...
Volume KINGSTON on disk4s1 mounted
⚠️ Not found locally on dios-macbook-air. Querying Tailscale mesh nodes...
❌ Philips SSD drive not found on local or remote Tailscale nodes.
=== 💾 PHILIPS SSD MULTI-NODE DISCOVERY & MOUNT UTILITY ===
Current Node: dios-macbook-air (Mon Aug 17 05:07:07 EEST 2026)
🔍 Discovered unmounted Philips SSD partition: disk4s1
Mounting diskutil mount disk4s1...
Volume KINGSTON on disk4s1 mounted
⚠️ Not found locally on dios-macbook-air. Querying Tailscale mesh nodes...
❌ Philips SSD drive not found on local or remote Tailscale nodes.
=== 💾 PHILIPS SSD MULTI-NODE DISCOVERY & MOUNT UTILITY ===
Current Node: dios-macbook-air (Mon Aug 17 06:34:17 EEST 2026)
🔍 Discovered unmounted Philips SSD partition: disk4s1
Mounting diskutil mount disk4s1...
Volume KINGSTON on disk4s1 mounted
⚠️ Not found locally on dios-macbook-air. Querying Tailscale mesh nodes...
❌ Philips SSD drive not found on local or remote Tailscale nodes.
=== 💾 PHILIPS SSD MULTI-NODE DISCOVERY & MOUNT UTILITY ===
Current Node: dios-macbook-air (Mon Aug 17 07:44:26 EEST 2026)
🔍 Discovered unmounted Philips SSD partition: disk4s1
Mounting diskutil mount disk4s1...
Volume KINGSTON on disk4s1 mounted
⚠️ Not found locally on dios-macbook-air. Querying Tailscale mesh nodes...
❌ Philips SSD drive not found on local or remote Tailscale nodes.
=== 💾 PHILIPS SSD MULTI-NODE DISCOVERY & MOUNT UTILITY ===
Current Node: dios-macbook-air (Mon Aug 17 09:03:40 EEST 2026)
🔍 Discovered unmounted Philips SSD partition: disk4s1
Mounting diskutil mount disk4s1...
Volume KINGSTON on disk4s1 mounted
⚠️ Not found locally on dios-macbook-air. Querying Tailscale mesh nodes...
❌ Philips SSD drive not found on local or remote Tailscale nodes.
=== 💾 PHILIPS SSD MULTI-NODE DISCOVERY & MOUNT UTILITY ===
Current Node: dios-macbook-air (Mon Aug 17 10:39:05 EEST 2026)
🔍 Discovered unmounted Philips SSD partition: disk4s1
Mounting diskutil mount disk4s1...
Volume KINGSTON on disk4s1 mounted
⚠️ Not found locally on dios-macbook-air. Querying Tailscale mesh nodes...
❌ Philips SSD drive not found on local or remote Tailscale nodes.
=== 💾 PHILIPS SSD MULTI-NODE DISCOVERY & MOUNT UTILITY ===
Current Node: dios-macbook-air (Mon Aug 17 11:53:44 EEST 2026)
🔍 Discovered unmounted Philips SSD partition: disk4s1
Mounting diskutil mount disk4s1...
Volume KINGSTON on disk4s1 mounted
⚠️ Not found locally on dios-macbook-air. Querying Tailscale mesh nodes...
❌ Philips SSD drive not found on local or remote Tailscale nodes.
=== 💾 PHILIPS SSD MULTI-NODE DISCOVERY & MOUNT UTILITY ===
Current Node: dios-macbook-air (Mon Aug 17 12:25:31 EEST 2026)
🔍 Discovered unmounted Philips SSD partition: disk4s1
Mounting diskutil mount disk4s1...
Volume KINGSTON on disk4s1 mounted
⚠️ Not found locally on dios-macbook-air. Querying Tailscale mesh nodes...
❌ Philips SSD drive not found on local or remote Tailscale nodes.
=== 💾 PHILIPS SSD MULTI-NODE DISCOVERY & MOUNT UTILITY ===
Current Node: dios-macbook-air (Mon Aug 17 13:29:03 EEST 2026)
🔍 Discovered unmounted Philips SSD partition: disk4s1
Mounting diskutil mount disk4s1...
Volume KINGSTON on disk4s1 mounted
⚠️ Not found locally on dios-macbook-air. Querying Tailscale mesh nodes...
❌ Philips SSD drive not found on local or remote Tailscale nodes.
=== 💾 PHILIPS SSD MULTI-NODE DISCOVERY & MOUNT UTILITY ===
Current Node: dios-macbook-air (Mon Aug 17 13:34:05 EEST 2026)
🔍 Discovered unmounted Philips SSD partition: disk4s1
Mounting diskutil mount disk4s1...
Volume KINGSTON on disk4s1 mounted
⚠️ Not found locally on dios-macbook-air. Querying Tailscale mesh nodes...
❌ Philips SSD drive not found on local or remote Tailscale nodes.
=== 💾 PHILIPS SSD MULTI-NODE DISCOVERY & MOUNT UTILITY ===
Current Node: dios-macbook-air (Mon Aug 17 13:39:07 EEST 2026)
🔍 Discovered unmounted Philips SSD partition: disk4s1
Mounting diskutil mount disk4s1...
Volume KINGSTON on disk4s1 mounted
⚠️ Not found locally on dios-macbook-air. Querying Tailscale mesh nodes...
✅ Philips SSD located on macmini-secondary (100.70.181.127) at: /Volumes/PHILIPS_SSD
=== 💾 PHILIPS SSD MULTI-NODE DISCOVERY & MOUNT UTILITY ===
Current Node: dios-macbook-air (Mon Aug 17 13:44:09 EEST 2026)
🔍 Discovered unmounted Philips SSD partition: disk4s1
Mounting diskutil mount disk4s1...
Volume KINGSTON on disk4s1 mounted
⚠️ Not found locally on dios-macbook-air. Querying Tailscale mesh nodes...
✅ Philips SSD located on macmini-secondary (100.70.181.127) at: /Volumes/PHILIPS_SSD
=== 💾 PHILIPS SSD MULTI-NODE DISCOVERY & MOUNT UTILITY ===
Current Node: dios-macbook-air (Mon Aug 17 13:49:11 EEST 2026)
🔍 Discovered unmounted Philips SSD partition: disk4s1
Mounting diskutil mount disk4s1...
Volume KINGSTON on disk4s1 mounted
⚠️ Not found locally on dios-macbook-air. Querying Tailscale mesh nodes...
✅ Philips SSD located on macmini-secondary (100.70.181.127) at: /Volumes/PHILIPS_SSD
=== 💾 PHILIPS SSD MULTI-NODE DISCOVERY & MOUNT UTILITY ===
Current Node: dios-macbook-air (Mon Aug 17 13:54:13 EEST 2026)
🔍 Discovered unmounted Philips SSD partition: disk4s1
Mounting diskutil mount disk4s1...
Volume KINGSTON on disk4s1 mounted
⚠️ Not found locally on dios-macbook-air. Querying Tailscale mesh nodes...
✅ Philips SSD located on macmini-secondary (100.70.181.127) at: /Volumes/PHILIPS_SSD
=== 💾 PHILIPS SSD MULTI-NODE DISCOVERY & MOUNT UTILITY ===
Current Node: dios-macbook-air (Mon Aug 17 13:59:15 EEST 2026)
🔍 Discovered unmounted Philips SSD partition: disk4s1
Mounting diskutil mount disk4s1...
Volume KINGSTON on disk4s1 mounted
⚠️ Not found locally on dios-macbook-air. Querying Tailscale mesh nodes...
✅ Philips SSD located on macmini-secondary (100.70.181.127) at: /Volumes/PHILIPS_SSD
=== 💾 PHILIPS SSD MULTI-NODE DISCOVERY & MOUNT UTILITY ===
Current Node: dios-macbook-air (Mon Aug 17 14:04:17 EEST 2026)
🔍 Discovered unmounted Philips SSD partition: disk4s1
Mounting diskutil mount disk4s1...
Volume KINGSTON on disk4s1 mounted
⚠️ Not found locally on dios-macbook-air. Querying Tailscale mesh nodes...
✅ Philips SSD located on macmini-secondary (100.70.181.127) at: /Volumes/PHILIPS_SSD
=== 💾 PHILIPS SSD MULTI-NODE DISCOVERY & MOUNT UTILITY ===
Current Node: dios-macbook-air (Mon Aug 17 14:09:19 EEST 2026)
🔍 Discovered unmounted Philips SSD partition: disk4s1
Mounting diskutil mount disk4s1...
Volume KINGSTON on disk4s1 mounted
⚠️ Not found locally on dios-macbook-air. Querying Tailscale mesh nodes...
✅ Philips SSD located on macmini-secondary (100.70.181.127) at: /Volumes/PHILIPS_SSD
=== 💾 PHILIPS SSD MULTI-NODE DISCOVERY & MOUNT UTILITY ===
Current Node: dios-macbook-air (Mon Aug 17 14:14:21 EEST 2026)
🔍 Discovered unmounted Philips SSD partition: disk4s1
Mounting diskutil mount disk4s1...
Volume KINGSTON on disk4s1 mounted
⚠️ Not found locally on dios-macbook-air. Querying Tailscale mesh nodes...
✅ Philips SSD located on macmini-secondary (100.70.181.127) at: /Volumes/PHILIPS_SSD
=== 💾 PHILIPS SSD MULTI-NODE DISCOVERY & MOUNT UTILITY ===
Current Node: dios-macbook-air (Mon Aug 17 14:19:24 EEST 2026)
🔍 Discovered unmounted Philips SSD partition: disk4s1
Mounting diskutil mount disk4s1...
Volume KINGSTON on disk4s1 mounted
⚠️ Not found locally on dios-macbook-air. Querying Tailscale mesh nodes...
✅ Philips SSD located on macmini-secondary (100.70.181.127) at: /Volumes/PHILIPS_SSD
=== 💾 PHILIPS SSD MULTI-NODE DISCOVERY & MOUNT UTILITY ===
Current Node: dios-macbook-air (Mon Aug 17 14:24:26 EEST 2026)
🔍 Discovered unmounted Philips SSD partition: disk4s1
Mounting diskutil mount disk4s1...
Volume KINGSTON on disk4s1 mounted
⚠️ Not found locally on dios-macbook-air. Querying Tailscale mesh nodes...
✅ Philips SSD located on macmini-secondary (100.70.181.127) at: /Volumes/PHILIPS_SSD
=== 💾 PHILIPS SSD MULTI-NODE DISCOVERY & MOUNT UTILITY ===
Current Node: dios-macbook-air (Mon Aug 17 14:29:29 EEST 2026)
🔍 Discovered unmounted Philips SSD partition: disk4s1
Mounting diskutil mount disk4s1...
Volume KINGSTON on disk4s1 mounted
⚠️ Not found locally on dios-macbook-air. Querying Tailscale mesh nodes...
✅ Philips SSD located on macmini-secondary (100.70.181.127) at: /Volumes/PHILIPS_SSD
=== 💾 PHILIPS SSD MULTI-NODE DISCOVERY & MOUNT UTILITY ===
Current Node: dios-macbook-air (Mon Aug 17 14:34:31 EEST 2026)
🔍 Discovered unmounted Philips SSD partition: disk4s1
Mounting diskutil mount disk4s1...
Volume KINGSTON on disk4s1 mounted
⚠️ Not found locally on dios-macbook-air. Querying Tailscale mesh nodes...
✅ Philips SSD located on macmini-secondary (100.70.181.127) at: /Volumes/PHILIPS_SSD
=== 💾 PHILIPS SSD MULTI-NODE DISCOVERY & MOUNT UTILITY ===
Current Node: dios-macbook-air (Mon Aug 17 14:39:34 EEST 2026)
🔍 Discovered unmounted Philips SSD partition: disk4s1
Mounting diskutil mount disk4s1...
Volume KINGSTON on disk4s1 mounted
⚠️ Not found locally on dios-macbook-air. Querying Tailscale mesh nodes...
✅ Philips SSD located on macmini-secondary (100.70.181.127) at: /Volumes/PHILIPS_SSD
=== 💾 PHILIPS SSD MULTI-NODE DISCOVERY & MOUNT UTILITY ===
Current Node: dios-macbook-air (Mon Aug 17 14:44:35 EEST 2026)
🔍 Discovered unmounted Philips SSD partition: disk4s1
Mounting diskutil mount disk4s1...
Volume KINGSTON on disk4s1 mounted
⚠️ Not found locally on dios-macbook-air. Querying Tailscale mesh nodes...
✅ Philips SSD located on macmini-secondary (100.70.181.127) at: /Volumes/PHILIPS_SSD
=== 💾 PHILIPS SSD MULTI-NODE DISCOVERY & MOUNT UTILITY ===
Current Node: dios-macbook-air (Mon Aug 17 14:49:37 EEST 2026)
🔍 Discovered unmounted Philips SSD partition: disk4s1
Mounting diskutil mount disk4s1...
Volume KINGSTON on disk4s1 mounted
⚠️ Not found locally on dios-macbook-air. Querying Tailscale mesh nodes...
✅ Philips SSD located on macmini-secondary (100.70.181.127) at: /Volumes/PHILIPS_SSD
=== 💾 PHILIPS SSD MULTI-NODE DISCOVERY & MOUNT UTILITY ===
Current Node: dios-macbook-air (Mon Aug 17 14:54:40 EEST 2026)
🔍 Discovered unmounted Philips SSD partition: disk4s1
Mounting diskutil mount disk4s1...
Volume KINGSTON on disk4s1 mounted
⚠️ Not found locally on dios-macbook-air. Querying Tailscale mesh nodes...
✅ Philips SSD located on macmini-secondary (100.70.181.127) at: /Volumes/PHILIPS_SSD
=== 💾 PHILIPS SSD MULTI-NODE DISCOVERY & MOUNT UTILITY ===
Current Node: dios-macbook-air (Mon Aug 17 14:59:42 EEST 2026)
🔍 Discovered unmounted Philips SSD partition: disk4s1
Mounting diskutil mount disk4s1...
Volume KINGSTON on disk4s1 mounted
⚠️ Not found locally on dios-macbook-air. Querying Tailscale mesh nodes...
✅ Philips SSD located on macmini-secondary (100.70.181.127) at: /Volumes/PHILIPS_SSD
=== 💾 PHILIPS SSD MULTI-NODE DISCOVERY & MOUNT UTILITY ===
Current Node: dios-macbook-air (Mon Aug 17 15:04:44 EEST 2026)
🔍 Discovered unmounted Philips SSD partition: disk4s1
Mounting diskutil mount disk4s1...
Volume KINGSTON on disk4s1 mounted
⚠️ Not found locally on dios-macbook-air. Querying Tailscale mesh nodes...
✅ Philips SSD located on macmini-secondary (100.70.181.127) at: /Volumes/PHILIPS_SSD
=== 💾 PHILIPS SSD MULTI-NODE DISCOVERY & MOUNT UTILITY ===
Current Node: dios-macbook-air (Mon Aug 17 15:09:46 EEST 2026)
🔍 Discovered unmounted Philips SSD partition: disk4s1
Mounting diskutil mount disk4s1...
Volume KINGSTON on disk4s1 mounted
⚠️ Not found locally on dios-macbook-air. Querying Tailscale mesh nodes...
✅ Philips SSD located on macmini-secondary (100.70.181.127) at: /Volumes/PHILIPS_SSD
=== 💾 PHILIPS SSD MULTI-NODE DISCOVERY & MOUNT UTILITY ===
Current Node: dios-macbook-air (Mon Aug 17 15:14:48 EEST 2026)
🔍 Discovered unmounted Philips SSD partition: disk4s1
Mounting diskutil mount disk4s1...
Volume KINGSTON on disk4s1 mounted
⚠️ Not found locally on dios-macbook-air. Querying Tailscale mesh nodes...
❌ Philips SSD drive not found on local or remote Tailscale nodes.
=== 💾 PHILIPS SSD MULTI-NODE DISCOVERY & MOUNT UTILITY ===
Current Node: dios-macbook-air (Mon Aug 17 15:19:51 EEST 2026)
🔍 Discovered unmounted Philips SSD partition: disk4s1
Mounting diskutil mount disk4s1...
Volume KINGSTON on disk4s1 mounted
⚠️ Not found locally on dios-macbook-air. Querying Tailscale mesh nodes...
✅ Philips SSD located on macmini-secondary (100.70.181.127) at: /Volumes/PHILIPS_SSD
=== 💾 PHILIPS SSD MULTI-NODE DISCOVERY & MOUNT UTILITY ===
Current Node: dios-macbook-air (Mon Aug 17 15:24:53 EEST 2026)
🔍 Discovered unmounted Philips SSD partition: disk4s1
Mounting diskutil mount disk4s1...
Volume KINGSTON on disk4s1 mounted
⚠️ Not found locally on dios-macbook-air. Querying Tailscale mesh nodes...
✅ Philips SSD located on macmini-secondary (100.70.181.127) at: /Volumes/PHILIPS_SSD
=== 💾 PHILIPS SSD MULTI-NODE DISCOVERY & MOUNT UTILITY ===
Current Node: dios-macbook-air (Mon Aug 17 15:29:55 EEST 2026)
🔍 Discovered unmounted Philips SSD partition: disk4s1
Mounting diskutil mount disk4s1...
Volume KINGSTON on disk4s1 mounted
⚠️ Not found locally on dios-macbook-air. Querying Tailscale mesh nodes...
✅ Philips SSD located on macmini-secondary (100.70.181.127) at: /Volumes/PHILIPS_SSD
=== 💾 PHILIPS SSD MULTI-NODE DISCOVERY & MOUNT UTILITY ===
Current Node: dios-macbook-air (Mon Aug 17 15:50:13 EEST 2026)
🔍 Discovered unmounted Philips SSD partition: disk4s1
Mounting diskutil mount disk4s1...
Volume KINGSTON on disk4s1 mounted
⚠️ Not found locally on dios-macbook-air. Querying Tailscale mesh nodes...
✅ Philips SSD located on macmini-secondary (100.70.181.127) at: /Volumes/PHILIPS_SSD
=== 💾 PHILIPS SSD MULTI-NODE DISCOVERY & MOUNT UTILITY ===
Current Node: dios-macbook-air (Mon Aug 17 15:55:16 EEST 2026)
🔍 Discovered unmounted Philips SSD partition: disk4s1
Mounting diskutil mount disk4s1...
Volume KINGSTON on disk4s1 mounted
⚠️ Not found locally on dios-macbook-air. Querying Tailscale mesh nodes...
✅ Philips SSD located on macmini-secondary (100.70.181.127) at: /Volumes/PHILIPS_SSD
=== 💾 PHILIPS SSD MULTI-NODE DISCOVERY & MOUNT UTILITY ===
Current Node: dios-macbook-air (Mon Aug 17 16:00:17 EEST 2026)
🔍 Discovered unmounted Philips SSD partition: disk4s1
Mounting diskutil mount disk4s1...
Volume KINGSTON on disk4s1 mounted
⚠️ Not found locally on dios-macbook-air. Querying Tailscale mesh nodes...
✅ Philips SSD located on macmini-secondary (100.70.181.127) at: /Volumes/PHILIPS_SSD
=== 💾 PHILIPS SSD MULTI-NODE DISCOVERY & MOUNT UTILITY ===
Current Node: dios-macbook-air (Mon Aug 17 16:05:20 EEST 2026)
🔍 Discovered unmounted Philips SSD partition: disk4s1
Mounting diskutil mount disk4s1...
Volume KINGSTON on disk4s1 mounted
⚠️ Not found locally on dios-macbook-air. Querying Tailscale mesh nodes...
✅ Philips SSD located on macmini-secondary (100.70.181.127) at: /Volumes/PHILIPS_SSD
=== 💾 PHILIPS SSD MULTI-NODE DISCOVERY & MOUNT UTILITY ===
Current Node: dios-macbook-air (Mon Aug 17 16:10:21 EEST 2026)
🔍 Discovered unmounted Philips SSD partition: disk4s1
Mounting diskutil mount disk4s1...
Volume KINGSTON on disk4s1 mounted
⚠️ Not found locally on dios-macbook-air. Querying Tailscale mesh nodes...
✅ Philips SSD located on macmini-secondary (100.70.181.127) at: /Volumes/PHILIPS_SSD
=== 💾 PHILIPS SSD MULTI-NODE DISCOVERY & MOUNT UTILITY ===
Current Node: dios-macbook-air (Mon Aug 17 16:15:23 EEST 2026)
🔍 Discovered unmounted Philips SSD partition: disk4s1
Mounting diskutil mount disk4s1...
Volume KINGSTON on disk4s1 mounted
⚠️ Not found locally on dios-macbook-air. Querying Tailscale mesh nodes...
✅ Philips SSD located on macmini-secondary (100.70.181.127) at: /Volumes/PHILIPS_SSD
=== 💾 PHILIPS SSD MULTI-NODE DISCOVERY & MOUNT UTILITY ===
Current Node: dios-macbook-air (Mon Aug 17 16:20:25 EEST 2026)
🔍 Discovered unmounted Philips SSD partition: disk4s1
Mounting diskutil mount disk4s1...
Volume KINGSTON on disk4s1 mounted
⚠️ Not found locally on dios-macbook-air. Querying Tailscale mesh nodes...
✅ Philips SSD located on macmini-secondary (100.70.181.127) at: /Volumes/PHILIPS_SSD
=== 💾 PHILIPS SSD MULTI-NODE DISCOVERY & MOUNT UTILITY ===
Current Node: dios-macbook-air (Mon Aug 17 16:25:28 EEST 2026)
🔍 Discovered unmounted Philips SSD partition: disk4s1
Mounting diskutil mount disk4s1...
Volume KINGSTON on disk4s1 mounted
⚠️ Not found locally on dios-macbook-air. Querying Tailscale mesh nodes...
✅ Philips SSD located on macmini-secondary (100.70.181.127) at: /Volumes/PHILIPS_SSD
=== 💾 PHILIPS SSD MULTI-NODE DISCOVERY & MOUNT UTILITY ===
Current Node: dios-macbook-air (Mon Aug 17 16:30:30 EEST 2026)
🔍 Discovered unmounted Philips SSD partition: disk4s1
Mounting diskutil mount disk4s1...
Volume KINGSTON on disk4s1 mounted
⚠️ Not found locally on dios-macbook-air. Querying Tailscale mesh nodes...
❌ Philips SSD drive not found on local or remote Tailscale nodes.
=== 💾 PHILIPS SSD MULTI-NODE DISCOVERY & MOUNT UTILITY ===
Current Node: dios-macbook-air (Mon Aug 17 16:35:32 EEST 2026)
🔍 Discovered unmounted Philips SSD partition: disk4s1
Mounting diskutil mount disk4s1...
Volume KINGSTON on disk4s1 mounted
⚠️ Not found locally on dios-macbook-air. Querying Tailscale mesh nodes...
✅ Philips SSD located on macmini-secondary (100.70.181.127) at: /Volumes/PHILIPS_SSD
=== 💾 PHILIPS SSD MULTI-NODE DISCOVERY & MOUNT UTILITY ===
Current Node: dios-macbook-air (Mon Aug 17 16:40:33 EEST 2026)
🔍 Discovered unmounted Philips SSD partition: disk4s1
Mounting diskutil mount disk4s1...
Volume KINGSTON on disk4s1 mounted
⚠️ Not found locally on dios-macbook-air. Querying Tailscale mesh nodes...
✅ Philips SSD located on macmini-secondary (100.70.181.127) at: /Volumes/PHILIPS_SSD
=== 💾 PHILIPS SSD MULTI-NODE DISCOVERY & MOUNT UTILITY ===
Current Node: dios-macbook-air (Mon Aug 17 16:45:34 EEST 2026)
🔍 Discovered unmounted Philips SSD partition: disk4s1
Mounting diskutil mount disk4s1...
Volume KINGSTON on disk4s1 mounted
⚠️ Not found locally on dios-macbook-air. Querying Tailscale mesh nodes...
✅ Philips SSD located on macmini-secondary (100.70.181.127) at: /Volumes/PHILIPS_SSD
=== 💾 PHILIPS SSD MULTI-NODE DISCOVERY & MOUNT UTILITY ===
Current Node: dios-macbook-air (Mon Aug 17 16:50:36 EEST 2026)
🔍 Discovered unmounted Philips SSD partition: disk4s1
Mounting diskutil mount disk4s1...
Volume KINGSTON on disk4s1 mounted
⚠️ Not found locally on dios-macbook-air. Querying Tailscale mesh nodes...
✅ Philips SSD located on macmini-secondary (100.70.181.127) at: /Volumes/PHILIPS_SSD
=== 💾 PHILIPS SSD MULTI-NODE DISCOVERY & MOUNT UTILITY ===
Current Node: dios-macbook-air (Mon Aug 17 16:55:37 EEST 2026)
🔍 Discovered unmounted Philips SSD partition: disk4s1
Mounting diskutil mount disk4s1...
Volume KINGSTON on disk4s1 mounted
⚠️ Not found locally on dios-macbook-air. Querying Tailscale mesh nodes...
✅ Philips SSD located on macmini-secondary (100.70.181.127) at: /Volumes/PHILIPS_SSD
=== 💾 PHILIPS SSD MULTI-NODE DISCOVERY & MOUNT UTILITY ===
Current Node: dios-macbook-air (Mon Aug 17 17:00:38 EEST 2026)
🔍 Discovered unmounted Philips SSD partition: disk4s1
Mounting diskutil mount disk4s1...
Volume KINGSTON on disk4s1 mounted
⚠️ Not found locally on dios-macbook-air. Querying Tailscale mesh nodes...
❌ Philips SSD drive not found on local or remote Tailscale nodes.
=== 💾 PHILIPS SSD MULTI-NODE DISCOVERY & MOUNT UTILITY ===
Current Node: dios-macbook-air (Mon Aug 17 17:05:50 EEST 2026)
🔍 Discovered unmounted Philips SSD partition: disk4s1
Mounting diskutil mount disk4s1...
Volume KINGSTON on disk4s1 mounted
⚠️ Not found locally on dios-macbook-air. Querying Tailscale mesh nodes...
❌ Philips SSD drive not found on local or remote Tailscale nodes.
=== 💾 PHILIPS SSD MULTI-NODE DISCOVERY & MOUNT UTILITY ===
Current Node: dios-macbook-air (Mon Aug 17 17:10:52 EEST 2026)
🔍 Discovered unmounted Philips SSD partition: disk4s1
Mounting diskutil mount disk4s1...
Volume KINGSTON on disk4s1 mounted
⚠️ Not found locally on dios-macbook-air. Querying Tailscale mesh nodes...
✅ Philips SSD located on macmini-secondary (100.70.181.127) at: /Volumes/PHILIPS_SSD
=== 💾 PHILIPS SSD MULTI-NODE DISCOVERY & MOUNT UTILITY ===
Current Node: dios-macbook-air (Mon Aug 17 17:15:54 EEST 2026)
🔍 Discovered unmounted Philips SSD partition: disk4s1
Mounting diskutil mount disk4s1...
Volume KINGSTON on disk4s1 mounted
⚠️ Not found locally on dios-macbook-air. Querying Tailscale mesh nodes...
✅ Philips SSD located on macmini-secondary (100.70.181.127) at: /Volumes/PHILIPS_SSD
=== 💾 PHILIPS SSD MULTI-NODE DISCOVERY & MOUNT UTILITY ===
Current Node: dios-macbook-air (Mon Aug 17 17:20:55 EEST 2026)
🔍 Discovered unmounted Philips SSD partition: disk4s1
Mounting diskutil mount disk4s1...
Volume KINGSTON on disk4s1 mounted
⚠️ Not found locally on dios-macbook-air. Querying Tailscale mesh nodes...
✅ Philips SSD located on macmini-secondary (100.70.181.127) at: /Volumes/PHILIPS_SSD
=== 💾 PHILIPS SSD MULTI-NODE DISCOVERY & MOUNT UTILITY ===
Current Node: dios-macbook-air (Mon Aug 17 17:25:56 EEST 2026)
🔍 Discovered unmounted Philips SSD partition: disk4s1
Mounting diskutil mount disk4s1...
Volume KINGSTON on disk4s1 mounted
⚠️ Not found locally on dios-macbook-air. Querying Tailscale mesh nodes...
✅ Philips SSD located on macmini-secondary (100.70.181.127) at: /Volumes/PHILIPS_SSD
=== 💾 PHILIPS SSD MULTI-NODE DISCOVERY & MOUNT UTILITY ===
Current Node: dios-macbook-air (Mon Aug 17 17:30:58 EEST 2026)
🔍 Discovered unmounted Philips SSD partition: disk4s1
Mounting diskutil mount disk4s1...
Volume KINGSTON on disk4s1 mounted
⚠️ Not found locally on dios-macbook-air. Querying Tailscale mesh nodes...
❌ Philips SSD drive not found on local or remote Tailscale nodes.
=== 💾 PHILIPS SSD MULTI-NODE DISCOVERY & MOUNT UTILITY ===
Current Node: dios-macbook-air (Mon Aug 17 17:36:00 EEST 2026)
🔍 Discovered unmounted Philips SSD partition: disk4s1
Mounting diskutil mount disk4s1...
Volume KINGSTON on disk4s1 mounted
⚠️ Not found locally on dios-macbook-air. Querying Tailscale mesh nodes...
✅ Philips SSD located on macmini-secondary (100.70.181.127) at: /Volumes/PHILIPS_SSD
=== 💾 PHILIPS SSD MULTI-NODE DISCOVERY & MOUNT UTILITY ===
Current Node: dios-macbook-air (Mon Aug 17 17:41:01 EEST 2026)
🔍 Discovered unmounted Philips SSD partition: disk4s1
Mounting diskutil mount disk4s1...
Volume KINGSTON on disk4s1 mounted
⚠️ Not found locally on dios-macbook-air. Querying Tailscale mesh nodes...
✅ Philips SSD located on macmini-secondary (100.70.181.127) at: /Volumes/PHILIPS_SSD
=== 💾 PHILIPS SSD MULTI-NODE DISCOVERY & MOUNT UTILITY ===
Current Node: dios-macbook-air (Mon Aug 17 17:46:03 EEST 2026)
🔍 Discovered unmounted Philips SSD partition: disk4s1
Mounting diskutil mount disk4s1...
Volume KINGSTON on disk4s1 mounted
⚠️ Not found locally on dios-macbook-air. Querying Tailscale mesh nodes...
✅ Philips SSD located on macmini-secondary (100.70.181.127) at: /Volumes/PHILIPS_SSD
=== 💾 PHILIPS SSD MULTI-NODE DISCOVERY & MOUNT UTILITY ===
Current Node: dios-macbook-air (Mon Aug 17 17:51:06 EEST 2026)
🔍 Discovered unmounted Philips SSD partition: disk4s1
Mounting diskutil mount disk4s1...
Volume KINGSTON on disk4s1 mounted
⚠️ Not found locally on dios-macbook-air. Querying Tailscale mesh nodes...
✅ Philips SSD located on macmini-secondary (100.70.181.127) at: /Volumes/PHILIPS_SSD
=== 💾 PHILIPS SSD MULTI-NODE DISCOVERY & MOUNT UTILITY ===
Current Node: dios-macbook-air (Mon Aug 17 17:56:08 EEST 2026)
🔍 Discovered unmounted Philips SSD partition: disk4s1
Mounting diskutil mount disk4s1...
Volume KINGSTON on disk4s1 mounted
⚠️ Not found locally on dios-macbook-air. Querying Tailscale mesh nodes...
✅ Philips SSD located on macmini-secondary (100.70.181.127) at: /Volumes/PHILIPS_SSD
=== 💾 PHILIPS SSD MULTI-NODE DISCOVERY & MOUNT UTILITY ===
Current Node: dios-macbook-air (Mon Aug 17 18:01:09 EEST 2026)
🔍 Discovered unmounted Philips SSD partition: disk4s1
Mounting diskutil mount disk4s1...
Volume KINGSTON on disk4s1 mounted
⚠️ Not found locally on dios-macbook-air. Querying Tailscale mesh nodes...
✅ Philips SSD located on macmini-secondary (100.70.181.127) at: /Volumes/PHILIPS_SSD
=== 💾 PHILIPS SSD MULTI-NODE DISCOVERY & MOUNT UTILITY ===
Current Node: dios-macbook-air (Mon Aug 17 18:06:11 EEST 2026)
🔍 Discovered unmounted Philips SSD partition: disk4s1
Mounting diskutil mount disk4s1...
Volume KINGSTON on disk4s1 mounted
⚠️ Not found locally on dios-macbook-air. Querying Tailscale mesh nodes...
✅ Philips SSD located on macmini-secondary (100.70.181.127) at: /Volumes/PHILIPS_SSD
=== 💾 PHILIPS SSD MULTI-NODE DISCOVERY & MOUNT UTILITY ===
Current Node: dios-macbook-air (Mon Aug 17 18:11:12 EEST 2026)
🔍 Discovered unmounted Philips SSD partition: disk4s1
Mounting diskutil mount disk4s1...
Volume KINGSTON on disk4s1 mounted
⚠️ Not found locally on dios-macbook-air. Querying Tailscale mesh nodes...
✅ Philips SSD located on macmini-secondary (100.70.181.127) at: /Volumes/PHILIPS_SSD
=== 💾 PHILIPS SSD MULTI-NODE DISCOVERY & MOUNT UTILITY ===
Current Node: dios-macbook-air (Mon Aug 17 18:16:14 EEST 2026)
🔍 Discovered unmounted Philips SSD partition: disk4s1
Mounting diskutil mount disk4s1...
Volume KINGSTON on disk4s1 mounted
⚠️ Not found locally on dios-macbook-air. Querying Tailscale mesh nodes...
✅ Philips SSD located on macmini-secondary (100.70.181.127) at: /Volumes/PHILIPS_SSD
=== 💾 PHILIPS SSD MULTI-NODE DISCOVERY & MOUNT UTILITY ===
Current Node: dios-macbook-air (Mon Aug 17 18:21:15 EEST 2026)
🔍 Discovered unmounted Philips SSD partition: disk4s1
Mounting diskutil mount disk4s1...
Volume KINGSTON on disk4s1 mounted
⚠️ Not found locally on dios-macbook-air. Querying Tailscale mesh nodes...
✅ Philips SSD located on macmini-secondary (100.70.181.127) at: /Volumes/PHILIPS_SSD
=== 💾 PHILIPS SSD MULTI-NODE DISCOVERY & MOUNT UTILITY ===
Current Node: dios-macbook-air (Mon Aug 17 18:26:16 EEST 2026)
🔍 Discovered unmounted Philips SSD partition: disk4s1
Mounting diskutil mount disk4s1...
Volume KINGSTON on disk4s1 mounted
⚠️ Not found locally on dios-macbook-air. Querying Tailscale mesh nodes...
✅ Philips SSD located on macmini-secondary (100.70.181.127) at: /Volumes/PHILIPS_SSD
=== 💾 PHILIPS SSD MULTI-NODE DISCOVERY & MOUNT UTILITY ===
Current Node: dios-macbook-air (Mon Aug 17 18:31:18 EEST 2026)
🔍 Discovered unmounted Philips SSD partition: disk4s1
Mounting diskutil mount disk4s1...
Volume KINGSTON on disk4s1 mounted
⚠️ Not found locally on dios-macbook-air. Querying Tailscale mesh nodes...
✅ Philips SSD located on macmini-secondary (100.70.181.127) at: /Volumes/PHILIPS_SSD
=== 💾 PHILIPS SSD MULTI-NODE DISCOVERY & MOUNT UTILITY ===
Current Node: dios-macbook-air (Mon Aug 17 18:36:20 EEST 2026)
🔍 Discovered unmounted Philips SSD partition: disk4s1
Mounting diskutil mount disk4s1...
Volume KINGSTON on disk4s1 mounted
⚠️ Not found locally on dios-macbook-air. Querying Tailscale mesh nodes...
❌ Philips SSD drive not found on local or remote Tailscale nodes.
=== 💾 PHILIPS SSD MULTI-NODE DISCOVERY & MOUNT UTILITY ===
Current Node: dios-macbook-air (Mon Aug 17 18:41:22 EEST 2026)
🔍 Discovered unmounted Philips SSD partition: disk4s1
Mounting diskutil mount disk4s1...
Volume KINGSTON on disk4s1 mounted
⚠️ Not found locally on dios-macbook-air. Querying Tailscale mesh nodes...
✅ Philips SSD located on macmini-secondary (100.70.181.127) at: /Volumes/PHILIPS_SSD
=== 💾 PHILIPS SSD MULTI-NODE DISCOVERY & MOUNT UTILITY ===
Current Node: dios-macbook-air (Mon Aug 17 18:46:24 EEST 2026)
🔍 Discovered unmounted Philips SSD partition: disk4s1
Mounting diskutil mount disk4s1...
Volume KINGSTON on disk4s1 mounted
⚠️ Not found locally on dios-macbook-air. Querying Tailscale mesh nodes...
✅ Philips SSD located on macmini-secondary (100.70.181.127) at: /Volumes/PHILIPS_SSD
=== 💾 PHILIPS SSD MULTI-NODE DISCOVERY & MOUNT UTILITY ===
Current Node: dios-macbook-air (Mon Aug 17 18:51:25 EEST 2026)
🔍 Discovered unmounted Philips SSD partition: disk4s1
Mounting diskutil mount disk4s1...
Volume KINGSTON on disk4s1 mounted
⚠️ Not found locally on dios-macbook-air. Querying Tailscale mesh nodes...
✅ Philips SSD located on macmini-secondary (100.70.181.127) at: /Volumes/PHILIPS_SSD
=== 💾 PHILIPS SSD MULTI-NODE DISCOVERY & MOUNT UTILITY ===
Current Node: dios-macbook-air (Mon Aug 17 18:56:27 EEST 2026)
🔍 Discovered unmounted Philips SSD partition: disk4s1
Mounting diskutil mount disk4s1...
Volume KINGSTON on disk4s1 mounted
⚠️ Not found locally on dios-macbook-air. Querying Tailscale mesh nodes...
✅ Philips SSD located on macmini-secondary (100.70.181.127) at: /Volumes/PHILIPS_SSD
=== 💾 PHILIPS SSD MULTI-NODE DISCOVERY & MOUNT UTILITY ===
Current Node: dios-macbook-air (Mon Aug 17 19:01:28 EEST 2026)
🔍 Discovered unmounted Philips SSD partition: disk4s1
Mounting diskutil mount disk4s1...
Volume KINGSTON on disk4s1 mounted
⚠️ Not found locally on dios-macbook-air. Querying Tailscale mesh nodes...
✅ Philips SSD located on macmini-secondary (100.70.181.127) at: /Volumes/PHILIPS_SSD
=== 💾 PHILIPS SSD MULTI-NODE DISCOVERY & MOUNT UTILITY ===
Current Node: dios-macbook-air (Mon Aug 17 19:06:31 EEST 2026)
🔍 Discovered unmounted Philips SSD partition: disk4s1
Mounting diskutil mount disk4s1...
Volume KINGSTON on disk4s1 mounted
⚠️ Not found locally on dios-macbook-air. Querying Tailscale mesh nodes...
✅ Philips SSD located on macmini-secondary (100.70.181.127) at: /Volumes/PHILIPS_SSD
=== 💾 PHILIPS SSD MULTI-NODE DISCOVERY & MOUNT UTILITY ===
Current Node: dios-macbook-air (Mon Aug 17 19:11:33 EEST 2026)
🔍 Discovered unmounted Philips SSD partition: disk4s1
Mounting diskutil mount disk4s1...
Volume KINGSTON on disk4s1 mounted
⚠️ Not found locally on dios-macbook-air. Querying Tailscale mesh nodes...
✅ Philips SSD located on macmini-secondary (100.70.181.127) at: /Volumes/PHILIPS_SSD
=== 💾 PHILIPS SSD MULTI-NODE DISCOVERY & MOUNT UTILITY ===
Current Node: dios-macbook-air (Mon Aug 17 19:16:34 EEST 2026)
🔍 Discovered unmounted Philips SSD partition: disk4s1
Mounting diskutil mount disk4s1...
Volume KINGSTON on disk4s1 mounted
⚠️ Not found locally on dios-macbook-air. Querying Tailscale mesh nodes...
✅ Philips SSD located on macmini-secondary (100.70.181.127) at: /Volumes/PHILIPS_SSD
=== 💾 PHILIPS SSD MULTI-NODE DISCOVERY & MOUNT UTILITY ===
Current Node: dios-macbook-air (Mon Aug 17 19:21:35 EEST 2026)
🔍 Discovered unmounted Philips SSD partition: disk4s1
Mounting diskutil mount disk4s1...
Volume KINGSTON on disk4s1 mounted
⚠️ Not found locally on dios-macbook-air. Querying Tailscale mesh nodes...
✅ Philips SSD located on macmini-secondary (100.70.181.127) at: /Volumes/PHILIPS_SSD
=== 💾 PHILIPS SSD MULTI-NODE DISCOVERY & MOUNT UTILITY ===
Current Node: dios-macbook-air (Mon Aug 17 19:26:38 EEST 2026)
🔍 Discovered unmounted Philips SSD partition: disk4s1
Mounting diskutil mount disk4s1...
Volume KINGSTON on disk4s1 mounted
⚠️ Not found locally on dios-macbook-air. Querying Tailscale mesh nodes...
✅ Philips SSD located on macmini-secondary (100.70.181.127) at: /Volumes/PHILIPS_SSD
=== 💾 PHILIPS SSD MULTI-NODE DISCOVERY & MOUNT UTILITY ===
Current Node: dios-macbook-air (Mon Aug 17 19:31:39 EEST 2026)
🔍 Discovered unmounted Philips SSD partition: disk4s1
Mounting diskutil mount disk4s1...
Volume KINGSTON on disk4s1 mounted
⚠️ Not found locally on dios-macbook-air. Querying Tailscale mesh nodes...
❌ Philips SSD drive not found on local or remote Tailscale nodes.
=== 💾 PHILIPS SSD MULTI-NODE DISCOVERY & MOUNT UTILITY ===
Current Node: dios-macbook-air (Mon Aug 17 19:36:51 EEST 2026)
🔍 Discovered unmounted Philips SSD partition: disk4s1
Mounting diskutil mount disk4s1...
Volume KINGSTON on disk4s1 mounted
⚠️ Not found locally on dios-macbook-air. Querying Tailscale mesh nodes...
✅ Philips SSD located on macmini-secondary (100.70.181.127) at: /Volumes/PHILIPS_SSD
=== 💾 PHILIPS SSD MULTI-NODE DISCOVERY & MOUNT UTILITY ===
Current Node: dios-macbook-air (Mon Aug 17 19:41:54 EEST 2026)
🔍 Discovered unmounted Philips SSD partition: disk4s1
Mounting diskutil mount disk4s1...
Volume KINGSTON on disk4s1 mounted
⚠️ Not found locally on dios-macbook-air. Querying Tailscale mesh nodes...
✅ Philips SSD located on macmini-secondary (100.70.181.127) at: /Volumes/PHILIPS_SSD
=== 💾 PHILIPS SSD MULTI-NODE DISCOVERY & MOUNT UTILITY ===
Current Node: dios-macbook-air (Mon Aug 17 19:46:57 EEST 2026)
🔍 Discovered unmounted Philips SSD partition: disk4s1
Mounting diskutil mount disk4s1...
Volume KINGSTON on disk4s1 mounted
⚠️ Not found locally on dios-macbook-air. Querying Tailscale mesh nodes...
✅ Philips SSD located on macmini-secondary (100.70.181.127) at: /Volumes/PHILIPS_SSD
=== 💾 PHILIPS SSD MULTI-NODE DISCOVERY & MOUNT UTILITY ===
Current Node: dios-macbook-air (Mon Aug 17 19:52:00 EEST 2026)
🔍 Discovered unmounted Philips SSD partition: disk4s1
Mounting diskutil mount disk4s1...
Volume KINGSTON on disk4s1 mounted
⚠️ Not found locally on dios-macbook-air. Querying Tailscale mesh nodes...
✅ Philips SSD located on macmini-secondary (100.70.181.127) at: /Volumes/PHILIPS_SSD
=== 💾 PHILIPS SSD MULTI-NODE DISCOVERY & MOUNT UTILITY ===
Current Node: dios-macbook-air (Mon Aug 17 19:58:16 EEST 2026)
🔍 Discovered unmounted Philips SSD partition: disk4s1
Mounting diskutil mount disk4s1...
Volume KINGSTON on disk4s1 mounted
⚠️ Not found locally on dios-macbook-air. Querying Tailscale mesh nodes...
✅ Philips SSD located on macmini-secondary (100.70.181.127) at: /Volumes/PHILIPS_SSD
=== 💾 PHILIPS SSD MULTI-NODE DISCOVERY & MOUNT UTILITY ===
Current Node: dios-macbook-air (Mon Aug 17 20:03:20 EEST 2026)
🔍 Discovered unmounted Philips SSD partition: disk4s1
Mounting diskutil mount disk4s1...
Volume KINGSTON on disk4s1 mounted
⚠️ Not found locally on dios-macbook-air. Querying Tailscale mesh nodes...
✅ Philips SSD located on macmini-secondary (100.70.181.127) at: /Volumes/PHILIPS_SSD
=== 💾 PHILIPS SSD MULTI-NODE DISCOVERY & MOUNT UTILITY ===
Current Node: dios-macbook-air (Mon Aug 17 20:08:22 EEST 2026)
🔍 Discovered unmounted Philips SSD partition: disk4s1
Mounting diskutil mount disk4s1...
Volume KINGSTON on disk4s1 mounted
⚠️ Not found locally on dios-macbook-air. Querying Tailscale mesh nodes...
✅ Philips SSD located on macmini-secondary (100.70.181.127) at: /Volumes/PHILIPS_SSD
=== 💾 PHILIPS SSD MULTI-NODE DISCOVERY & MOUNT UTILITY ===
Current Node: dios-macbook-air (Mon Aug 17 20:13:25 EEST 2026)
🔍 Discovered unmounted Philips SSD partition: disk4s1
Mounting diskutil mount disk4s1...
Volume KINGSTON on disk4s1 mounted
⚠️ Not found locally on dios-macbook-air. Querying Tailscale mesh nodes...
✅ Philips SSD located on macmini-secondary (100.70.181.127) at: /Volumes/PHILIPS_SSD
=== 💾 PHILIPS SSD MULTI-NODE DISCOVERY & MOUNT UTILITY ===
Current Node: dios-macbook-air (Mon Aug 17 20:18:27 EEST 2026)
🔍 Discovered unmounted Philips SSD partition: disk4s1
Mounting diskutil mount disk4s1...
Volume KINGSTON on disk4s1 mounted
⚠️ Not found locally on dios-macbook-air. Querying Tailscale mesh nodes...
✅ Philips SSD located on macmini-secondary (100.70.181.127) at: /Volumes/PHILIPS_SSD
=== 💾 PHILIPS SSD MULTI-NODE DISCOVERY & MOUNT UTILITY ===
Current Node: dios-macbook-air (Mon Aug 17 20:23:31 EEST 2026)
🔍 Discovered unmounted Philips SSD partition: disk4s1
Mounting diskutil mount disk4s1...
Volume KINGSTON on disk4s1 mounted
⚠️ Not found locally on dios-macbook-air. Querying Tailscale mesh nodes...
✅ Philips SSD located on macmini-secondary (100.70.181.127) at: /Volumes/PHILIPS_SSD
=== 💾 PHILIPS SSD MULTI-NODE DISCOVERY & MOUNT UTILITY ===
Current Node: dios-macbook-air (Mon Aug 17 20:28:33 EEST 2026)
🔍 Discovered unmounted Philips SSD partition: disk4s1
Mounting diskutil mount disk4s1...
Volume KINGSTON on disk4s1 mounted
⚠️ Not found locally on dios-macbook-air. Querying Tailscale mesh nodes...
✅ Philips SSD located on macmini-secondary (100.70.181.127) at: /Volumes/PHILIPS_SSD
=== 💾 PHILIPS SSD MULTI-NODE DISCOVERY & MOUNT UTILITY ===
Current Node: dios-macbook-air (Mon Aug 17 20:33:36 EEST 2026)
🔍 Discovered unmounted Philips SSD partition: disk4s1
Mounting diskutil mount disk4s1...
Volume KINGSTON on disk4s1 mounted
⚠️ Not found locally on dios-macbook-air. Querying Tailscale mesh nodes...
❌ Philips SSD drive not found on local or remote Tailscale nodes.
=== 💾 PHILIPS SSD MULTI-NODE DISCOVERY & MOUNT UTILITY ===
Current Node: dios-macbook-air (Mon Aug 17 20:38:39 EEST 2026)
🔍 Discovered unmounted Philips SSD partition: disk4s1
Mounting diskutil mount disk4s1...
Volume KINGSTON on disk4s1 mounted
⚠️ Not found locally on dios-macbook-air. Querying Tailscale mesh nodes...
❌ Philips SSD drive not found on local or remote Tailscale nodes.
=== 💾 PHILIPS SSD MULTI-NODE DISCOVERY & MOUNT UTILITY ===
Current Node: dios-macbook-air (Mon Aug 17 20:43:41 EEST 2026)
🔍 Discovered unmounted Philips SSD partition: disk4s1
Mounting diskutil mount disk4s1...
Volume KINGSTON on disk4s1 mounted
⚠️ Not found locally on dios-macbook-air. Querying Tailscale mesh nodes...
✅ Philips SSD located on macmini-secondary (100.70.181.127) at: /Volumes/PHILIPS_SSD
=== 💾 PHILIPS SSD MULTI-NODE DISCOVERY & MOUNT UTILITY ===
Current Node: dios-macbook-air (Mon Aug 17 20:48:45 EEST 2026)
🔍 Discovered unmounted Philips SSD partition: disk4s1
Mounting diskutil mount disk4s1...
Volume KINGSTON on disk4s1 mounted
⚠️ Not found locally on dios-macbook-air. Querying Tailscale mesh nodes...
❌ Philips SSD drive not found on local or remote Tailscale nodes.
=== 💾 PHILIPS SSD MULTI-NODE DISCOVERY & MOUNT UTILITY ===
Current Node: dios-macbook-air (Mon Aug 17 20:53:47 EEST 2026)
🔍 Discovered unmounted Philips SSD partition: disk4s1
Mounting diskutil mount disk4s1...
Volume KINGSTON on disk4s1 mounted
⚠️ Not found locally on dios-macbook-air. Querying Tailscale mesh nodes...
✅ Philips SSD located on macmini-secondary (100.70.181.127) at: /Volumes/PHILIPS_SSD
=== 💾 PHILIPS SSD MULTI-NODE DISCOVERY & MOUNT UTILITY ===
Current Node: dios-macbook-air (Mon Aug 17 20:59:48 EEST 2026)
🔍 Discovered unmounted Philips SSD partition: disk4s1
Mounting diskutil mount disk4s1...
Volume KINGSTON on disk4s1 mounted
⚠️ Not found locally on dios-macbook-air. Querying Tailscale mesh nodes...
❌ Philips SSD drive not found on local or remote Tailscale nodes.
=== 💾 PHILIPS SSD MULTI-NODE DISCOVERY & MOUNT UTILITY ===
Current Node: dios-macbook-air (Mon Aug 17 21:04:50 EEST 2026)
🔍 Discovered unmounted Philips SSD partition: disk4s1
Mounting diskutil mount disk4s1...
Volume KINGSTON on disk4s1 mounted
⚠️ Not found locally on dios-macbook-air. Querying Tailscale mesh nodes...
✅ Philips SSD located on macmini-secondary (100.70.181.127) at: /Volumes/PHILIPS_SSD
=== 💾 PHILIPS SSD MULTI-NODE DISCOVERY & MOUNT UTILITY ===
Current Node: dios-macbook-air (Mon Aug 17 21:09:58 EEST 2026)
🔍 Discovered unmounted Philips SSD partition: disk4s1
Mounting diskutil mount disk4s1...
Volume KINGSTON on disk4s1 mounted
⚠️ Not found locally on dios-macbook-air. Querying Tailscale mesh nodes...
✅ Philips SSD located on macmini-secondary (100.70.181.127) at: /Volumes/PHILIPS_SSD
=== 💾 PHILIPS SSD MULTI-NODE DISCOVERY & MOUNT UTILITY ===
Current Node: dios-macbook-air (Mon Aug 17 21:15:01 EEST 2026)
🔍 Discovered unmounted Philips SSD partition: disk4s1
Mounting diskutil mount disk4s1...
Volume KINGSTON on disk4s1 mounted
⚠️ Not found locally on dios-macbook-air. Querying Tailscale mesh nodes...
✅ Philips SSD located on macmini-secondary (100.70.181.127) at: /Volumes/PHILIPS_SSD
=== 💾 PHILIPS SSD MULTI-NODE DISCOVERY & MOUNT UTILITY ===
Current Node: dios-macbook-air (Mon Aug 17 21:20:03 EEST 2026)
🔍 Discovered unmounted Philips SSD partition: disk4s1
Mounting diskutil mount disk4s1...
Volume KINGSTON on disk4s1 mounted
⚠️ Not found locally on dios-macbook-air. Querying Tailscale mesh nodes...
❌ Philips SSD drive not found on local or remote Tailscale nodes.
=== 💾 PHILIPS SSD MULTI-NODE DISCOVERY & MOUNT UTILITY ===
Current Node: dios-macbook-air (Mon Aug 17 21:25:05 EEST 2026)
🔍 Discovered unmounted Philips SSD partition: disk4s1
Mounting diskutil mount disk4s1...
Volume KINGSTON on disk4s1 mounted
⚠️ Not found locally on dios-macbook-air. Querying Tailscale mesh nodes...
✅ Philips SSD located on macmini-secondary (100.70.181.127) at: /Volumes/PHILIPS_SSD
=== 💾 PHILIPS SSD MULTI-NODE DISCOVERY & MOUNT UTILITY ===
Current Node: dios-macbook-air (Mon Aug 17 21:30:07 EEST 2026)
🔍 Discovered unmounted Philips SSD partition: disk4s1
Mounting diskutil mount disk4s1...
Volume KINGSTON on disk4s1 mounted
⚠️ Not found locally on dios-macbook-air. Querying Tailscale mesh nodes...
❌ Philips SSD drive not found on local or remote Tailscale nodes.
=== 💾 PHILIPS SSD MULTI-NODE DISCOVERY & MOUNT UTILITY ===
Current Node: dios-macbook-air (Mon Aug 17 21:35:10 EEST 2026)
🔍 Discovered unmounted Philips SSD partition: disk4s1
Mounting diskutil mount disk4s1...
Volume KINGSTON on disk4s1 mounted
⚠️ Not found locally on dios-macbook-air. Querying Tailscale mesh nodes...
✅ Philips SSD located on macmini-secondary (100.70.181.127) at: /Volumes/PHILIPS_SSD
=== 💾 PHILIPS SSD MULTI-NODE DISCOVERY & MOUNT UTILITY ===
Current Node: dios-macbook-air (Mon Aug 17 21:40:14 EEST 2026)
🔍 Discovered unmounted Philips SSD partition: disk4s1
Mounting diskutil mount disk4s1...
Volume KINGSTON on disk4s1 mounted
⚠️ Not found locally on dios-macbook-air. Querying Tailscale mesh nodes...
❌ Philips SSD drive not found on local or remote Tailscale nodes.
=== 💾 PHILIPS SSD MULTI-NODE DISCOVERY & MOUNT UTILITY ===
Current Node: dios-macbook-air (Mon Aug 17 21:45:18 EEST 2026)
🔍 Discovered unmounted Philips SSD partition: disk4s1
Mounting diskutil mount disk4s1...
Volume KINGSTON on disk4s1 mounted
⚠️ Not found locally on dios-macbook-air. Querying Tailscale mesh nodes...
❌ Philips SSD drive not found on local or remote Tailscale nodes.
=== 💾 PHILIPS SSD MULTI-NODE DISCOVERY & MOUNT UTILITY ===
Current Node: dios-macbook-air (Mon Aug 17 21:50:20 EEST 2026)
🔍 Discovered unmounted Philips SSD partition: disk4s1
Mounting diskutil mount disk4s1...
Volume KINGSTON on disk4s1 mounted
⚠️ Not found locally on dios-macbook-air. Querying Tailscale mesh nodes...
❌ Philips SSD drive not found on local or remote Tailscale nodes.
=== 💾 PHILIPS SSD MULTI-NODE DISCOVERY & MOUNT UTILITY ===
Current Node: dios-macbook-air (Mon Aug 17 21:55:23 EEST 2026)
🔍 Discovered unmounted Philips SSD partition: disk4s1
Mounting diskutil mount disk4s1...
Volume KINGSTON on disk4s1 mounted
⚠️ Not found locally on dios-macbook-air. Querying Tailscale mesh nodes...
❌ Philips SSD drive not found on local or remote Tailscale nodes.
=== 💾 PHILIPS SSD MULTI-NODE DISCOVERY & MOUNT UTILITY ===
Current Node: dios-macbook-air (Mon Aug 17 22:00:25 EEST 2026)
🔍 Discovered unmounted Philips SSD partition: disk4s1
Mounting diskutil mount disk4s1...
Volume KINGSTON on disk4s1 mounted
⚠️ Not found locally on dios-macbook-air. Querying Tailscale mesh nodes...
✅ Philips SSD located on macmini-secondary (100.70.181.127) at: /Volumes/PHILIPS_SSD
=== 💾 PHILIPS SSD MULTI-NODE DISCOVERY & MOUNT UTILITY ===
Current Node: dios-macbook-air (Mon Aug 17 22:05:28 EEST 2026)
🔍 Discovered unmounted Philips SSD partition: disk4s1
Mounting diskutil mount disk4s1...
Volume KINGSTON on disk4s1 mounted
⚠️ Not found locally on dios-macbook-air. Querying Tailscale mesh nodes...
❌ Philips SSD drive not found on local or remote Tailscale nodes.
=== 💾 PHILIPS SSD MULTI-NODE DISCOVERY & MOUNT UTILITY ===
Current Node: dios-macbook-air (Mon Aug 17 22:10:45 EEST 2026)
🔍 Discovered unmounted Philips SSD partition: disk4s1
Mounting diskutil mount disk4s1...
Volume KINGSTON on disk4s1 mounted
⚠️ Not found locally on dios-macbook-air. Querying Tailscale mesh nodes...
✅ Philips SSD located on macmini-secondary (100.70.181.127) at: /Volumes/PHILIPS_SSD
=== 💾 PHILIPS SSD MULTI-NODE DISCOVERY & MOUNT UTILITY ===
Current Node: dios-macbook-air (Mon Aug 17 22:15:49 EEST 2026)
🔍 Discovered unmounted Philips SSD partition: disk4s1
Mounting diskutil mount disk4s1...
Volume KINGSTON on disk4s1 mounted
⚠️ Not found locally on dios-macbook-air. Querying Tailscale mesh nodes...
❌ Philips SSD drive not found on local or remote Tailscale nodes.
=== 💾 PHILIPS SSD MULTI-NODE DISCOVERY & MOUNT UTILITY ===
Current Node: dios-macbook-air (Mon Aug 17 22:20:51 EEST 2026)
🔍 Discovered unmounted Philips SSD partition: disk4s1
Mounting diskutil mount disk4s1...
Volume KINGSTON on disk4s1 mounted
⚠️ Not found locally on dios-macbook-air. Querying Tailscale mesh nodes...
❌ Philips SSD drive not found on local or remote Tailscale nodes.
=== 💾 PHILIPS SSD MULTI-NODE DISCOVERY & MOUNT UTILITY ===
Current Node: dios-macbook-air (Mon Aug 17 22:25:54 EEST 2026)
🔍 Discovered unmounted Philips SSD partition: disk4s1
Mounting diskutil mount disk4s1...
Volume KINGSTON on disk4s1 mounted
⚠️ Not found locally on dios-macbook-air. Querying Tailscale mesh nodes...
❌ Philips SSD drive not found on local or remote Tailscale nodes.
=== 💾 PHILIPS SSD MULTI-NODE DISCOVERY & MOUNT UTILITY ===
Current Node: dios-macbook-air (Mon Aug 17 22:30:56 EEST 2026)
🔍 Discovered unmounted Philips SSD partition: disk4s1
Mounting diskutil mount disk4s1...
Volume KINGSTON on disk4s1 mounted
⚠️ Not found locally on dios-macbook-air. Querying Tailscale mesh nodes...
✅ Philips SSD located on macmini-secondary (100.70.181.127) at: /Volumes/PHILIPS_SSD
=== 💾 PHILIPS SSD MULTI-NODE DISCOVERY & MOUNT UTILITY ===
Current Node: dios-macbook-air (Mon Aug 17 22:35:58 EEST 2026)
🔍 Discovered unmounted Philips SSD partition: disk4s1
Mounting diskutil mount disk4s1...
Volume KINGSTON on disk4s1 mounted
⚠️ Not found locally on dios-macbook-air. Querying Tailscale mesh nodes...
❌ Philips SSD drive not found on local or remote Tailscale nodes.
=== 💾 PHILIPS SSD MULTI-NODE DISCOVERY & MOUNT UTILITY ===
Current Node: dios-macbook-air (Mon Aug 17 22:41:01 EEST 2026)
🔍 Discovered unmounted Philips SSD partition: disk4s1
Mounting diskutil mount disk4s1...
Volume KINGSTON on disk4s1 mounted
⚠️ Not found locally on dios-macbook-air. Querying Tailscale mesh nodes...
✅ Philips SSD located on macmini-secondary (100.70.181.127) at: /Volumes/PHILIPS_SSD
=== 💾 PHILIPS SSD MULTI-NODE DISCOVERY & MOUNT UTILITY ===
Current Node: dios-macbook-air (Mon Aug 17 22:46:19 EEST 2026)
🔍 Discovered unmounted Philips SSD partition: disk4s1
Mounting diskutil mount disk4s1...
Volume KINGSTON on disk4s1 mounted
⚠️ Not found locally on dios-macbook-air. Querying Tailscale mesh nodes...
✅ Philips SSD located on macmini-secondary (100.70.181.127) at: /Volumes/PHILIPS_SSD
=== 💾 PHILIPS SSD MULTI-NODE DISCOVERY & MOUNT UTILITY ===
Current Node: dios-macbook-air (Mon Aug 17 22:51:23 EEST 2026)
🔍 Discovered unmounted Philips SSD partition: disk4s1
Mounting diskutil mount disk4s1...
Volume KINGSTON on disk4s1 mounted
⚠️ Not found locally on dios-macbook-air. Querying Tailscale mesh nodes...
✅ Philips SSD located on macmini-secondary (100.70.181.127) at: /Volumes/PHILIPS_SSD
=== 💾 PHILIPS SSD MULTI-NODE DISCOVERY & MOUNT UTILITY ===
Current Node: dios-macbook-air (Mon Aug 17 22:56:25 EEST 2026)
🔍 Discovered unmounted Philips SSD partition: disk4s1
Mounting diskutil mount disk4s1...
Volume KINGSTON on disk4s1 mounted
⚠️ Not found locally on dios-macbook-air. Querying Tailscale mesh nodes...
✅ Philips SSD located on macmini-secondary (100.70.181.127) at: /Volumes/PHILIPS_SSD
=== 💾 PHILIPS SSD MULTI-NODE DISCOVERY & MOUNT UTILITY ===
Current Node: dios-macbook-air (Mon Aug 17 23:01:29 EEST 2026)
🔍 Discovered unmounted Philips SSD partition: disk4s1
Mounting diskutil mount disk4s1...
Volume KINGSTON on disk4s1 mounted
⚠️ Not found locally on dios-macbook-air. Querying Tailscale mesh nodes...
✅ Philips SSD located on macmini-secondary (100.70.181.127) at: /Volumes/PHILIPS_SSD
=== 💾 PHILIPS SSD MULTI-NODE DISCOVERY & MOUNT UTILITY ===
Current Node: dios-macbook-air (Mon Aug 17 23:06:32 EEST 2026)
🔍 Discovered unmounted Philips SSD partition: disk4s1
Mounting diskutil mount disk4s1...
Volume KINGSTON on disk4s1 mounted
⚠️ Not found locally on dios-macbook-air. Querying Tailscale mesh nodes...
✅ Philips SSD located on macmini-secondary (100.70.181.127) at: /Volumes/PHILIPS_SSD
=== 💾 PHILIPS SSD MULTI-NODE DISCOVERY & MOUNT UTILITY ===
Current Node: dios-macbook-air (Mon Aug 17 23:11:34 EEST 2026)
🔍 Discovered unmounted Philips SSD partition: disk4s1
Mounting diskutil mount disk4s1...
Volume KINGSTON on disk4s1 mounted
⚠️ Not found locally on dios-macbook-air. Querying Tailscale mesh nodes...
✅ Philips SSD located on macmini-secondary (100.70.181.127) at: /Volumes/PHILIPS_SSD
=== 💾 PHILIPS SSD MULTI-NODE DISCOVERY & MOUNT UTILITY ===
Current Node: dios-macbook-air (Mon Aug 17 23:16:35 EEST 2026)
🔍 Discovered unmounted Philips SSD partition: disk4s1
Mounting diskutil mount disk4s1...
Volume KINGSTON on disk4s1 mounted
⚠️ Not found locally on dios-macbook-air. Querying Tailscale mesh nodes...
✅ Philips SSD located on macmini-secondary (100.70.181.127) at: /Volumes/PHILIPS_SSD
=== 💾 PHILIPS SSD MULTI-NODE DISCOVERY & MOUNT UTILITY ===
Current Node: dios-macbook-air (Mon Aug 17 23:21:37 EEST 2026)
🔍 Discovered unmounted Philips SSD partition: disk4s1
Mounting diskutil mount disk4s1...
Volume KINGSTON on disk4s1 mounted
⚠️ Not found locally on dios-macbook-air. Querying Tailscale mesh nodes...
✅ Philips SSD located on macmini-secondary (100.70.181.127) at: /Volumes/PHILIPS_SSD
=== 💾 PHILIPS SSD MULTI-NODE DISCOVERY & MOUNT UTILITY ===
Current Node: dios-macbook-air (Mon Aug 17 23:26:39 EEST 2026)
🔍 Discovered unmounted Philips SSD partition: disk4s1
Mounting diskutil mount disk4s1...
Volume KINGSTON on disk4s1 mounted
⚠️ Not found locally on dios-macbook-air. Querying Tailscale mesh nodes...
✅ Philips SSD located on macmini-secondary (100.70.181.127) at: /Volumes/PHILIPS_SSD
=== 💾 PHILIPS SSD MULTI-NODE DISCOVERY & MOUNT UTILITY ===
Current Node: dios-macbook-air (Mon Aug 17 23:31:41 EEST 2026)
🔍 Discovered unmounted Philips SSD partition: disk4s1
Mounting diskutil mount disk4s1...
Volume KINGSTON on disk4s1 mounted
⚠️ Not found locally on dios-macbook-air. Querying Tailscale mesh nodes...
✅ Philips SSD located on macmini-secondary (100.70.181.127) at: /Volumes/PHILIPS_SSD
=== 💾 PHILIPS SSD MULTI-NODE DISCOVERY & MOUNT UTILITY ===
Current Node: dios-macbook-air (Mon Aug 17 23:36:43 EEST 2026)
🔍 Discovered unmounted Philips SSD partition: disk4s1
Mounting diskutil mount disk4s1...
Volume KINGSTON on disk4s1 mounted
⚠️ Not found locally on dios-macbook-air. Querying Tailscale mesh nodes...
✅ Philips SSD located on macmini-secondary (100.70.181.127) at: /Volumes/PHILIPS_SSD
=== 💾 PHILIPS SSD MULTI-NODE DISCOVERY & MOUNT UTILITY ===
Current Node: dios-macbook-air (Mon Aug 17 23:41:45 EEST 2026)
🔍 Discovered unmounted Philips SSD partition: disk4s1
Mounting diskutil mount disk4s1...
Volume KINGSTON on disk4s1 mounted
⚠️ Not found locally on dios-macbook-air. Querying Tailscale mesh nodes...
✅ Philips SSD located on macmini-secondary (100.70.181.127) at: /Volumes/PHILIPS_SSD
=== 💾 PHILIPS SSD MULTI-NODE DISCOVERY & MOUNT UTILITY ===
Current Node: dios-macbook-air (Mon Aug 17 23:46:47 EEST 2026)
🔍 Discovered unmounted Philips SSD partition: disk4s1
Mounting diskutil mount disk4s1...
Volume KINGSTON on disk4s1 mounted
⚠️ Not found locally on dios-macbook-air. Querying Tailscale mesh nodes...
✅ Philips SSD located on macmini-secondary (100.70.181.127) at: /Volumes/PHILIPS_SSD
=== 💾 PHILIPS SSD MULTI-NODE DISCOVERY & MOUNT UTILITY ===
Current Node: dios-macbook-air (Mon Aug 17 23:51:49 EEST 2026)
🔍 Discovered unmounted Philips SSD partition: disk4s1
Mounting diskutil mount disk4s1...
Volume KINGSTON on disk4s1 mounted
⚠️ Not found locally on dios-macbook-air. Querying Tailscale mesh nodes...
✅ Philips SSD located on macmini-secondary (100.70.181.127) at: /Volumes/PHILIPS_SSD
=== 💾 PHILIPS SSD MULTI-NODE DISCOVERY & MOUNT UTILITY ===
Current Node: dios-macbook-air (Mon Aug 17 23:56:51 EEST 2026)
🔍 Discovered unmounted Philips SSD partition: disk4s1
Mounting diskutil mount disk4s1...
Volume KINGSTON on disk4s1 mounted
⚠️ Not found locally on dios-macbook-air. Querying Tailscale mesh nodes...
✅ Philips SSD located on macmini-secondary (100.70.181.127) at: /Volumes/PHILIPS_SSD
=== 💾 PHILIPS SSD MULTI-NODE DISCOVERY & MOUNT UTILITY ===
Current Node: dios-macbook-air (Tue Aug 18 00:01:53 EEST 2026)
🔍 Discovered unmounted Philips SSD partition: disk4s1
Mounting diskutil mount disk4s1...
Volume KINGSTON on disk4s1 mounted
⚠️ Not found locally on dios-macbook-air. Querying Tailscale mesh nodes...
✅ Philips SSD located on macmini-secondary (100.70.181.127) at: /Volumes/PHILIPS_SSD
=== 💾 PHILIPS SSD MULTI-NODE DISCOVERY & MOUNT UTILITY ===
Current Node: dios-macbook-air (Tue Aug 18 00:06:56 EEST 2026)
🔍 Discovered unmounted Philips SSD partition: disk4s1
Mounting diskutil mount disk4s1...
Volume KINGSTON on disk4s1 mounted
⚠️ Not found locally on dios-macbook-air. Querying Tailscale mesh nodes...
✅ Philips SSD located on macmini-secondary (100.70.181.127) at: /Volumes/PHILIPS_SSD
=== 💾 PHILIPS SSD MULTI-NODE DISCOVERY & MOUNT UTILITY ===
Current Node: dios-macbook-air (Tue Aug 18 00:11:58 EEST 2026)
🔍 Discovered unmounted Philips SSD partition: disk4s1
Mounting diskutil mount disk4s1...
Volume KINGSTON on disk4s1 mounted
⚠️ Not found locally on dios-macbook-air. Querying Tailscale mesh nodes...
✅ Philips SSD located on macmini-secondary (100.70.181.127) at: /Volumes/PHILIPS_SSD
=== 💾 PHILIPS SSD MULTI-NODE DISCOVERY & MOUNT UTILITY ===
Current Node: dios-macbook-air (Tue Aug 18 00:17:01 EEST 2026)
🔍 Discovered unmounted Philips SSD partition: disk4s1
Mounting diskutil mount disk4s1...
Volume KINGSTON on disk4s1 mounted
⚠️ Not found locally on dios-macbook-air. Querying Tailscale mesh nodes...
✅ Philips SSD located on macmini-secondary (100.70.181.127) at: /Volumes/PHILIPS_SSD
=== 💾 PHILIPS SSD MULTI-NODE DISCOVERY & MOUNT UTILITY ===
Current Node: dios-macbook-air (Tue Aug 18 00:22:03 EEST 2026)
🔍 Discovered unmounted Philips SSD partition: disk4s1
Mounting diskutil mount disk4s1...
Volume KINGSTON on disk4s1 mounted
⚠️ Not found locally on dios-macbook-air. Querying Tailscale mesh nodes...
✅ Philips SSD located on macmini-secondary (100.70.181.127) at: /Volumes/PHILIPS_SSD
=== 💾 PHILIPS SSD MULTI-NODE DISCOVERY & MOUNT UTILITY ===
Current Node: dios-macbook-air (Tue Aug 18 00:27:05 EEST 2026)
🔍 Discovered unmounted Philips SSD partition: disk4s1
Mounting diskutil mount disk4s1...
Volume KINGSTON on disk4s1 mounted
⚠️ Not found locally on dios-macbook-air. Querying Tailscale mesh nodes...
✅ Philips SSD located on macmini-secondary (100.70.181.127) at: /Volumes/PHILIPS_SSD
=== 💾 PHILIPS SSD MULTI-NODE DISCOVERY & MOUNT UTILITY ===
Current Node: dios-macbook-air (Tue Aug 18 00:32:07 EEST 2026)
🔍 Discovered unmounted Philips SSD partition: disk4s1
Mounting diskutil mount disk4s1...
Volume KINGSTON on disk4s1 mounted
⚠️ Not found locally on dios-macbook-air. Querying Tailscale mesh nodes...
✅ Philips SSD located on macmini-secondary (100.70.181.127) at: /Volumes/PHILIPS_SSD
=== 💾 PHILIPS SSD MULTI-NODE DISCOVERY & MOUNT UTILITY ===
Current Node: dios-macbook-air (Tue Aug 18 00:37:08 EEST 2026)
🔍 Discovered unmounted Philips SSD partition: disk4s1
Mounting diskutil mount disk4s1...
Volume KINGSTON on disk4s1 mounted
⚠️ Not found locally on dios-macbook-air. Querying Tailscale mesh nodes...
✅ Philips SSD located on macmini-secondary (100.70.181.127) at: /Volumes/PHILIPS_SSD
=== 💾 PHILIPS SSD MULTI-NODE DISCOVERY & MOUNT UTILITY ===
Current Node: dios-macbook-air (Tue Aug 18 00:42:10 EEST 2026)
🔍 Discovered unmounted Philips SSD partition: disk4s1
Mounting diskutil mount disk4s1...
Volume KINGSTON on disk4s1 mounted
⚠️ Not found locally on dios-macbook-air. Querying Tailscale mesh nodes...
❌ Philips SSD drive not found on local or remote Tailscale nodes.
=== 💾 PHILIPS SSD MULTI-NODE DISCOVERY & MOUNT UTILITY ===
Current Node: dios-macbook-air (Tue Aug 18 00:47:13 EEST 2026)
🔍 Discovered unmounted Philips SSD partition: disk4s1
Mounting diskutil mount disk4s1...
Volume KINGSTON on disk4s1 mounted
⚠️ Not found locally on dios-macbook-air. Querying Tailscale mesh nodes...
✅ Philips SSD located on macmini-secondary (100.70.181.127) at: /Volumes/PHILIPS_SSD
=== 💾 PHILIPS SSD MULTI-NODE DISCOVERY & MOUNT UTILITY ===
Current Node: dios-macbook-air (Tue Aug 18 00:52:15 EEST 2026)
🔍 Discovered unmounted Philips SSD partition: disk4s1
Mounting diskutil mount disk4s1...
Volume KINGSTON on disk4s1 mounted
⚠️ Not found locally on dios-macbook-air. Querying Tailscale mesh nodes...
✅ Philips SSD located on macmini-secondary (100.70.181.127) at: /Volumes/PHILIPS_SSD
=== 💾 PHILIPS SSD MULTI-NODE DISCOVERY & MOUNT UTILITY ===
Current Node: dios-macbook-air (Tue Aug 18 00:57:17 EEST 2026)
🔍 Discovered unmounted Philips SSD partition: disk4s1
Mounting diskutil mount disk4s1...
Volume KINGSTON on disk4s1 mounted
⚠️ Not found locally on dios-macbook-air. Querying Tailscale mesh nodes...
✅ Philips SSD located on macmini-secondary (100.70.181.127) at: /Volumes/PHILIPS_SSD
=== 💾 PHILIPS SSD MULTI-NODE DISCOVERY & MOUNT UTILITY ===
Current Node: dios-macbook-air (Tue Aug 18 01:02:19 EEST 2026)
🔍 Discovered unmounted Philips SSD partition: disk4s1
Mounting diskutil mount disk4s1...
Volume KINGSTON on disk4s1 mounted
⚠️ Not found locally on dios-macbook-air. Querying Tailscale mesh nodes...
✅ Philips SSD located on macmini-secondary (100.70.181.127) at: /Volumes/PHILIPS_SSD
=== 💾 PHILIPS SSD MULTI-NODE DISCOVERY & MOUNT UTILITY ===
Current Node: dios-macbook-air (Tue Aug 18 01:07:20 EEST 2026)
🔍 Discovered unmounted Philips SSD partition: disk4s1
Mounting diskutil mount disk4s1...
Volume KINGSTON on disk4s1 mounted
⚠️ Not found locally on dios-macbook-air. Querying Tailscale mesh nodes...
✅ Philips SSD located on macmini-secondary (100.70.181.127) at: /Volumes/PHILIPS_SSD
=== 💾 PHILIPS SSD MULTI-NODE DISCOVERY & MOUNT UTILITY ===
Current Node: dios-macbook-air (Tue Aug 18 01:12:22 EEST 2026)
🔍 Discovered unmounted Philips SSD partition: disk4s1
Mounting diskutil mount disk4s1...
Volume KINGSTON on disk4s1 mounted
⚠️ Not found locally on dios-macbook-air. Querying Tailscale mesh nodes...
✅ Philips SSD located on macmini-secondary (100.70.181.127) at: /Volumes/PHILIPS_SSD
=== 💾 PHILIPS SSD MULTI-NODE DISCOVERY & MOUNT UTILITY ===
Current Node: dios-macbook-air (Tue Aug 18 01:17:24 EEST 2026)
🔍 Discovered unmounted Philips SSD partition: disk4s1
Mounting diskutil mount disk4s1...
Volume KINGSTON on disk4s1 mounted
⚠️ Not found locally on dios-macbook-air. Querying Tailscale mesh nodes...
✅ Philips SSD located on macmini-secondary (100.70.181.127) at: /Volumes/PHILIPS_SSD
=== 💾 PHILIPS SSD MULTI-NODE DISCOVERY & MOUNT UTILITY ===
Current Node: dios-macbook-air (Tue Aug 18 01:22:26 EEST 2026)
🔍 Discovered unmounted Philips SSD partition: disk4s1
Mounting diskutil mount disk4s1...
Volume KINGSTON on disk4s1 mounted
⚠️ Not found locally on dios-macbook-air. Querying Tailscale mesh nodes...
✅ Philips SSD located on macmini-secondary (100.70.181.127) at: /Volumes/PHILIPS_SSD
=== 💾 PHILIPS SSD MULTI-NODE DISCOVERY & MOUNT UTILITY ===
Current Node: dios-macbook-air (Tue Aug 18 01:27:28 EEST 2026)
🔍 Discovered unmounted Philips SSD partition: disk4s1
Mounting diskutil mount disk4s1...
Volume KINGSTON on disk4s1 mounted
⚠️ Not found locally on dios-macbook-air. Querying Tailscale mesh nodes...
✅ Philips SSD located on macmini-secondary (100.70.181.127) at: /Volumes/PHILIPS_SSD
=== 💾 PHILIPS SSD MULTI-NODE DISCOVERY & MOUNT UTILITY ===
Current Node: dios-macbook-air (Tue Aug 18 01:32:29 EEST 2026)
🔍 Discovered unmounted Philips SSD partition: disk4s1
Mounting diskutil mount disk4s1...
Volume KINGSTON on disk4s1 mounted
⚠️ Not found locally on dios-macbook-air. Querying Tailscale mesh nodes...
✅ Philips SSD located on macmini-secondary (100.70.181.127) at: /Volumes/PHILIPS_SSD
=== 💾 PHILIPS SSD MULTI-NODE DISCOVERY & MOUNT UTILITY ===
Current Node: dios-macbook-air (Tue Aug 18 01:37:32 EEST 2026)
🔍 Discovered unmounted Philips SSD partition: disk4s1
Mounting diskutil mount disk4s1...
Volume KINGSTON on disk4s1 mounted
⚠️ Not found locally on dios-macbook-air. Querying Tailscale mesh nodes...
✅ Philips SSD located on macmini-secondary (100.70.181.127) at: /Volumes/PHILIPS_SSD
=== 💾 PHILIPS SSD MULTI-NODE DISCOVERY & MOUNT UTILITY ===
Current Node: dios-macbook-air (Tue Aug 18 01:42:34 EEST 2026)
🔍 Discovered unmounted Philips SSD partition: disk4s1
Mounting diskutil mount disk4s1...
Volume KINGSTON on disk4s1 mounted
⚠️ Not found locally on dios-macbook-air. Querying Tailscale mesh nodes...
✅ Philips SSD located on macmini-secondary (100.70.181.127) at: /Volumes/PHILIPS_SSD
=== 💾 PHILIPS SSD MULTI-NODE DISCOVERY & MOUNT UTILITY ===
Current Node: dios-macbook-air (Tue Aug 18 01:47:35 EEST 2026)
🔍 Discovered unmounted Philips SSD partition: disk4s1
Mounting diskutil mount disk4s1...
Volume KINGSTON on disk4s1 mounted
⚠️ Not found locally on dios-macbook-air. Querying Tailscale mesh nodes...
✅ Philips SSD located on macmini-secondary (100.70.181.127) at: /Volumes/PHILIPS_SSD
=== 💾 PHILIPS SSD MULTI-NODE DISCOVERY & MOUNT UTILITY ===
Current Node: dios-macbook-air (Tue Aug 18 01:52:37 EEST 2026)
🔍 Discovered unmounted Philips SSD partition: disk4s1
Mounting diskutil mount disk4s1...
Volume KINGSTON on disk4s1 mounted
⚠️ Not found locally on dios-macbook-air. Querying Tailscale mesh nodes...
✅ Philips SSD located on macmini-secondary (100.70.181.127) at: /Volumes/PHILIPS_SSD
=== 💾 PHILIPS SSD MULTI-NODE DISCOVERY & MOUNT UTILITY ===
Current Node: dios-macbook-air (Tue Aug 18 01:57:39 EEST 2026)
🔍 Discovered unmounted Philips SSD partition: disk4s1
Mounting diskutil mount disk4s1...
Volume KINGSTON on disk4s1 mounted
⚠️ Not found locally on dios-macbook-air. Querying Tailscale mesh nodes...
✅ Philips SSD located on macmini-secondary (100.70.181.127) at: /Volumes/PHILIPS_SSD
=== 💾 PHILIPS SSD MULTI-NODE DISCOVERY & MOUNT UTILITY ===
Current Node: dios-macbook-air (Tue Aug 18 02:02:40 EEST 2026)
🔍 Discovered unmounted Philips SSD partition: disk4s1
Mounting diskutil mount disk4s1...
Volume KINGSTON on disk4s1 mounted
⚠️ Not found locally on dios-macbook-air. Querying Tailscale mesh nodes...
✅ Philips SSD located on macmini-secondary (100.70.181.127) at: /Volumes/PHILIPS_SSD
=== 💾 PHILIPS SSD MULTI-NODE DISCOVERY & MOUNT UTILITY ===
Current Node: dios-macbook-air (Tue Aug 18 02:07:42 EEST 2026)
🔍 Discovered unmounted Philips SSD partition: disk4s1
Mounting diskutil mount disk4s1...
Volume KINGSTON on disk4s1 mounted
⚠️ Not found locally on dios-macbook-air. Querying Tailscale mesh nodes...
✅ Philips SSD located on macmini-secondary (100.70.181.127) at: /Volumes/PHILIPS_SSD
=== 💾 PHILIPS SSD MULTI-NODE DISCOVERY & MOUNT UTILITY ===
Current Node: dios-macbook-air (Tue Aug 18 02:12:44 EEST 2026)
🔍 Discovered unmounted Philips SSD partition: disk4s1
Mounting diskutil mount disk4s1...
Volume KINGSTON on disk4s1 mounted
⚠️ Not found locally on dios-macbook-air. Querying Tailscale mesh nodes...
✅ Philips SSD located on macmini-secondary (100.70.181.127) at: /Volumes/PHILIPS_SSD
=== 💾 PHILIPS SSD MULTI-NODE DISCOVERY & MOUNT UTILITY ===
Current Node: dios-macbook-air (Tue Aug 18 02:17:45 EEST 2026)
🔍 Discovered unmounted Philips SSD partition: disk4s1
Mounting diskutil mount disk4s1...
Volume KINGSTON on disk4s1 mounted
⚠️ Not found locally on dios-macbook-air. Querying Tailscale mesh nodes...
✅ Philips SSD located on macmini-secondary (100.70.181.127) at: /Volumes/PHILIPS_SSD
=== 💾 PHILIPS SSD MULTI-NODE DISCOVERY & MOUNT UTILITY ===
Current Node: dios-macbook-air (Tue Aug 18 02:22:47 EEST 2026)
🔍 Discovered unmounted Philips SSD partition: disk4s1
Mounting diskutil mount disk4s1...
Volume KINGSTON on disk4s1 mounted
⚠️ Not found locally on dios-macbook-air. Querying Tailscale mesh nodes...
✅ Philips SSD located on macmini-secondary (100.70.181.127) at: /Volumes/PHILIPS_SSD
=== 💾 PHILIPS SSD MULTI-NODE DISCOVERY & MOUNT UTILITY ===
Current Node: dios-macbook-air (Tue Aug 18 02:27:49 EEST 2026)
🔍 Discovered unmounted Philips SSD partition: disk4s1
Mounting diskutil mount disk4s1...
Volume KINGSTON on disk4s1 mounted
⚠️ Not found locally on dios-macbook-air. Querying Tailscale mesh nodes...
✅ Philips SSD located on macmini-secondary (100.70.181.127) at: /Volumes/PHILIPS_SSD
=== 💾 PHILIPS SSD MULTI-NODE DISCOVERY & MOUNT UTILITY ===
Current Node: dios-macbook-air (Tue Aug 18 02:32:51 EEST 2026)
🔍 Discovered unmounted Philips SSD partition: disk4s1
Mounting diskutil mount disk4s1...
Volume KINGSTON on disk4s1 mounted
⚠️ Not found locally on dios-macbook-air. Querying Tailscale mesh nodes...
✅ Philips SSD located on macmini-secondary (100.70.181.127) at: /Volumes/PHILIPS_SSD
=== 💾 PHILIPS SSD MULTI-NODE DISCOVERY & MOUNT UTILITY ===
Current Node: dios-macbook-air (Tue Aug 18 02:37:54 EEST 2026)
🔍 Discovered unmounted Philips SSD partition: disk4s1
Mounting diskutil mount disk4s1...
Volume KINGSTON on disk4s1 mounted
⚠️ Not found locally on dios-macbook-air. Querying Tailscale mesh nodes...
✅ Philips SSD located on macmini-secondary (100.70.181.127) at: /Volumes/PHILIPS_SSD
=== 💾 PHILIPS SSD MULTI-NODE DISCOVERY & MOUNT UTILITY ===
Current Node: dios-macbook-air (Tue Aug 18 02:42:55 EEST 2026)
🔍 Discovered unmounted Philips SSD partition: disk4s1
Mounting diskutil mount disk4s1...
Volume KINGSTON on disk4s1 mounted
⚠️ Not found locally on dios-macbook-air. Querying Tailscale mesh nodes...
✅ Philips SSD located on macmini-secondary (100.70.181.127) at: /Volumes/PHILIPS_SSD
=== 💾 PHILIPS SSD MULTI-NODE DISCOVERY & MOUNT UTILITY ===
Current Node: dios-macbook-air (Tue Aug 18 02:47:57 EEST 2026)
🔍 Discovered unmounted Philips SSD partition: disk4s1
Mounting diskutil mount disk4s1...
Volume KINGSTON on disk4s1 mounted
⚠️ Not found locally on dios-macbook-air. Querying Tailscale mesh nodes...
✅ Philips SSD located on macmini-secondary (100.70.181.127) at: /Volumes/PHILIPS_SSD
=== 💾 PHILIPS SSD MULTI-NODE DISCOVERY & MOUNT UTILITY ===
Current Node: dios-macbook-air (Tue Aug 18 02:52:58 EEST 2026)
🔍 Discovered unmounted Philips SSD partition: disk4s1
Mounting diskutil mount disk4s1...
Volume KINGSTON on disk4s1 mounted
⚠️ Not found locally on dios-macbook-air. Querying Tailscale mesh nodes...
✅ Philips SSD located on macmini-secondary (100.70.181.127) at: /Volumes/PHILIPS_SSD
=== 💾 PHILIPS SSD MULTI-NODE DISCOVERY & MOUNT UTILITY ===
Current Node: dios-macbook-air (Tue Aug 18 02:58:00 EEST 2026)
🔍 Discovered unmounted Philips SSD partition: disk4s1
Mounting diskutil mount disk4s1...
Volume KINGSTON on disk4s1 mounted
⚠️ Not found locally on dios-macbook-air. Querying Tailscale mesh nodes...
✅ Philips SSD located on macmini-secondary (100.70.181.127) at: /Volumes/PHILIPS_SSD
=== 💾 PHILIPS SSD MULTI-NODE DISCOVERY & MOUNT UTILITY ===
Current Node: dios-macbook-air (Tue Aug 18 03:03:02 EEST 2026)
🔍 Discovered unmounted Philips SSD partition: disk4s1
Mounting diskutil mount disk4s1...
Volume KINGSTON on disk4s1 mounted
⚠️ Not found locally on dios-macbook-air. Querying Tailscale mesh nodes...
✅ Philips SSD located on macmini-secondary (100.70.181.127) at: /Volumes/PHILIPS_SSD
=== 💾 PHILIPS SSD MULTI-NODE DISCOVERY & MOUNT UTILITY ===
Current Node: dios-macbook-air (Tue Aug 18 03:08:04 EEST 2026)
🔍 Discovered unmounted Philips SSD partition: disk4s1
Mounting diskutil mount disk4s1...
Volume KINGSTON on disk4s1 mounted
⚠️ Not found locally on dios-macbook-air. Querying Tailscale mesh nodes...
✅ Philips SSD located on macmini-secondary (100.70.181.127) at: /Volumes/PHILIPS_SSD
=== 💾 PHILIPS SSD MULTI-NODE DISCOVERY & MOUNT UTILITY ===
Current Node: dios-macbook-air (Tue Aug 18 03:13:06 EEST 2026)
🔍 Discovered unmounted Philips SSD partition: disk4s1
Mounting diskutil mount disk4s1...
Volume KINGSTON on disk4s1 mounted
⚠️ Not found locally on dios-macbook-air. Querying Tailscale mesh nodes...
✅ Philips SSD located on macmini-secondary (100.70.181.127) at: /Volumes/PHILIPS_SSD
=== 💾 PHILIPS SSD MULTI-NODE DISCOVERY & MOUNT UTILITY ===
Current Node: dios-macbook-air (Tue Aug 18 03:18:08 EEST 2026)
🔍 Discovered unmounted Philips SSD partition: disk4s1
Mounting diskutil mount disk4s1...
Volume KINGSTON on disk4s1 mounted
⚠️ Not found locally on dios-macbook-air. Querying Tailscale mesh nodes...
✅ Philips SSD located on macmini-secondary (100.70.181.127) at: /Volumes/PHILIPS_SSD
=== 💾 PHILIPS SSD MULTI-NODE DISCOVERY & MOUNT UTILITY ===
Current Node: dios-macbook-air (Tue Aug 18 03:23:10 EEST 2026)
🔍 Discovered unmounted Philips SSD partition: disk4s1
Mounting diskutil mount disk4s1...
Volume KINGSTON on disk4s1 mounted
⚠️ Not found locally on dios-macbook-air. Querying Tailscale mesh nodes...
✅ Philips SSD located on macmini-secondary (100.70.181.127) at: /Volumes/PHILIPS_SSD
=== 💾 PHILIPS SSD MULTI-NODE DISCOVERY & MOUNT UTILITY ===
Current Node: dios-macbook-air (Tue Aug 18 03:28:11 EEST 2026)
🔍 Discovered unmounted Philips SSD partition: disk4s1
Mounting diskutil mount disk4s1...
Volume KINGSTON on disk4s1 mounted
⚠️ Not found locally on dios-macbook-air. Querying Tailscale mesh nodes...
✅ Philips SSD located on macmini-secondary (100.70.181.127) at: /Volumes/PHILIPS_SSD
=== 💾 PHILIPS SSD MULTI-NODE DISCOVERY & MOUNT UTILITY ===
Current Node: dios-macbook-air (Tue Aug 18 03:33:13 EEST 2026)
🔍 Discovered unmounted Philips SSD partition: disk4s1
Mounting diskutil mount disk4s1...
Volume KINGSTON on disk4s1 mounted
⚠️ Not found locally on dios-macbook-air. Querying Tailscale mesh nodes...
✅ Philips SSD located on macmini-secondary (100.70.181.127) at: /Volumes/PHILIPS_SSD
=== 💾 PHILIPS SSD MULTI-NODE DISCOVERY & MOUNT UTILITY ===
Current Node: dios-macbook-air (Tue Aug 18 03:38:15 EEST 2026)
🔍 Discovered unmounted Philips SSD partition: disk4s1
Mounting diskutil mount disk4s1...
Volume KINGSTON on disk4s1 mounted
⚠️ Not found locally on dios-macbook-air. Querying Tailscale mesh nodes...
✅ Philips SSD located on macmini-secondary (100.70.181.127) at: /Volumes/PHILIPS_SSD
=== 💾 PHILIPS SSD MULTI-NODE DISCOVERY & MOUNT UTILITY ===
Current Node: dios-macbook-air (Tue Aug 18 03:43:16 EEST 2026)
🔍 Discovered unmounted Philips SSD partition: disk4s1
Mounting diskutil mount disk4s1...
Volume KINGSTON on disk4s1 mounted
⚠️ Not found locally on dios-macbook-air. Querying Tailscale mesh nodes...
✅ Philips SSD located on macmini-secondary (100.70.181.127) at: /Volumes/PHILIPS_SSD
=== 💾 PHILIPS SSD MULTI-NODE DISCOVERY & MOUNT UTILITY ===
Current Node: dios-macbook-air (Tue Aug 18 03:48:18 EEST 2026)
🔍 Discovered unmounted Philips SSD partition: disk4s1
Mounting diskutil mount disk4s1...
Volume KINGSTON on disk4s1 mounted
⚠️ Not found locally on dios-macbook-air. Querying Tailscale mesh nodes...
✅ Philips SSD located on macmini-secondary (100.70.181.127) at: /Volumes/PHILIPS_SSD
=== 💾 PHILIPS SSD MULTI-NODE DISCOVERY & MOUNT UTILITY ===
Current Node: dios-macbook-air (Tue Aug 18 03:53:20 EEST 2026)
🔍 Discovered unmounted Philips SSD partition: disk4s1
Mounting diskutil mount disk4s1...
Volume KINGSTON on disk4s1 mounted
⚠️ Not found locally on dios-macbook-air. Querying Tailscale mesh nodes...
✅ Philips SSD located on macmini-secondary (100.70.181.127) at: /Volumes/PHILIPS_SSD
=== 💾 PHILIPS SSD MULTI-NODE DISCOVERY & MOUNT UTILITY ===
Current Node: dios-macbook-air (Tue Aug 18 03:58:22 EEST 2026)
🔍 Discovered unmounted Philips SSD partition: disk4s1
Mounting diskutil mount disk4s1...
Volume KINGSTON on disk4s1 mounted
⚠️ Not found locally on dios-macbook-air. Querying Tailscale mesh nodes...
✅ Philips SSD located on macmini-secondary (100.70.181.127) at: /Volumes/PHILIPS_SSD
=== 💾 PHILIPS SSD MULTI-NODE DISCOVERY & MOUNT UTILITY ===
Current Node: dios-macbook-air (Tue Aug 18 04:03:24 EEST 2026)
🔍 Discovered unmounted Philips SSD partition: disk4s1
Mounting diskutil mount disk4s1...
Volume KINGSTON on disk4s1 mounted
⚠️ Not found locally on dios-macbook-air. Querying Tailscale mesh nodes...
✅ Philips SSD located on macmini-secondary (100.70.181.127) at: /Volumes/PHILIPS_SSD
=== 💾 PHILIPS SSD MULTI-NODE DISCOVERY & MOUNT UTILITY ===
Current Node: dios-macbook-air (Tue Aug 18 04:08:26 EEST 2026)
🔍 Discovered unmounted Philips SSD partition: disk4s1
Mounting diskutil mount disk4s1...
Volume KINGSTON on disk4s1 mounted
⚠️ Not found locally on dios-macbook-air. Querying Tailscale mesh nodes...
✅ Philips SSD located on macmini-secondary (100.70.181.127) at: /Volumes/PHILIPS_SSD
=== 💾 PHILIPS SSD MULTI-NODE DISCOVERY & MOUNT UTILITY ===
Current Node: dios-macbook-air (Tue Aug 18 04:13:28 EEST 2026)
🔍 Discovered unmounted Philips SSD partition: disk4s1
Mounting diskutil mount disk4s1...
Volume KINGSTON on disk4s1 mounted
⚠️ Not found locally on dios-macbook-air. Querying Tailscale mesh nodes...
✅ Philips SSD located on macmini-secondary (100.70.181.127) at: /Volumes/PHILIPS_SSD
=== 💾 PHILIPS SSD MULTI-NODE DISCOVERY & MOUNT UTILITY ===
Current Node: dios-macbook-air (Tue Aug 18 04:18:30 EEST 2026)
🔍 Discovered unmounted Philips SSD partition: disk4s1
Mounting diskutil mount disk4s1...
Volume KINGSTON on disk4s1 mounted
⚠️ Not found locally on dios-macbook-air. Querying Tailscale mesh nodes...
✅ Philips SSD located on macmini-secondary (100.70.181.127) at: /Volumes/PHILIPS_SSD
=== 💾 PHILIPS SSD MULTI-NODE DISCOVERY & MOUNT UTILITY ===
Current Node: dios-macbook-air (Tue Aug 18 04:23:32 EEST 2026)
🔍 Discovered unmounted Philips SSD partition: disk4s1
Mounting diskutil mount disk4s1...
Volume KINGSTON on disk4s1 mounted
⚠️ Not found locally on dios-macbook-air. Querying Tailscale mesh nodes...
✅ Philips SSD located on macmini-secondary (100.70.181.127) at: /Volumes/PHILIPS_SSD
=== 💾 PHILIPS SSD MULTI-NODE DISCOVERY & MOUNT UTILITY ===
Current Node: dios-macbook-air (Tue Aug 18 04:28:34 EEST 2026)
🔍 Discovered unmounted Philips SSD partition: disk4s1
Mounting diskutil mount disk4s1...
Volume KINGSTON on disk4s1 mounted
⚠️ Not found locally on dios-macbook-air. Querying Tailscale mesh nodes...
✅ Philips SSD located on macmini-secondary (100.70.181.127) at: /Volumes/PHILIPS_SSD
=== 💾 PHILIPS SSD MULTI-NODE DISCOVERY & MOUNT UTILITY ===
Current Node: dios-macbook-air (Tue Aug 18 04:33:36 EEST 2026)
🔍 Discovered unmounted Philips SSD partition: disk4s1
Mounting diskutil mount disk4s1...
Volume KINGSTON on disk4s1 mounted
⚠️ Not found locally on dios-macbook-air. Querying Tailscale mesh nodes...
✅ Philips SSD located on macmini-secondary (100.70.181.127) at: /Volumes/PHILIPS_SSD
=== 💾 PHILIPS SSD MULTI-NODE DISCOVERY & MOUNT UTILITY ===
Current Node: dios-macbook-air (Tue Aug 18 04:38:38 EEST 2026)
🔍 Discovered unmounted Philips SSD partition: disk4s1
Mounting diskutil mount disk4s1...
Volume KINGSTON on disk4s1 mounted
⚠️ Not found locally on dios-macbook-air. Querying Tailscale mesh nodes...
✅ Philips SSD located on macmini-secondary (100.70.181.127) at: /Volumes/PHILIPS_SSD
=== 💾 PHILIPS SSD MULTI-NODE DISCOVERY & MOUNT UTILITY ===
Current Node: dios-macbook-air (Tue Aug 18 04:43:40 EEST 2026)
🔍 Discovered unmounted Philips SSD partition: disk4s1
Mounting diskutil mount disk4s1...
Volume KINGSTON on disk4s1 mounted
⚠️ Not found locally on dios-macbook-air. Querying Tailscale mesh nodes...
✅ Philips SSD located on macmini-secondary (100.70.181.127) at: /Volumes/PHILIPS_SSD
=== 💾 PHILIPS SSD MULTI-NODE DISCOVERY & MOUNT UTILITY ===
Current Node: dios-macbook-air (Tue Aug 18 04:48:42 EEST 2026)
🔍 Discovered unmounted Philips SSD partition: disk4s1
Mounting diskutil mount disk4s1...
Volume KINGSTON on disk4s1 mounted
⚠️ Not found locally on dios-macbook-air. Querying Tailscale mesh nodes...
✅ Philips SSD located on macmini-secondary (100.70.181.127) at: /Volumes/PHILIPS_SSD
=== 💾 PHILIPS SSD MULTI-NODE DISCOVERY & MOUNT UTILITY ===
Current Node: dios-macbook-air (Tue Aug 18 04:53:43 EEST 2026)
🔍 Discovered unmounted Philips SSD partition: disk4s1
Mounting diskutil mount disk4s1...
Volume KINGSTON on disk4s1 mounted
⚠️ Not found locally on dios-macbook-air. Querying Tailscale mesh nodes...
✅ Philips SSD located on macmini-secondary (100.70.181.127) at: /Volumes/PHILIPS_SSD
=== 💾 PHILIPS SSD MULTI-NODE DISCOVERY & MOUNT UTILITY ===
Current Node: dios-macbook-air (Tue Aug 18 04:58:45 EEST 2026)
🔍 Discovered unmounted Philips SSD partition: disk4s1
Mounting diskutil mount disk4s1...
Volume KINGSTON on disk4s1 mounted
⚠️ Not found locally on dios-macbook-air. Querying Tailscale mesh nodes...
✅ Philips SSD located on macmini-secondary (100.70.181.127) at: /Volumes/PHILIPS_SSD
=== 💾 PHILIPS SSD MULTI-NODE DISCOVERY & MOUNT UTILITY ===
Current Node: dios-macbook-air (Tue Aug 18 05:03:47 EEST 2026)
🔍 Discovered unmounted Philips SSD partition: disk4s1
Mounting diskutil mount disk4s1...
Volume KINGSTON on disk4s1 mounted
⚠️ Not found locally on dios-macbook-air. Querying Tailscale mesh nodes...
✅ Philips SSD located on macmini-secondary (100.70.181.127) at: /Volumes/PHILIPS_SSD
=== 💾 PHILIPS SSD MULTI-NODE DISCOVERY & MOUNT UTILITY ===
Current Node: dios-macbook-air (Tue Aug 18 05:08:48 EEST 2026)
🔍 Discovered unmounted Philips SSD partition: disk4s1
Mounting diskutil mount disk4s1...
Volume KINGSTON on disk4s1 mounted
⚠️ Not found locally on dios-macbook-air. Querying Tailscale mesh nodes...
✅ Philips SSD located on macmini-secondary (100.70.181.127) at: /Volumes/PHILIPS_SSD
=== 💾 PHILIPS SSD MULTI-NODE DISCOVERY & MOUNT UTILITY ===
Current Node: dios-macbook-air (Tue Aug 18 05:13:50 EEST 2026)
🔍 Discovered unmounted Philips SSD partition: disk4s1
Mounting diskutil mount disk4s1...
Volume KINGSTON on disk4s1 mounted
⚠️ Not found locally on dios-macbook-air. Querying Tailscale mesh nodes...
✅ Philips SSD located on macmini-secondary (100.70.181.127) at: /Volumes/PHILIPS_SSD
=== 💾 PHILIPS SSD MULTI-NODE DISCOVERY & MOUNT UTILITY ===
Current Node: dios-macbook-air (Tue Aug 18 05:18:51 EEST 2026)
🔍 Discovered unmounted Philips SSD partition: disk4s1
Mounting diskutil mount disk4s1...
Volume KINGSTON on disk4s1 mounted
⚠️ Not found locally on dios-macbook-air. Querying Tailscale mesh nodes...
✅ Philips SSD located on macmini-secondary (100.70.181.127) at: /Volumes/PHILIPS_SSD
=== 💾 PHILIPS SSD MULTI-NODE DISCOVERY & MOUNT UTILITY ===
Current Node: dios-macbook-air (Tue Aug 18 05:23:53 EEST 2026)
🔍 Discovered unmounted Philips SSD partition: disk4s1
Mounting diskutil mount disk4s1...
Volume KINGSTON on disk4s1 mounted
⚠️ Not found locally on dios-macbook-air. Querying Tailscale mesh nodes...
✅ Philips SSD located on macmini-secondary (100.70.181.127) at: /Volumes/PHILIPS_SSD
=== 💾 PHILIPS SSD MULTI-NODE DISCOVERY & MOUNT UTILITY ===
Current Node: dios-macbook-air (Tue Aug 18 05:28:55 EEST 2026)
🔍 Discovered unmounted Philips SSD partition: disk4s1
Mounting diskutil mount disk4s1...
Volume KINGSTON on disk4s1 mounted
⚠️ Not found locally on dios-macbook-air. Querying Tailscale mesh nodes...
✅ Philips SSD located on macmini-secondary (100.70.181.127) at: /Volumes/PHILIPS_SSD
=== 💾 PHILIPS SSD MULTI-NODE DISCOVERY & MOUNT UTILITY ===
Current Node: dios-macbook-air (Tue Aug 18 05:33:56 EEST 2026)
🔍 Discovered unmounted Philips SSD partition: disk4s1
Mounting diskutil mount disk4s1...
Volume KINGSTON on disk4s1 mounted
⚠️ Not found locally on dios-macbook-air. Querying Tailscale mesh nodes...
✅ Philips SSD located on macmini-secondary (100.70.181.127) at: /Volumes/PHILIPS_SSD
=== 💾 PHILIPS SSD MULTI-NODE DISCOVERY & MOUNT UTILITY ===
Current Node: dios-macbook-air (Tue Aug 18 05:38:58 EEST 2026)
🔍 Discovered unmounted Philips SSD partition: disk4s1
Mounting diskutil mount disk4s1...
Volume KINGSTON on disk4s1 mounted
⚠️ Not found locally on dios-macbook-air. Querying Tailscale mesh nodes...
✅ Philips SSD located on macmini-secondary (100.70.181.127) at: /Volumes/PHILIPS_SSD
=== 💾 PHILIPS SSD MULTI-NODE DISCOVERY & MOUNT UTILITY ===
Current Node: dios-macbook-air (Tue Aug 18 05:44:00 EEST 2026)
🔍 Discovered unmounted Philips SSD partition: disk4s1
Mounting diskutil mount disk4s1...
Volume KINGSTON on disk4s1 mounted
⚠️ Not found locally on dios-macbook-air. Querying Tailscale mesh nodes...
✅ Philips SSD located on macmini-secondary (100.70.181.127) at: /Volumes/PHILIPS_SSD
=== 💾 PHILIPS SSD MULTI-NODE DISCOVERY & MOUNT UTILITY ===
Current Node: dios-macbook-air (Tue Aug 18 05:49:02 EEST 2026)
🔍 Discovered unmounted Philips SSD partition: disk4s1
Mounting diskutil mount disk4s1...
Volume KINGSTON on disk4s1 mounted
⚠️ Not found locally on dios-macbook-air. Querying Tailscale mesh nodes...
✅ Philips SSD located on macmini-secondary (100.70.181.127) at: /Volumes/PHILIPS_SSD
=== 💾 PHILIPS SSD MULTI-NODE DISCOVERY & MOUNT UTILITY ===
Current Node: dios-macbook-air (Tue Aug 18 05:54:04 EEST 2026)
🔍 Discovered unmounted Philips SSD partition: disk4s1
Mounting diskutil mount disk4s1...
Volume KINGSTON on disk4s1 mounted
⚠️ Not found locally on dios-macbook-air. Querying Tailscale mesh nodes...
✅ Philips SSD located on macmini-secondary (100.70.181.127) at: /Volumes/PHILIPS_SSD
=== 💾 PHILIPS SSD MULTI-NODE DISCOVERY & MOUNT UTILITY ===
Current Node: dios-macbook-air (Tue Aug 18 05:59:06 EEST 2026)
🔍 Discovered unmounted Philips SSD partition: disk4s1
Mounting diskutil mount disk4s1...
Volume KINGSTON on disk4s1 mounted
⚠️ Not found locally on dios-macbook-air. Querying Tailscale mesh nodes...
✅ Philips SSD located on macmini-secondary (100.70.181.127) at: /Volumes/PHILIPS_SSD
=== 💾 PHILIPS SSD MULTI-NODE DISCOVERY & MOUNT UTILITY ===
Current Node: dios-macbook-air (Tue Aug 18 06:04:07 EEST 2026)
🔍 Discovered unmounted Philips SSD partition: disk4s1
Mounting diskutil mount disk4s1...
Volume KINGSTON on disk4s1 mounted
⚠️ Not found locally on dios-macbook-air. Querying Tailscale mesh nodes...
✅ Philips SSD located on macmini-secondary (100.70.181.127) at: /Volumes/PHILIPS_SSD
=== 💾 PHILIPS SSD MULTI-NODE DISCOVERY & MOUNT UTILITY ===
Current Node: dios-macbook-air (Tue Aug 18 06:09:09 EEST 2026)
🔍 Discovered unmounted Philips SSD partition: disk4s1
Mounting diskutil mount disk4s1...
Volume KINGSTON on disk4s1 mounted
⚠️ Not found locally on dios-macbook-air. Querying Tailscale mesh nodes...
✅ Philips SSD located on macmini-secondary (100.70.181.127) at: /Volumes/PHILIPS_SSD
=== 💾 PHILIPS SSD MULTI-NODE DISCOVERY & MOUNT UTILITY ===
Current Node: dios-macbook-air (Tue Aug 18 06:14:11 EEST 2026)
🔍 Discovered unmounted Philips SSD partition: disk4s1
Mounting diskutil mount disk4s1...
Volume KINGSTON on disk4s1 mounted
⚠️ Not found locally on dios-macbook-air. Querying Tailscale mesh nodes...
✅ Philips SSD located on macmini-secondary (100.70.181.127) at: /Volumes/PHILIPS_SSD
=== 💾 PHILIPS SSD MULTI-NODE DISCOVERY & MOUNT UTILITY ===
Current Node: dios-macbook-air (Tue Aug 18 06:19:13 EEST 2026)
🔍 Discovered unmounted Philips SSD partition: disk4s1
Mounting diskutil mount disk4s1...
Volume KINGSTON on disk4s1 mounted
⚠️ Not found locally on dios-macbook-air. Querying Tailscale mesh nodes...
✅ Philips SSD located on macmini-secondary (100.70.181.127) at: /Volumes/PHILIPS_SSD
=== 💾 PHILIPS SSD MULTI-NODE DISCOVERY & MOUNT UTILITY ===
Current Node: dios-macbook-air (Tue Aug 18 06:24:15 EEST 2026)
🔍 Discovered unmounted Philips SSD partition: disk4s1
Mounting diskutil mount disk4s1...
Volume KINGSTON on disk4s1 mounted
⚠️ Not found locally on dios-macbook-air. Querying Tailscale mesh nodes...
✅ Philips SSD located on macmini-secondary (100.70.181.127) at: /Volumes/PHILIPS_SSD
=== 💾 PHILIPS SSD MULTI-NODE DISCOVERY & MOUNT UTILITY ===
Current Node: dios-macbook-air (Tue Aug 18 06:29:16 EEST 2026)
🔍 Discovered unmounted Philips SSD partition: disk4s1
Mounting diskutil mount disk4s1...
Volume KINGSTON on disk4s1 mounted
⚠️ Not found locally on dios-macbook-air. Querying Tailscale mesh nodes...
✅ Philips SSD located on macmini-secondary (100.70.181.127) at: /Volumes/PHILIPS_SSD
=== 💾 PHILIPS SSD MULTI-NODE DISCOVERY & MOUNT UTILITY ===
Current Node: dios-macbook-air (Tue Aug 18 06:34:19 EEST 2026)
🔍 Discovered unmounted Philips SSD partition: disk4s1
Mounting diskutil mount disk4s1...
Volume KINGSTON on disk4s1 mounted
⚠️ Not found locally on dios-macbook-air. Querying Tailscale mesh nodes...
✅ Philips SSD located on macmini-secondary (100.70.181.127) at: /Volumes/PHILIPS_SSD
=== 💾 PHILIPS SSD MULTI-NODE DISCOVERY & MOUNT UTILITY ===
Current Node: dios-macbook-air (Tue Aug 18 06:39:21 EEST 2026)
🔍 Discovered unmounted Philips SSD partition: disk4s1
Mounting diskutil mount disk4s1...
Volume KINGSTON on disk4s1 mounted
⚠️ Not found locally on dios-macbook-air. Querying Tailscale mesh nodes...
✅ Philips SSD located on macmini-secondary (100.70.181.127) at: /Volumes/PHILIPS_SSD
=== 💾 PHILIPS SSD MULTI-NODE DISCOVERY & MOUNT UTILITY ===
Current Node: dios-macbook-air (Tue Aug 18 06:44:24 EEST 2026)
🔍 Discovered unmounted Philips SSD partition: disk4s1
Mounting diskutil mount disk4s1...
Volume KINGSTON on disk4s1 mounted
⚠️ Not found locally on dios-macbook-air. Querying Tailscale mesh nodes...
✅ Philips SSD located on macmini-secondary (100.70.181.127) at: /Volumes/PHILIPS_SSD
=== 💾 PHILIPS SSD MULTI-NODE DISCOVERY & MOUNT UTILITY ===
Current Node: dios-macbook-air (Tue Aug 18 06:49:26 EEST 2026)
🔍 Discovered unmounted Philips SSD partition: disk4s1
Mounting diskutil mount disk4s1...
Volume KINGSTON on disk4s1 mounted
⚠️ Not found locally on dios-macbook-air. Querying Tailscale mesh nodes...
✅ Philips SSD located on macmini-secondary (100.70.181.127) at: /Volumes/PHILIPS_SSD
=== 💾 PHILIPS SSD MULTI-NODE DISCOVERY & MOUNT UTILITY ===
Current Node: dios-macbook-air (Tue Aug 18 06:54:28 EEST 2026)
🔍 Discovered unmounted Philips SSD partition: disk4s1
Mounting diskutil mount disk4s1...
Volume KINGSTON on disk4s1 mounted
⚠️ Not found locally on dios-macbook-air. Querying Tailscale mesh nodes...
✅ Philips SSD located on macmini-secondary (100.70.181.127) at: /Volumes/PHILIPS_SSD
=== 💾 PHILIPS SSD MULTI-NODE DISCOVERY & MOUNT UTILITY ===
Current Node: dios-macbook-air (Tue Aug 18 06:59:30 EEST 2026)
🔍 Discovered unmounted Philips SSD partition: disk4s1
Mounting diskutil mount disk4s1...
Volume KINGSTON on disk4s1 mounted
⚠️ Not found locally on dios-macbook-air. Querying Tailscale mesh nodes...
✅ Philips SSD located on macmini-secondary (100.70.181.127) at: /Volumes/PHILIPS_SSD
=== 💾 PHILIPS SSD MULTI-NODE DISCOVERY & MOUNT UTILITY ===
Current Node: dios-macbook-air (Tue Aug 18 07:04:32 EEST 2026)
🔍 Discovered unmounted Philips SSD partition: disk4s1
Mounting diskutil mount disk4s1...
Volume KINGSTON on disk4s1 mounted
⚠️ Not found locally on dios-macbook-air. Querying Tailscale mesh nodes...
✅ Philips SSD located on macmini-secondary (100.70.181.127) at: /Volumes/PHILIPS_SSD
=== 💾 PHILIPS SSD MULTI-NODE DISCOVERY & MOUNT UTILITY ===
Current Node: dios-macbook-air (Tue Aug 18 07:09:34 EEST 2026)
🔍 Discovered unmounted Philips SSD partition: disk4s1
Mounting diskutil mount disk4s1...
Volume KINGSTON on disk4s1 mounted
⚠️ Not found locally on dios-macbook-air. Querying Tailscale mesh nodes...
✅ Philips SSD located on macmini-secondary (100.70.181.127) at: /Volumes/PHILIPS_SSD
=== 💾 PHILIPS SSD MULTI-NODE DISCOVERY & MOUNT UTILITY ===
Current Node: dios-macbook-air (Tue Aug 18 07:14:36 EEST 2026)
🔍 Discovered unmounted Philips SSD partition: disk4s1
Mounting diskutil mount disk4s1...
Volume KINGSTON on disk4s1 mounted
⚠️ Not found locally on dios-macbook-air. Querying Tailscale mesh nodes...
✅ Philips SSD located on macmini-secondary (100.70.181.127) at: /Volumes/PHILIPS_SSD
=== 💾 PHILIPS SSD MULTI-NODE DISCOVERY & MOUNT UTILITY ===
Current Node: dios-macbook-air (Tue Aug 18 07:19:38 EEST 2026)
🔍 Discovered unmounted Philips SSD partition: disk4s1
Mounting diskutil mount disk4s1...
Volume KINGSTON on disk4s1 mounted
⚠️ Not found locally on dios-macbook-air. Querying Tailscale mesh nodes...
✅ Philips SSD located on macmini-secondary (100.70.181.127) at: /Volumes/PHILIPS_SSD
=== 💾 PHILIPS SSD MULTI-NODE DISCOVERY & MOUNT UTILITY ===
Current Node: dios-macbook-air (Tue Aug 18 07:24:40 EEST 2026)
🔍 Discovered unmounted Philips SSD partition: disk4s1
Mounting diskutil mount disk4s1...
Volume KINGSTON on disk4s1 mounted
⚠️ Not found locally on dios-macbook-air. Querying Tailscale mesh nodes...
✅ Philips SSD located on macmini-secondary (100.70.181.127) at: /Volumes/PHILIPS_SSD
=== 💾 PHILIPS SSD MULTI-NODE DISCOVERY & MOUNT UTILITY ===
Current Node: dios-macbook-air (Tue Aug 18 07:29:43 EEST 2026)
🔍 Discovered unmounted Philips SSD partition: disk4s1
Mounting diskutil mount disk4s1...
Volume KINGSTON on disk4s1 mounted
⚠️ Not found locally on dios-macbook-air. Querying Tailscale mesh nodes...
✅ Philips SSD located on macmini-secondary (100.70.181.127) at: /Volumes/PHILIPS_SSD
=== 💾 PHILIPS SSD MULTI-NODE DISCOVERY & MOUNT UTILITY ===
Current Node: dios-macbook-air (Tue Aug 18 07:34:46 EEST 2026)
🔍 Discovered unmounted Philips SSD partition: disk4s1
Mounting diskutil mount disk4s1...
Volume KINGSTON on disk4s1 mounted
⚠️ Not found locally on dios-macbook-air. Querying Tailscale mesh nodes...
✅ Philips SSD located on macmini-secondary (100.70.181.127) at: /Volumes/PHILIPS_SSD
=== 💾 PHILIPS SSD MULTI-NODE DISCOVERY & MOUNT UTILITY ===
Current Node: dios-macbook-air (Tue Aug 18 07:39:48 EEST 2026)
🔍 Discovered unmounted Philips SSD partition: disk4s1
Mounting diskutil mount disk4s1...
Volume KINGSTON on disk4s1 mounted
⚠️ Not found locally on dios-macbook-air. Querying Tailscale mesh nodes...
✅ Philips SSD located on macmini-secondary (100.70.181.127) at: /Volumes/PHILIPS_SSD
=== 💾 PHILIPS SSD MULTI-NODE DISCOVERY & MOUNT UTILITY ===
Current Node: dios-macbook-air (Tue Aug 18 07:44:52 EEST 2026)
🔍 Discovered unmounted Philips SSD partition: disk4s1
Mounting diskutil mount disk4s1...
Volume KINGSTON on disk4s1 mounted
⚠️ Not found locally on dios-macbook-air. Querying Tailscale mesh nodes...
✅ Philips SSD located on macmini-secondary (100.70.181.127) at: /Volumes/PHILIPS_SSD
=== 💾 PHILIPS SSD MULTI-NODE DISCOVERY & MOUNT UTILITY ===
Current Node: dios-macbook-air (Tue Aug 18 07:49:54 EEST 2026)
🔍 Discovered unmounted Philips SSD partition: disk4s1
Mounting diskutil mount disk4s1...
Volume KINGSTON on disk4s1 mounted
⚠️ Not found locally on dios-macbook-air. Querying Tailscale mesh nodes...
✅ Philips SSD located on macmini-secondary (100.70.181.127) at: /Volumes/PHILIPS_SSD
=== 💾 PHILIPS SSD MULTI-NODE DISCOVERY & MOUNT UTILITY ===
Current Node: dios-macbook-air (Tue Aug 18 07:54:56 EEST 2026)
🔍 Discovered unmounted Philips SSD partition: disk4s1
Mounting diskutil mount disk4s1...
Volume KINGSTON on disk4s1 mounted
⚠️ Not found locally on dios-macbook-air. Querying Tailscale mesh nodes...
✅ Philips SSD located on macmini-secondary (100.70.181.127) at: /Volumes/PHILIPS_SSD
=== 💾 PHILIPS SSD MULTI-NODE DISCOVERY & MOUNT UTILITY ===
Current Node: dios-macbook-air (Tue Aug 18 08:00:00 EEST 2026)
🔍 Discovered unmounted Philips SSD partition: disk4s1
Mounting diskutil mount disk4s1...
Volume KINGSTON on disk4s1 mounted
⚠️ Not found locally on dios-macbook-air. Querying Tailscale mesh nodes...
✅ Philips SSD located on macmini-secondary (100.70.181.127) at: /Volumes/PHILIPS_SSD
=== 💾 PHILIPS SSD MULTI-NODE DISCOVERY & MOUNT UTILITY ===
Current Node: dios-macbook-air (Tue Aug 18 08:05:02 EEST 2026)
🔍 Discovered unmounted Philips SSD partition: disk4s1
Mounting diskutil mount disk4s1...
Volume KINGSTON on disk4s1 mounted
⚠️ Not found locally on dios-macbook-air. Querying Tailscale mesh nodes...
✅ Philips SSD located on macmini-secondary (100.70.181.127) at: /Volumes/PHILIPS_SSD
=== 💾 PHILIPS SSD MULTI-NODE DISCOVERY & MOUNT UTILITY ===
Current Node: dios-macbook-air (Tue Aug 18 08:10:04 EEST 2026)
🔍 Discovered unmounted Philips SSD partition: disk4s1
Mounting diskutil mount disk4s1...
Volume KINGSTON on disk4s1 mounted
⚠️ Not found locally on dios-macbook-air. Querying Tailscale mesh nodes...
✅ Philips SSD located on macmini-secondary (100.70.181.127) at: /Volumes/PHILIPS_SSD
=== 💾 PHILIPS SSD MULTI-NODE DISCOVERY & MOUNT UTILITY ===
Current Node: dios-macbook-air (Tue Aug 18 08:15:06 EEST 2026)
🔍 Discovered unmounted Philips SSD partition: disk4s1
Mounting diskutil mount disk4s1...
Volume KINGSTON on disk4s1 mounted
⚠️ Not found locally on dios-macbook-air. Querying Tailscale mesh nodes...
✅ Philips SSD located on macmini-secondary (100.70.181.127) at: /Volumes/PHILIPS_SSD
=== 💾 PHILIPS SSD MULTI-NODE DISCOVERY & MOUNT UTILITY ===
Current Node: dios-macbook-air (Tue Aug 18 08:20:07 EEST 2026)
🔍 Discovered unmounted Philips SSD partition: disk4s1
Mounting diskutil mount disk4s1...
Volume KINGSTON on disk4s1 mounted
⚠️ Not found locally on dios-macbook-air. Querying Tailscale mesh nodes...
✅ Philips SSD located on macmini-secondary (100.70.181.127) at: /Volumes/PHILIPS_SSD
=== 💾 PHILIPS SSD MULTI-NODE DISCOVERY & MOUNT UTILITY ===
Current Node: dios-macbook-air (Tue Aug 18 08:25:10 EEST 2026)
🔍 Discovered unmounted Philips SSD partition: disk4s1
Mounting diskutil mount disk4s1...
Volume KINGSTON on disk4s1 mounted
⚠️ Not found locally on dios-macbook-air. Querying Tailscale mesh nodes...
✅ Philips SSD located on macmini-secondary (100.70.181.127) at: /Volumes/PHILIPS_SSD
=== 💾 PHILIPS SSD MULTI-NODE DISCOVERY & MOUNT UTILITY ===
Current Node: dios-macbook-air (Tue Aug 18 08:30:12 EEST 2026)
🔍 Discovered unmounted Philips SSD partition: disk4s1
Mounting diskutil mount disk4s1...
Volume KINGSTON on disk4s1 mounted
⚠️ Not found locally on dios-macbook-air. Querying Tailscale mesh nodes...
✅ Philips SSD located on macmini-secondary (100.70.181.127) at: /Volumes/PHILIPS_SSD
=== 💾 PHILIPS SSD MULTI-NODE DISCOVERY & MOUNT UTILITY ===
Current Node: dios-macbook-air (Tue Aug 18 08:35:13 EEST 2026)
🔍 Discovered unmounted Philips SSD partition: disk4s1
Mounting diskutil mount disk4s1...
Volume KINGSTON on disk4s1 mounted
⚠️ Not found locally on dios-macbook-air. Querying Tailscale mesh nodes...
✅ Philips SSD located on macmini-secondary (100.70.181.127) at: /Volumes/PHILIPS_SSD
=== 💾 PHILIPS SSD MULTI-NODE DISCOVERY & MOUNT UTILITY ===
Current Node: dios-macbook-air (Tue Aug 18 08:40:15 EEST 2026)
🔍 Discovered unmounted Philips SSD partition: disk4s1
Mounting diskutil mount disk4s1...
Volume KINGSTON on disk4s1 mounted
⚠️ Not found locally on dios-macbook-air. Querying Tailscale mesh nodes...
✅ Philips SSD located on macmini-secondary (100.70.181.127) at: /Volumes/PHILIPS_SSD
=== 💾 PHILIPS SSD MULTI-NODE DISCOVERY & MOUNT UTILITY ===
Current Node: dios-macbook-air (Tue Aug 18 08:45:18 EEST 2026)
🔍 Discovered unmounted Philips SSD partition: disk4s1
Mounting diskutil mount disk4s1...
Volume KINGSTON on disk4s1 mounted
⚠️ Not found locally on dios-macbook-air. Querying Tailscale mesh nodes...
✅ Philips SSD located on macmini-secondary (100.70.181.127) at: /Volumes/PHILIPS_SSD
=== 💾 PHILIPS SSD MULTI-NODE DISCOVERY & MOUNT UTILITY ===
Current Node: dios-macbook-air (Tue Aug 18 08:50:28 EEST 2026)
🔍 Discovered unmounted Philips SSD partition: disk4s1
Mounting diskutil mount disk4s1...
Volume KINGSTON on disk4s1 mounted
⚠️ Not found locally on dios-macbook-air. Querying Tailscale mesh nodes...
✅ Philips SSD located on macmini-secondary (100.70.181.127) at: /Volumes/PHILIPS_SSD
=== 💾 PHILIPS SSD MULTI-NODE DISCOVERY & MOUNT UTILITY ===
Current Node: dios-macbook-air (Tue Aug 18 08:55:30 EEST 2026)
🔍 Discovered unmounted Philips SSD partition: disk4s1
Mounting diskutil mount disk4s1...
Volume KINGSTON on disk4s1 mounted
⚠️ Not found locally on dios-macbook-air. Querying Tailscale mesh nodes...
✅ Philips SSD located on macmini-secondary (100.70.181.127) at: /Volumes/PHILIPS_SSD
=== 💾 PHILIPS SSD MULTI-NODE DISCOVERY & MOUNT UTILITY ===
Current Node: dios-macbook-air (Tue Aug 18 09:00:33 EEST 2026)
🔍 Discovered unmounted Philips SSD partition: disk4s1
Mounting diskutil mount disk4s1...
Volume KINGSTON on disk4s1 mounted
⚠️ Not found locally on dios-macbook-air. Querying Tailscale mesh nodes...
✅ Philips SSD located on macmini-secondary (100.70.181.127) at: /Volumes/PHILIPS_SSD
=== 💾 PHILIPS SSD MULTI-NODE DISCOVERY & MOUNT UTILITY ===
Current Node: dios-macbook-air (Tue Aug 18 09:05:35 EEST 2026)
🔍 Discovered unmounted Philips SSD partition: disk4s1
Mounting diskutil mount disk4s1...
Volume KINGSTON on disk4s1 mounted
⚠️ Not found locally on dios-macbook-air. Querying Tailscale mesh nodes...
✅ Philips SSD located on macmini-secondary (100.70.181.127) at: /Volumes/PHILIPS_SSD
=== 💾 PHILIPS SSD MULTI-NODE DISCOVERY & MOUNT UTILITY ===
Current Node: dios-macbook-air (Tue Aug 18 09:10:38 EEST 2026)
🔍 Discovered unmounted Philips SSD partition: disk4s1
Mounting diskutil mount disk4s1...
Volume KINGSTON on disk4s1 mounted
⚠️ Not found locally on dios-macbook-air. Querying Tailscale mesh nodes...
✅ Philips SSD located on macmini-secondary (100.70.181.127) at: /Volumes/PHILIPS_SSD
=== 💾 PHILIPS SSD MULTI-NODE DISCOVERY & MOUNT UTILITY ===
Current Node: dios-macbook-air (Tue Aug 18 09:15:43 EEST 2026)
🔍 Discovered unmounted Philips SSD partition: disk4s1
Mounting diskutil mount disk4s1...
Volume KINGSTON on disk4s1 mounted
⚠️ Not found locally on dios-macbook-air. Querying Tailscale mesh nodes...
✅ Philips SSD located on macmini-secondary (100.70.181.127) at: /Volumes/PHILIPS_SSD
=== 💾 PHILIPS SSD MULTI-NODE DISCOVERY & MOUNT UTILITY ===
Current Node: dios-macbook-air (Tue Aug 18 09:20:46 EEST 2026)
🔍 Discovered unmounted Philips SSD partition: disk4s1
Mounting diskutil mount disk4s1...
Volume KINGSTON on disk4s1 mounted
⚠️ Not found locally on dios-macbook-air. Querying Tailscale mesh nodes...
✅ Philips SSD located on macmini-secondary (100.70.181.127) at: /Volumes/PHILIPS_SSD
=== 💾 PHILIPS SSD MULTI-NODE DISCOVERY & MOUNT UTILITY ===
Current Node: dios-macbook-air (Tue Aug 18 09:25:49 EEST 2026)
🔍 Discovered unmounted Philips SSD partition: disk4s1
Mounting diskutil mount disk4s1...
Volume KINGSTON on disk4s1 mounted
⚠️ Not found locally on dios-macbook-air. Querying Tailscale mesh nodes...
✅ Philips SSD located on macmini-secondary (100.70.181.127) at: /Volumes/PHILIPS_SSD
=== 💾 PHILIPS SSD MULTI-NODE DISCOVERY & MOUNT UTILITY ===
Current Node: dios-macbook-air (Tue Aug 18 09:30:51 EEST 2026)
🔍 Discovered unmounted Philips SSD partition: disk4s1
Mounting diskutil mount disk4s1...
Volume KINGSTON on disk4s1 mounted
⚠️ Not found locally on dios-macbook-air. Querying Tailscale mesh nodes...
✅ Philips SSD located on macmini-secondary (100.70.181.127) at: /Volumes/PHILIPS_SSD
=== 💾 PHILIPS SSD MULTI-NODE DISCOVERY & MOUNT UTILITY ===
Current Node: dios-macbook-air (Tue Aug 18 09:35:55 EEST 2026)
🔍 Discovered unmounted Philips SSD partition: disk4s1
Mounting diskutil mount disk4s1...
Volume KINGSTON on disk4s1 mounted
⚠️ Not found locally on dios-macbook-air. Querying Tailscale mesh nodes...
✅ Philips SSD located on macmini-secondary (100.70.181.127) at: /Volumes/PHILIPS_SSD
=== 💾 PHILIPS SSD MULTI-NODE DISCOVERY & MOUNT UTILITY ===
Current Node: dios-macbook-air (Tue Aug 18 09:40:58 EEST 2026)
🔍 Discovered unmounted Philips SSD partition: disk4s1
Mounting diskutil mount disk4s1...
Volume KINGSTON on disk4s1 mounted
⚠️ Not found locally on dios-macbook-air. Querying Tailscale mesh nodes...
✅ Philips SSD located on macmini-secondary (100.70.181.127) at: /Volumes/PHILIPS_SSD
=== 💾 PHILIPS SSD MULTI-NODE DISCOVERY & MOUNT UTILITY ===
Current Node: dios-macbook-air (Tue Aug 18 09:46:00 EEST 2026)
🔍 Discovered unmounted Philips SSD partition: disk4s1
Mounting diskutil mount disk4s1...
Volume KINGSTON on disk4s1 mounted
⚠️ Not found locally on dios-macbook-air. Querying Tailscale mesh nodes...
✅ Philips SSD located on macmini-secondary (100.70.181.127) at: /Volumes/PHILIPS_SSD
=== 💾 PHILIPS SSD MULTI-NODE DISCOVERY & MOUNT UTILITY ===
Current Node: dios-macbook-air (Tue Aug 18 09:51:23 EEST 2026)
🔍 Discovered unmounted Philips SSD partition: disk4s1
Mounting diskutil mount disk4s1...
Volume KINGSTON on disk4s1 mounted
⚠️ Not found locally on dios-macbook-air. Querying Tailscale mesh nodes...
❌ Philips SSD drive not found on local or remote Tailscale nodes.
=== 💾 PHILIPS SSD MULTI-NODE DISCOVERY & MOUNT UTILITY ===
Current Node: dios-macbook-air (Tue Aug 18 09:56:25 EEST 2026)
🔍 Discovered unmounted Philips SSD partition: disk4s1
Mounting diskutil mount disk4s1...
Volume KINGSTON on disk4s1 mounted
⚠️ Not found locally on dios-macbook-air. Querying Tailscale mesh nodes...
✅ Philips SSD located on macmini-secondary (100.70.181.127) at: /Volumes/PHILIPS_SSD
=== 💾 PHILIPS SSD MULTI-NODE DISCOVERY & MOUNT UTILITY ===
Current Node: dios-macbook-air (Tue Aug 18 10:01:33 EEST 2026)
🔍 Discovered unmounted Philips SSD partition: disk4s1
Mounting diskutil mount disk4s1...
Volume KINGSTON on disk4s1 mounted
⚠️ Not found locally on dios-macbook-air. Querying Tailscale mesh nodes...
✅ Philips SSD located on macmini-secondary (100.70.181.127) at: /Volumes/PHILIPS_SSD
=== 💾 PHILIPS SSD MULTI-NODE DISCOVERY & MOUNT UTILITY ===
Current Node: dios-macbook-air (Tue Aug 18 10:06:37 EEST 2026)
🔍 Discovered unmounted Philips SSD partition: disk4s1
Mounting diskutil mount disk4s1...
Volume KINGSTON on disk4s1 mounted
⚠️ Not found locally on dios-macbook-air. Querying Tailscale mesh nodes...
✅ Philips SSD located on macmini-secondary (100.70.181.127) at: /Volumes/PHILIPS_SSD
=== 💾 PHILIPS SSD MULTI-NODE DISCOVERY & MOUNT UTILITY ===
Current Node: dios-macbook-air (Tue Aug 18 10:11:41 EEST 2026)
🔍 Discovered unmounted Philips SSD partition: disk4s1
Mounting diskutil mount disk4s1...
Volume KINGSTON on disk4s1 mounted
⚠️ Not found locally on dios-macbook-air. Querying Tailscale mesh nodes...
❌ Philips SSD drive not found on local or remote Tailscale nodes.
=== 💾 PHILIPS SSD MULTI-NODE DISCOVERY & MOUNT UTILITY ===
Current Node: dios-macbook-air (Tue Aug 18 10:16:43 EEST 2026)
🔍 Discovered unmounted Philips SSD partition: disk4s1
Mounting diskutil mount disk4s1...
Volume KINGSTON on disk4s1 mounted
⚠️ Not found locally on dios-macbook-air. Querying Tailscale mesh nodes...
❌ Philips SSD drive not found on local or remote Tailscale nodes.
=== 💾 PHILIPS SSD MULTI-NODE DISCOVERY & MOUNT UTILITY ===
Current Node: dios-macbook-air (Tue Aug 18 10:21:45 EEST 2026)
🔍 Discovered unmounted Philips SSD partition: disk4s1
Mounting diskutil mount disk4s1...
Volume KINGSTON on disk4s1 mounted
⚠️ Not found locally on dios-macbook-air. Querying Tailscale mesh nodes...
✅ Philips SSD located on macmini-secondary (100.70.181.127) at: /Volumes/PHILIPS_SSD
=== 💾 PHILIPS SSD MULTI-NODE DISCOVERY & MOUNT UTILITY ===
Current Node: dios-macbook-air (Tue Aug 18 10:26:47 EEST 2026)
🔍 Discovered unmounted Philips SSD partition: disk4s1
Mounting diskutil mount disk4s1...
Volume KINGSTON on disk4s1 mounted
⚠️ Not found locally on dios-macbook-air. Querying Tailscale mesh nodes...
✅ Philips SSD located on macmini-secondary (100.70.181.127) at: /Volumes/PHILIPS_SSD
=== 💾 PHILIPS SSD MULTI-NODE DISCOVERY & MOUNT UTILITY ===
Current Node: dios-macbook-air (Tue Aug 18 10:31:50 EEST 2026)
🔍 Discovered unmounted Philips SSD partition: disk4s1
Mounting diskutil mount disk4s1...
Volume KINGSTON on disk4s1 mounted
⚠️ Not found locally on dios-macbook-air. Querying Tailscale mesh nodes...
✅ Philips SSD located on macmini-secondary (100.70.181.127) at: /Volumes/PHILIPS_SSD
=== 💾 PHILIPS SSD MULTI-NODE DISCOVERY & MOUNT UTILITY ===
Current Node: dios-macbook-air (Tue Aug 18 10:36:53 EEST 2026)
🔍 Discovered unmounted Philips SSD partition: disk4s1
Mounting diskutil mount disk4s1...
Volume KINGSTON on disk4s1 mounted
⚠️ Not found locally on dios-macbook-air. Querying Tailscale mesh nodes...
✅ Philips SSD located on macmini-secondary (100.70.181.127) at: /Volumes/PHILIPS_SSD
=== 💾 PHILIPS SSD MULTI-NODE DISCOVERY & MOUNT UTILITY ===
Current Node: dios-macbook-air (Tue Aug 18 10:41:55 EEST 2026)
🔍 Discovered unmounted Philips SSD partition: disk4s1
Mounting diskutil mount disk4s1...
Volume KINGSTON on disk4s1 mounted
⚠️ Not found locally on dios-macbook-air. Querying Tailscale mesh nodes...
✅ Philips SSD located on macmini-secondary (100.70.181.127) at: /Volumes/PHILIPS_SSD
=== 💾 PHILIPS SSD MULTI-NODE DISCOVERY & MOUNT UTILITY ===
Current Node: dios-macbook-air (Tue Aug 18 10:46:59 EEST 2026)
🔍 Discovered unmounted Philips SSD partition: disk4s1
Mounting diskutil mount disk4s1...
Volume KINGSTON on disk4s1 mounted
⚠️ Not found locally on dios-macbook-air. Querying Tailscale mesh nodes...
✅ Philips SSD located on macmini-secondary (100.70.181.127) at: /Volumes/PHILIPS_SSD
=== 💾 PHILIPS SSD MULTI-NODE DISCOVERY & MOUNT UTILITY ===
Current Node: dios-macbook-air (Tue Aug 18 10:52:02 EEST 2026)
🔍 Discovered unmounted Philips SSD partition: disk4s1
Mounting diskutil mount disk4s1...
Volume KINGSTON on disk4s1 mounted
⚠️ Not found locally on dios-macbook-air. Querying Tailscale mesh nodes...
✅ Philips SSD located on macmini-secondary (100.70.181.127) at: /Volumes/PHILIPS_SSD
=== 💾 PHILIPS SSD MULTI-NODE DISCOVERY & MOUNT UTILITY ===
Current Node: dios-macbook-air (Tue Aug 18 10:57:05 EEST 2026)
🔍 Discovered unmounted Philips SSD partition: disk4s1
Mounting diskutil mount disk4s1...
Volume KINGSTON on disk4s1 mounted
⚠️ Not found locally on dios-macbook-air. Querying Tailscale mesh nodes...
✅ Philips SSD located on macmini-secondary (100.70.181.127) at: /Volumes/PHILIPS_SSD
=== 💾 PHILIPS SSD MULTI-NODE DISCOVERY & MOUNT UTILITY ===
Current Node: dios-macbook-air (Tue Aug 18 11:02:25 EEST 2026)
🔍 Discovered unmounted Philips SSD partition: disk4s1
Mounting diskutil mount disk4s1...
Volume KINGSTON on disk4s1 mounted
⚠️ Not found locally on dios-macbook-air. Querying Tailscale mesh nodes...
✅ Philips SSD located on macmini-secondary (100.70.181.127) at: /Volumes/PHILIPS_SSD
=== 💾 PHILIPS SSD MULTI-NODE DISCOVERY & MOUNT UTILITY ===
Current Node: dios-macbook-air (Tue Aug 18 11:07:28 EEST 2026)
🔍 Discovered unmounted Philips SSD partition: disk4s1
Mounting diskutil mount disk4s1...
Volume KINGSTON on disk4s1 mounted
⚠️ Not found locally on dios-macbook-air. Querying Tailscale mesh nodes...
✅ Philips SSD located on macmini-secondary (100.70.181.127) at: /Volumes/PHILIPS_SSD
=== 💾 PHILIPS SSD MULTI-NODE DISCOVERY & MOUNT UTILITY ===
Current Node: dios-macbook-air (Tue Aug 18 11:12:33 EEST 2026)
🔍 Discovered unmounted Philips SSD partition: disk4s1
Mounting diskutil mount disk4s1...
Volume KINGSTON on disk4s1 mounted
⚠️ Not found locally on dios-macbook-air. Querying Tailscale mesh nodes...
❌ Philips SSD drive not found on local or remote Tailscale nodes.
=== 💾 PHILIPS SSD MULTI-NODE DISCOVERY & MOUNT UTILITY ===
Current Node: dios-macbook-air (Tue Aug 18 11:17:44 EEST 2026)
🔍 Discovered unmounted Philips SSD partition: disk4s1
Mounting diskutil mount disk4s1...
Volume KINGSTON on disk4s1 mounted
⚠️ Not found locally on dios-macbook-air. Querying Tailscale mesh nodes...
❌ Philips SSD drive not found on local or remote Tailscale nodes.
=== 💾 PHILIPS SSD MULTI-NODE DISCOVERY & MOUNT UTILITY ===
Current Node: dios-macbook-air (Tue Aug 18 11:22:47 EEST 2026)
🔍 Discovered unmounted Philips SSD partition: disk4s1
Mounting diskutil mount disk4s1...
Volume KINGSTON on disk4s1 mounted
⚠️ Not found locally on dios-macbook-air. Querying Tailscale mesh nodes...
✅ Philips SSD located on macmini-secondary (100.70.181.127) at: /Volumes/PHILIPS_SSD
=== 💾 PHILIPS SSD MULTI-NODE DISCOVERY & MOUNT UTILITY ===
Current Node: dios-macbook-air (Tue Aug 18 11:28:01 EEST 2026)
🔍 Discovered unmounted Philips SSD partition: disk4s1
Mounting diskutil mount disk4s1...
Volume KINGSTON on disk4s1 mounted
⚠️ Not found locally on dios-macbook-air. Querying Tailscale mesh nodes...
✅ Philips SSD located on macmini-secondary (100.70.181.127) at: /Volumes/PHILIPS_SSD
=== 💾 PHILIPS SSD MULTI-NODE DISCOVERY & MOUNT UTILITY ===
Current Node: dios-macbook-air (Tue Aug 18 11:33:09 EEST 2026)
🔍 Discovered unmounted Philips SSD partition: disk4s1
Mounting diskutil mount disk4s1...
Volume KINGSTON on disk4s1 mounted
⚠️ Not found locally on dios-macbook-air. Querying Tailscale mesh nodes...
✅ Philips SSD located on macmini-secondary (100.70.181.127) at: /Volumes/PHILIPS_SSD
=== 💾 PHILIPS SSD MULTI-NODE DISCOVERY & MOUNT UTILITY ===
Current Node: dios-macbook-air (Tue Aug 18 11:38:11 EEST 2026)
🔍 Discovered unmounted Philips SSD partition: disk4s1
Mounting diskutil mount disk4s1...
Volume KINGSTON on disk4s1 mounted
⚠️ Not found locally on dios-macbook-air. Querying Tailscale mesh nodes...
✅ Philips SSD located on macmini-secondary (100.70.181.127) at: /Volumes/PHILIPS_SSD
=== 💾 PHILIPS SSD MULTI-NODE DISCOVERY & MOUNT UTILITY ===
Current Node: dios-macbook-air (Tue Aug 18 11:43:14 EEST 2026)
🔍 Discovered unmounted Philips SSD partition: disk4s1
Mounting diskutil mount disk4s1...
Volume KINGSTON on disk4s1 mounted
⚠️ Not found locally on dios-macbook-air. Querying Tailscale mesh nodes...
✅ Philips SSD located on macmini-secondary (100.70.181.127) at: /Volumes/PHILIPS_SSD
=== 💾 PHILIPS SSD MULTI-NODE DISCOVERY & MOUNT UTILITY ===
Current Node: dios-macbook-air (Tue Aug 18 11:48:16 EEST 2026)
🔍 Discovered unmounted Philips SSD partition: disk4s1
Mounting diskutil mount disk4s1...
Volume KINGSTON on disk4s1 mounted
⚠️ Not found locally on dios-macbook-air. Querying Tailscale mesh nodes...
❌ Philips SSD drive not found on local or remote Tailscale nodes.
=== 💾 PHILIPS SSD MULTI-NODE DISCOVERY & MOUNT UTILITY ===
Current Node: dios-macbook-air (Tue Aug 18 11:53:18 EEST 2026)
🔍 Discovered unmounted Philips SSD partition: disk4s1
Mounting diskutil mount disk4s1...
Volume KINGSTON on disk4s1 mounted
⚠️ Not found locally on dios-macbook-air. Querying Tailscale mesh nodes...
✅ Philips SSD located on macmini-secondary (100.70.181.127) at: /Volumes/PHILIPS_SSD
=== 💾 PHILIPS SSD MULTI-NODE DISCOVERY & MOUNT UTILITY ===
Current Node: dios-macbook-air (Tue Aug 18 11:58:20 EEST 2026)
🔍 Discovered unmounted Philips SSD partition: disk4s1
Mounting diskutil mount disk4s1...
Volume KINGSTON on disk4s1 mounted
⚠️ Not found locally on dios-macbook-air. Querying Tailscale mesh nodes...
✅ Philips SSD located on macmini-secondary (100.70.181.127) at: /Volumes/PHILIPS_SSD
=== 💾 PHILIPS SSD MULTI-NODE DISCOVERY & MOUNT UTILITY ===
Current Node: dios-macbook-air (Tue Aug 18 12:03:22 EEST 2026)
🔍 Discovered unmounted Philips SSD partition: disk4s1
Mounting diskutil mount disk4s1...
Volume KINGSTON on disk4s1 mounted
⚠️ Not found locally on dios-macbook-air. Querying Tailscale mesh nodes...
❌ Philips SSD drive not found on local or remote Tailscale nodes.
=== 💾 PHILIPS SSD MULTI-NODE DISCOVERY & MOUNT UTILITY ===
Current Node: dios-macbook-air (Tue Aug 18 12:08:25 EEST 2026)
🔍 Discovered unmounted Philips SSD partition: disk4s1
Mounting diskutil mount disk4s1...
Volume KINGSTON on disk4s1 mounted
⚠️ Not found locally on dios-macbook-air. Querying Tailscale mesh nodes...
❌ Philips SSD drive not found on local or remote Tailscale nodes.
=== 💾 PHILIPS SSD MULTI-NODE DISCOVERY & MOUNT UTILITY ===
Current Node: dios-macbook-air (Tue Aug 18 12:13:27 EEST 2026)
🔍 Discovered unmounted Philips SSD partition: disk4s1
Mounting diskutil mount disk4s1...
Volume KINGSTON on disk4s1 mounted
⚠️ Not found locally on dios-macbook-air. Querying Tailscale mesh nodes...
✅ Philips SSD located on macmini-secondary (100.70.181.127) at: /Volumes/PHILIPS_SSD
=== 💾 PHILIPS SSD MULTI-NODE DISCOVERY & MOUNT UTILITY ===
Current Node: dios-macbook-air (Tue Aug 18 12:18:29 EEST 2026)
🔍 Discovered unmounted Philips SSD partition: disk4s1
Mounting diskutil mount disk4s1...
Volume KINGSTON on disk4s1 mounted
⚠️ Not found locally on dios-macbook-air. Querying Tailscale mesh nodes...
✅ Philips SSD located on macmini-secondary (100.70.181.127) at: /Volumes/PHILIPS_SSD
=== 💾 PHILIPS SSD MULTI-NODE DISCOVERY & MOUNT UTILITY ===
Current Node: dios-macbook-air (Tue Aug 18 12:23:31 EEST 2026)
🔍 Discovered unmounted Philips SSD partition: disk4s1
Mounting diskutil mount disk4s1...
Volume KINGSTON on disk4s1 mounted
⚠️ Not found locally on dios-macbook-air. Querying Tailscale mesh nodes...
✅ Philips SSD located on macmini-secondary (100.70.181.127) at: /Volumes/PHILIPS_SSD
=== 💾 PHILIPS SSD MULTI-NODE DISCOVERY & MOUNT UTILITY ===
Current Node: dios-macbook-air (Tue Aug 18 12:28:34 EEST 2026)
🔍 Discovered unmounted Philips SSD partition: disk4s1
Mounting diskutil mount disk4s1...
Volume KINGSTON on disk4s1 mounted
⚠️ Not found locally on dios-macbook-air. Querying Tailscale mesh nodes...
✅ Philips SSD located on macmini-secondary (100.70.181.127) at: /Volumes/PHILIPS_SSD
=== 💾 PHILIPS SSD MULTI-NODE DISCOVERY & MOUNT UTILITY ===
Current Node: dios-macbook-air (Tue Aug 18 12:33:36 EEST 2026)
🔍 Discovered unmounted Philips SSD partition: disk4s1
Mounting diskutil mount disk4s1...
Volume KINGSTON on disk4s1 mounted
⚠️ Not found locally on dios-macbook-air. Querying Tailscale mesh nodes...
✅ Philips SSD located on macmini-secondary (100.70.181.127) at: /Volumes/PHILIPS_SSD
=== 💾 PHILIPS SSD MULTI-NODE DISCOVERY & MOUNT UTILITY ===
Current Node: dios-macbook-air (Tue Aug 18 12:38:40 EEST 2026)
🔍 Discovered unmounted Philips SSD partition: disk4s1
Mounting diskutil mount disk4s1...
Volume KINGSTON on disk4s1 mounted
⚠️ Not found locally on dios-macbook-air. Querying Tailscale mesh nodes...
✅ Philips SSD located on macmini-secondary (100.70.181.127) at: /Volumes/PHILIPS_SSD
=== 💾 PHILIPS SSD MULTI-NODE DISCOVERY & MOUNT UTILITY ===
Current Node: dios-macbook-air (Tue Aug 18 12:43:43 EEST 2026)
🔍 Discovered unmounted Philips SSD partition: disk4s1
Mounting diskutil mount disk4s1...
Volume KINGSTON on disk4s1 mounted
⚠️ Not found locally on dios-macbook-air. Querying Tailscale mesh nodes...
✅ Philips SSD located on macmini-secondary (100.70.181.127) at: /Volumes/PHILIPS_SSD
=== 💾 PHILIPS SSD MULTI-NODE DISCOVERY & MOUNT UTILITY ===
Current Node: dios-macbook-air (Tue Aug 18 12:48:46 EEST 2026)
🔍 Discovered unmounted Philips SSD partition: disk4s1
Mounting diskutil mount disk4s1...
Volume KINGSTON on disk4s1 mounted
⚠️ Not found locally on dios-macbook-air. Querying Tailscale mesh nodes...
✅ Philips SSD located on macmini-secondary (100.70.181.127) at: /Volumes/PHILIPS_SSD
=== 💾 PHILIPS SSD MULTI-NODE DISCOVERY & MOUNT UTILITY ===
Current Node: dios-macbook-air (Tue Aug 18 12:53:48 EEST 2026)
🔍 Discovered unmounted Philips SSD partition: disk4s1
Mounting diskutil mount disk4s1...
Volume KINGSTON on disk4s1 mounted
⚠️ Not found locally on dios-macbook-air. Querying Tailscale mesh nodes...
❌ Philips SSD drive not found on local or remote Tailscale nodes.
=== 💾 PHILIPS SSD MULTI-NODE DISCOVERY & MOUNT UTILITY ===
Current Node: dios-macbook-air (Tue Aug 18 12:58:50 EEST 2026)
🔍 Discovered unmounted Philips SSD partition: disk4s1
Mounting diskutil mount disk4s1...
Volume KINGSTON on disk4s1 mounted
⚠️ Not found locally on dios-macbook-air. Querying Tailscale mesh nodes...
✅ Philips SSD located on macmini-secondary (100.70.181.127) at: /Volumes/PHILIPS_SSD
=== 💾 PHILIPS SSD MULTI-NODE DISCOVERY & MOUNT UTILITY ===
Current Node: dios-macbook-air (Tue Aug 18 13:03:52 EEST 2026)
🔍 Discovered unmounted Philips SSD partition: disk4s1
Mounting diskutil mount disk4s1...
Volume KINGSTON on disk4s1 mounted
⚠️ Not found locally on dios-macbook-air. Querying Tailscale mesh nodes...
✅ Philips SSD located on macmini-secondary (100.70.181.127) at: /Volumes/PHILIPS_SSD
=== 💾 PHILIPS SSD MULTI-NODE DISCOVERY & MOUNT UTILITY ===
Current Node: dios-macbook-air (Tue Aug 18 13:08:54 EEST 2026)
🔍 Discovered unmounted Philips SSD partition: disk4s1
Mounting diskutil mount disk4s1...
Volume KINGSTON on disk4s1 mounted
⚠️ Not found locally on dios-macbook-air. Querying Tailscale mesh nodes...
✅ Philips SSD located on macmini-secondary (100.70.181.127) at: /Volumes/PHILIPS_SSD
=== 💾 PHILIPS SSD MULTI-NODE DISCOVERY & MOUNT UTILITY ===
Current Node: dios-macbook-air (Tue Aug 18 13:13:56 EEST 2026)
🔍 Discovered unmounted Philips SSD partition: disk4s1
Mounting diskutil mount disk4s1...
Volume KINGSTON on disk4s1 mounted
⚠️ Not found locally on dios-macbook-air. Querying Tailscale mesh nodes...
✅ Philips SSD located on macmini-secondary (100.70.181.127) at: /Volumes/PHILIPS_SSD
=== 💾 PHILIPS SSD MULTI-NODE DISCOVERY & MOUNT UTILITY ===
Current Node: dios-macbook-air (Tue Aug 18 13:18:59 EEST 2026)
🔍 Discovered unmounted Philips SSD partition: disk4s1
Mounting diskutil mount disk4s1...
Volume KINGSTON on disk4s1 mounted
⚠️ Not found locally on dios-macbook-air. Querying Tailscale mesh nodes...
✅ Philips SSD located on macmini-secondary (100.70.181.127) at: /Volumes/PHILIPS_SSD
=== 💾 PHILIPS SSD MULTI-NODE DISCOVERY & MOUNT UTILITY ===
Current Node: dios-macbook-air (Tue Aug 18 13:24:01 EEST 2026)
🔍 Discovered unmounted Philips SSD partition: disk4s1
Mounting diskutil mount disk4s1...
Volume KINGSTON on disk4s1 mounted
⚠️ Not found locally on dios-macbook-air. Querying Tailscale mesh nodes...
✅ Philips SSD located on macmini-secondary (100.70.181.127) at: /Volumes/PHILIPS_SSD
=== 💾 PHILIPS SSD MULTI-NODE DISCOVERY & MOUNT UTILITY ===
Current Node: dios-macbook-air (Tue Aug 18 13:29:10 EEST 2026)
🔍 Discovered unmounted Philips SSD partition: disk4s1
Mounting diskutil mount disk4s1...
Volume KINGSTON on disk4s1 mounted
⚠️ Not found locally on dios-macbook-air. Querying Tailscale mesh nodes...
✅ Philips SSD located on macmini-secondary (100.70.181.127) at: /Volumes/PHILIPS_SSD
=== 💾 PHILIPS SSD MULTI-NODE DISCOVERY & MOUNT UTILITY ===
Current Node: dios-macbook-air (Tue Aug 18 13:34:12 EEST 2026)
🔍 Discovered unmounted Philips SSD partition: disk4s1
Mounting diskutil mount disk4s1...
Volume KINGSTON on disk4s1 mounted
⚠️ Not found locally on dios-macbook-air. Querying Tailscale mesh nodes...
✅ Philips SSD located on macmini-secondary (100.70.181.127) at: /Volumes/PHILIPS_SSD
=== 💾 PHILIPS SSD MULTI-NODE DISCOVERY & MOUNT UTILITY ===
Current Node: dios-macbook-air (Tue Aug 18 13:39:15 EEST 2026)
🔍 Discovered unmounted Philips SSD partition: disk4s1
Mounting diskutil mount disk4s1...
Volume KINGSTON on disk4s1 mounted
⚠️ Not found locally on dios-macbook-air. Querying Tailscale mesh nodes...
✅ Philips SSD located on macmini-secondary (100.70.181.127) at: /Volumes/PHILIPS_SSD
=== 💾 PHILIPS SSD MULTI-NODE DISCOVERY & MOUNT UTILITY ===
Current Node: dios-macbook-air (Tue Aug 18 13:44:17 EEST 2026)
🔍 Discovered unmounted Philips SSD partition: disk4s1
Mounting diskutil mount disk4s1...
Volume KINGSTON on disk4s1 mounted
⚠️ Not found locally on dios-macbook-air. Querying Tailscale mesh nodes...
✅ Philips SSD located on macmini-secondary (100.70.181.127) at: /Volumes/PHILIPS_SSD
=== 💾 PHILIPS SSD MULTI-NODE DISCOVERY & MOUNT UTILITY ===
Current Node: dios-macbook-air (Tue Aug 18 13:49:19 EEST 2026)
🔍 Discovered unmounted Philips SSD partition: disk4s1
Mounting diskutil mount disk4s1...
Volume KINGSTON on disk4s1 mounted
⚠️ Not found locally on dios-macbook-air. Querying Tailscale mesh nodes...
❌ Philips SSD drive not found on local or remote Tailscale nodes.
=== 💾 PHILIPS SSD MULTI-NODE DISCOVERY & MOUNT UTILITY ===
Current Node: dios-macbook-air (Tue Aug 18 13:54:21 EEST 2026)
🔍 Discovered unmounted Philips SSD partition: disk4s1
Mounting diskutil mount disk4s1...
Volume KINGSTON on disk4s1 mounted
⚠️ Not found locally on dios-macbook-air. Querying Tailscale mesh nodes...
✅ Philips SSD located on macmini-secondary (100.70.181.127) at: /Volumes/PHILIPS_SSD
=== 💾 PHILIPS SSD MULTI-NODE DISCOVERY & MOUNT UTILITY ===
Current Node: dios-macbook-air (Tue Aug 18 13:59:23 EEST 2026)
🔍 Discovered unmounted Philips SSD partition: disk4s1
Mounting diskutil mount disk4s1...
Volume KINGSTON on disk4s1 mounted
⚠️ Not found locally on dios-macbook-air. Querying Tailscale mesh nodes...
❌ Philips SSD drive not found on local or remote Tailscale nodes.
=== 💾 PHILIPS SSD MULTI-NODE DISCOVERY & MOUNT UTILITY ===
Current Node: dios-macbook-air (Tue Aug 18 14:04:25 EEST 2026)
🔍 Discovered unmounted Philips SSD partition: disk4s1
Mounting diskutil mount disk4s1...
Volume KINGSTON on disk4s1 mounted
⚠️ Not found locally on dios-macbook-air. Querying Tailscale mesh nodes...
✅ Philips SSD located on macmini-secondary (100.70.181.127) at: /Volumes/PHILIPS_SSD
=== 💾 PHILIPS SSD MULTI-NODE DISCOVERY & MOUNT UTILITY ===
Current Node: dios-macbook-air (Tue Aug 18 14:09:28 EEST 2026)
🔍 Discovered unmounted Philips SSD partition: disk4s1
Mounting diskutil mount disk4s1...
Volume KINGSTON on disk4s1 mounted
⚠️ Not found locally on dios-macbook-air. Querying Tailscale mesh nodes...
✅ Philips SSD located on macmini-secondary (100.70.181.127) at: /Volumes/PHILIPS_SSD
=== 💾 PHILIPS SSD MULTI-NODE DISCOVERY & MOUNT UTILITY ===
Current Node: dios-macbook-air (Tue Aug 18 14:14:31 EEST 2026)
🔍 Discovered unmounted Philips SSD partition: disk4s1
Mounting diskutil mount disk4s1...
Volume KINGSTON on disk4s1 mounted
⚠️ Not found locally on dios-macbook-air. Querying Tailscale mesh nodes...
✅ Philips SSD located on macmini-secondary (100.70.181.127) at: /Volumes/PHILIPS_SSD
=== 💾 PHILIPS SSD MULTI-NODE DISCOVERY & MOUNT UTILITY ===
Current Node: dios-macbook-air (Tue Aug 18 14:19:34 EEST 2026)
🔍 Discovered unmounted Philips SSD partition: disk4s1
Mounting diskutil mount disk4s1...
Volume KINGSTON on disk4s1 mounted
⚠️ Not found locally on dios-macbook-air. Querying Tailscale mesh nodes...
✅ Philips SSD located on macmini-secondary (100.70.181.127) at: /Volumes/PHILIPS_SSD
=== 💾 PHILIPS SSD MULTI-NODE DISCOVERY & MOUNT UTILITY ===
Current Node: dios-macbook-air (Tue Aug 18 14:24:37 EEST 2026)
🔍 Discovered unmounted Philips SSD partition: disk4s1
Mounting diskutil mount disk4s1...
Volume KINGSTON on disk4s1 mounted
⚠️ Not found locally on dios-macbook-air. Querying Tailscale mesh nodes...
✅ Philips SSD located on macmini-secondary (100.70.181.127) at: /Volumes/PHILIPS_SSD
=== 💾 PHILIPS SSD MULTI-NODE DISCOVERY & MOUNT UTILITY ===
Current Node: dios-macbook-air (Tue Aug 18 14:29:40 EEST 2026)
🔍 Discovered unmounted Philips SSD partition: disk4s1
Mounting diskutil mount disk4s1...
Volume KINGSTON on disk4s1 mounted
⚠️ Not found locally on dios-macbook-air. Querying Tailscale mesh nodes...
❌ Philips SSD drive not found on local or remote Tailscale nodes.
=== 💾 PHILIPS SSD MULTI-NODE DISCOVERY & MOUNT UTILITY ===
Current Node: dios-macbook-air (Tue Aug 18 14:34:42 EEST 2026)
🔍 Discovered unmounted Philips SSD partition: disk4s1
Mounting diskutil mount disk4s1...
Volume KINGSTON on disk4s1 mounted
⚠️ Not found locally on dios-macbook-air. Querying Tailscale mesh nodes...
❌ Philips SSD drive not found on local or remote Tailscale nodes.
=== 💾 PHILIPS SSD MULTI-NODE DISCOVERY & MOUNT UTILITY ===
Current Node: dios-macbook-air (Tue Aug 18 14:39:44 EEST 2026)
🔍 Discovered unmounted Philips SSD partition: disk4s1
Mounting diskutil mount disk4s1...
Volume KINGSTON on disk4s1 mounted
⚠️ Not found locally on dios-macbook-air. Querying Tailscale mesh nodes...
❌ Philips SSD drive not found on local or remote Tailscale nodes.
=== 💾 PHILIPS SSD MULTI-NODE DISCOVERY & MOUNT UTILITY ===
Current Node: dios-macbook-air (Tue Aug 18 14:44:47 EEST 2026)
🔍 Discovered unmounted Philips SSD partition: disk4s1
Mounting diskutil mount disk4s1...
Volume KINGSTON on disk4s1 mounted
⚠️ Not found locally on dios-macbook-air. Querying Tailscale mesh nodes...
✅ Philips SSD located on macmini-secondary (100.70.181.127) at: /Volumes/PHILIPS_SSD
=== 💾 PHILIPS SSD MULTI-NODE DISCOVERY & MOUNT UTILITY ===
Current Node: dios-macbook-air (Tue Aug 18 14:49:48 EEST 2026)
🔍 Discovered unmounted Philips SSD partition: disk4s1
Mounting diskutil mount disk4s1...
Volume KINGSTON on disk4s1 mounted
⚠️ Not found locally on dios-macbook-air. Querying Tailscale mesh nodes...
✅ Philips SSD located on macmini-secondary (100.70.181.127) at: /Volumes/PHILIPS_SSD
=== 💾 PHILIPS SSD MULTI-NODE DISCOVERY & MOUNT UTILITY ===
Current Node: dios-macbook-air (Tue Aug 18 14:54:50 EEST 2026)
🔍 Discovered unmounted Philips SSD partition: disk4s1
Mounting diskutil mount disk4s1...
Volume KINGSTON on disk4s1 mounted
⚠️ Not found locally on dios-macbook-air. Querying Tailscale mesh nodes...
✅ Philips SSD located on macmini-secondary (100.70.181.127) at: /Volumes/PHILIPS_SSD
=== 💾 PHILIPS SSD MULTI-NODE DISCOVERY & MOUNT UTILITY ===
Current Node: dios-macbook-air (Tue Aug 18 14:59:57 EEST 2026)
🔍 Discovered unmounted Philips SSD partition: disk4s1
Mounting diskutil mount disk4s1...
Volume KINGSTON on disk4s1 mounted
⚠️ Not found locally on dios-macbook-air. Querying Tailscale mesh nodes...
❌ Philips SSD drive not found on local or remote Tailscale nodes.
=== 💾 PHILIPS SSD MULTI-NODE DISCOVERY & MOUNT UTILITY ===
Current Node: dios-macbook-air (Tue Aug 18 15:04:59 EEST 2026)
🔍 Discovered unmounted Philips SSD partition: disk4s1
Mounting diskutil mount disk4s1...
Volume KINGSTON on disk4s1 mounted
⚠️ Not found locally on dios-macbook-air. Querying Tailscale mesh nodes...
❌ Philips SSD drive not found on local or remote Tailscale nodes.
=== 💾 PHILIPS SSD MULTI-NODE DISCOVERY & MOUNT UTILITY ===
Current Node: dios-macbook-air (Tue Aug 18 15:10:01 EEST 2026)
🔍 Discovered unmounted Philips SSD partition: disk4s1
Mounting diskutil mount disk4s1...
Volume KINGSTON on disk4s1 mounted
⚠️ Not found locally on dios-macbook-air. Querying Tailscale mesh nodes...
✅ Philips SSD located on macmini-secondary (100.70.181.127) at: /Volumes/PHILIPS_SSD
=== 💾 PHILIPS SSD MULTI-NODE DISCOVERY & MOUNT UTILITY ===
Current Node: dios-macbook-air (Tue Aug 18 15:15:03 EEST 2026)
🔍 Discovered unmounted Philips SSD partition: disk4s1
Mounting diskutil mount disk4s1...
Volume KINGSTON on disk4s1 mounted
⚠️ Not found locally on dios-macbook-air. Querying Tailscale mesh nodes...
❌ Philips SSD drive not found on local or remote Tailscale nodes.
=== 💾 PHILIPS SSD MULTI-NODE DISCOVERY & MOUNT UTILITY ===
Current Node: dios-macbook-air (Tue Aug 18 15:20:05 EEST 2026)
🔍 Discovered unmounted Philips SSD partition: disk4s1
Mounting diskutil mount disk4s1...
Volume KINGSTON on disk4s1 mounted
⚠️ Not found locally on dios-macbook-air. Querying Tailscale mesh nodes...
✅ Philips SSD located on macmini-secondary (100.70.181.127) at: /Volumes/PHILIPS_SSD
=== 💾 PHILIPS SSD MULTI-NODE DISCOVERY & MOUNT UTILITY ===
Current Node: dios-macbook-air (Tue Aug 18 15:25:07 EEST 2026)
🔍 Discovered unmounted Philips SSD partition: disk4s1
Mounting diskutil mount disk4s1...
Volume KINGSTON on disk4s1 mounted
⚠️ Not found locally on dios-macbook-air. Querying Tailscale mesh nodes...
✅ Philips SSD located on macmini-secondary (100.70.181.127) at: /Volumes/PHILIPS_SSD
=== 💾 PHILIPS SSD MULTI-NODE DISCOVERY & MOUNT UTILITY ===
Current Node: dios-macbook-air (Tue Aug 18 15:30:08 EEST 2026)
🔍 Discovered unmounted Philips SSD partition: disk4s1
Mounting diskutil mount disk4s1...
Volume KINGSTON on disk4s1 mounted
⚠️ Not found locally on dios-macbook-air. Querying Tailscale mesh nodes...
✅ Philips SSD located on macmini-secondary (100.70.181.127) at: /Volumes/PHILIPS_SSD
=== 💾 PHILIPS SSD MULTI-NODE DISCOVERY & MOUNT UTILITY ===
Current Node: dios-macbook-air (Tue Aug 18 15:35:11 EEST 2026)
🔍 Discovered unmounted Philips SSD partition: disk4s1
Mounting diskutil mount disk4s1...
Volume KINGSTON on disk4s1 mounted
⚠️ Not found locally on dios-macbook-air. Querying Tailscale mesh nodes...
❌ Philips SSD drive not found on local or remote Tailscale nodes.
=== 💾 PHILIPS SSD MULTI-NODE DISCOVERY & MOUNT UTILITY ===
Current Node: dios-macbook-air (Tue Aug 18 15:40:13 EEST 2026)
🔍 Discovered unmounted Philips SSD partition: disk4s1
Mounting diskutil mount disk4s1...
Volume KINGSTON on disk4s1 mounted
⚠️ Not found locally on dios-macbook-air. Querying Tailscale mesh nodes...
✅ Philips SSD located on macmini-secondary (100.70.181.127) at: /Volumes/PHILIPS_SSD
=== 💾 PHILIPS SSD MULTI-NODE DISCOVERY & MOUNT UTILITY ===
Current Node: dios-macbook-air (Tue Aug 18 15:45:16 EEST 2026)
🔍 Discovered unmounted Philips SSD partition: disk4s1
Mounting diskutil mount disk4s1...
Volume KINGSTON on disk4s1 mounted
⚠️ Not found locally on dios-macbook-air. Querying Tailscale mesh nodes...
✅ Philips SSD located on macmini-secondary (100.70.181.127) at: /Volumes/PHILIPS_SSD
=== 💾 PHILIPS SSD MULTI-NODE DISCOVERY & MOUNT UTILITY ===
Current Node: dios-macbook-air (Tue Aug 18 15:50:18 EEST 2026)
🔍 Discovered unmounted Philips SSD partition: disk4s1
Mounting diskutil mount disk4s1...
Volume KINGSTON on disk4s1 mounted
⚠️ Not found locally on dios-macbook-air. Querying Tailscale mesh nodes...
✅ Philips SSD located on macmini-secondary (100.70.181.127) at: /Volumes/PHILIPS_SSD
=== 💾 PHILIPS SSD MULTI-NODE DISCOVERY & MOUNT UTILITY ===
Current Node: dios-macbook-air (Tue Aug 18 15:55:20 EEST 2026)
🔍 Discovered unmounted Philips SSD partition: disk4s1
Mounting diskutil mount disk4s1...
Volume KINGSTON on disk4s1 mounted
⚠️ Not found locally on dios-macbook-air. Querying Tailscale mesh nodes...
✅ Philips SSD located on macmini-secondary (100.70.181.127) at: /Volumes/PHILIPS_SSD
=== 💾 PHILIPS SSD MULTI-NODE DISCOVERY & MOUNT UTILITY ===
Current Node: dios-macbook-air (Tue Aug 18 16:00:23 EEST 2026)
🔍 Discovered unmounted Philips SSD partition: disk4s1
Mounting diskutil mount disk4s1...
Volume KINGSTON on disk4s1 mounted
⚠️ Not found locally on dios-macbook-air. Querying Tailscale mesh nodes...
❌ Philips SSD drive not found on local or remote Tailscale nodes.
=== 💾 PHILIPS SSD MULTI-NODE DISCOVERY & MOUNT UTILITY ===
Current Node: dios-macbook-air (Tue Aug 18 16:05:25 EEST 2026)
🔍 Discovered unmounted Philips SSD partition: disk4s1
Mounting diskutil mount disk4s1...
Volume KINGSTON on disk4s1 mounted
⚠️ Not found locally on dios-macbook-air. Querying Tailscale mesh nodes...
✅ Philips SSD located on macmini-secondary (100.70.181.127) at: /Volumes/PHILIPS_SSD
=== 💾 PHILIPS SSD MULTI-NODE DISCOVERY & MOUNT UTILITY ===
Current Node: dios-macbook-air (Tue Aug 18 16:10:27 EEST 2026)
🔍 Discovered unmounted Philips SSD partition: disk4s1
Mounting diskutil mount disk4s1...
Volume KINGSTON on disk4s1 mounted
⚠️ Not found locally on dios-macbook-air. Querying Tailscale mesh nodes...
✅ Philips SSD located on macmini-secondary (100.70.181.127) at: /Volumes/PHILIPS_SSD
=== 💾 PHILIPS SSD MULTI-NODE DISCOVERY & MOUNT UTILITY ===
Current Node: dios-macbook-air (Tue Aug 18 16:15:40 EEST 2026)
🔍 Discovered unmounted Philips SSD partition: disk4s1
Mounting diskutil mount disk4s1...
Volume KINGSTON on disk4s1 mounted
⚠️ Not found locally on dios-macbook-air. Querying Tailscale mesh nodes...
✅ Philips SSD located on macmini-secondary (100.70.181.127) at: /Volumes/PHILIPS_SSD
=== 💾 PHILIPS SSD MULTI-NODE DISCOVERY & MOUNT UTILITY ===
Current Node: dios-macbook-air (Tue Aug 18 16:20:42 EEST 2026)
🔍 Discovered unmounted Philips SSD partition: disk4s1
Mounting diskutil mount disk4s1...
Volume KINGSTON on disk4s1 mounted
⚠️ Not found locally on dios-macbook-air. Querying Tailscale mesh nodes...
✅ Philips SSD located on macmini-secondary (100.70.181.127) at: /Volumes/PHILIPS_SSD
=== 💾 PHILIPS SSD MULTI-NODE DISCOVERY & MOUNT UTILITY ===
Current Node: dios-macbook-air (Tue Aug 18 16:25:45 EEST 2026)
🔍 Discovered unmounted Philips SSD partition: disk4s1
Mounting diskutil mount disk4s1...
Volume KINGSTON on disk4s1 mounted
⚠️ Not found locally on dios-macbook-air. Querying Tailscale mesh nodes...
✅ Philips SSD located on macmini-secondary (100.70.181.127) at: /Volumes/PHILIPS_SSD
=== 💾 PHILIPS SSD MULTI-NODE DISCOVERY & MOUNT UTILITY ===
Current Node: dios-macbook-air (Tue Aug 18 16:30:47 EEST 2026)
🔍 Discovered unmounted Philips SSD partition: disk4s1
Mounting diskutil mount disk4s1...
Volume KINGSTON on disk4s1 mounted
⚠️ Not found locally on dios-macbook-air. Querying Tailscale mesh nodes...
✅ Philips SSD located on macmini-secondary (100.70.181.127) at: /Volumes/PHILIPS_SSD
=== 💾 PHILIPS SSD MULTI-NODE DISCOVERY & MOUNT UTILITY ===
Current Node: dios-macbook-air (Tue Aug 18 16:35:51 EEST 2026)
🔍 Discovered unmounted Philips SSD partition: disk4s1
Mounting diskutil mount disk4s1...
Volume KINGSTON on disk4s1 mounted
⚠️ Not found locally on dios-macbook-air. Querying Tailscale mesh nodes...
❌ Philips SSD drive not found on local or remote Tailscale nodes.
=== 💾 PHILIPS SSD MULTI-NODE DISCOVERY & MOUNT UTILITY ===
Current Node: dios-macbook-air (Tue Aug 18 16:40:54 EEST 2026)
🔍 Discovered unmounted Philips SSD partition: disk4s1
Mounting diskutil mount disk4s1...
Volume KINGSTON on disk4s1 mounted
⚠️ Not found locally on dios-macbook-air. Querying Tailscale mesh nodes...
✅ Philips SSD located on macmini-secondary (100.70.181.127) at: /Volumes/PHILIPS_SSD
=== 💾 PHILIPS SSD MULTI-NODE DISCOVERY & MOUNT UTILITY ===
Current Node: dios-macbook-air (Tue Aug 18 16:46:24 EEST 2026)
🔍 Discovered unmounted Philips SSD partition: disk4s1
Mounting diskutil mount disk4s1...
Volume KINGSTON on disk4s1 mounted
⚠️ Not found locally on dios-macbook-air. Querying Tailscale mesh nodes...
❌ Philips SSD drive not found on local or remote Tailscale nodes.
=== 💾 PHILIPS SSD MULTI-NODE DISCOVERY & MOUNT UTILITY ===
Current Node: dios-macbook-air (Tue Aug 18 16:51:26 EEST 2026)
🔍 Discovered unmounted Philips SSD partition: disk4s1
Mounting diskutil mount disk4s1...
Volume KINGSTON on disk4s1 mounted
⚠️ Not found locally on dios-macbook-air. Querying Tailscale mesh nodes...
✅ Philips SSD located on macmini-secondary (100.70.181.127) at: /Volumes/PHILIPS_SSD
=== 💾 PHILIPS SSD MULTI-NODE DISCOVERY & MOUNT UTILITY ===
Current Node: dios-macbook-air (Tue Aug 18 16:56:30 EEST 2026)
🔍 Discovered unmounted Philips SSD partition: disk4s1
Mounting diskutil mount disk4s1...
Volume KINGSTON on disk4s1 mounted
⚠️ Not found locally on dios-macbook-air. Querying Tailscale mesh nodes...
✅ Philips SSD located on macmini-secondary (100.70.181.127) at: /Volumes/PHILIPS_SSD
=== 💾 PHILIPS SSD MULTI-NODE DISCOVERY & MOUNT UTILITY ===
Current Node: dios-macbook-air (Tue Aug 18 17:01:31 EEST 2026)
🔍 Discovered unmounted Philips SSD partition: disk4s1
Mounting diskutil mount disk4s1...
Volume KINGSTON on disk4s1 mounted
⚠️ Not found locally on dios-macbook-air. Querying Tailscale mesh nodes...
✅ Philips SSD located on macmini-secondary (100.70.181.127) at: /Volumes/PHILIPS_SSD
=== 💾 PHILIPS SSD MULTI-NODE DISCOVERY & MOUNT UTILITY ===
Current Node: dios-macbook-air (Tue Aug 18 17:06:33 EEST 2026)
🔍 Discovered unmounted Philips SSD partition: disk4s1
Mounting diskutil mount disk4s1...
Volume KINGSTON on disk4s1 mounted
⚠️ Not found locally on dios-macbook-air. Querying Tailscale mesh nodes...
❌ Philips SSD drive not found on local or remote Tailscale nodes.
=== 💾 PHILIPS SSD MULTI-NODE DISCOVERY & MOUNT UTILITY ===
Current Node: dios-macbook-air (Tue Aug 18 17:11:35 EEST 2026)
🔍 Discovered unmounted Philips SSD partition: disk4s1
Mounting diskutil mount disk4s1...
Volume KINGSTON on disk4s1 mounted
⚠️ Not found locally on dios-macbook-air. Querying Tailscale mesh nodes...
❌ Philips SSD drive not found on local or remote Tailscale nodes.
=== 💾 PHILIPS SSD MULTI-NODE DISCOVERY & MOUNT UTILITY ===
Current Node: dios-macbook-air (Tue Aug 18 17:16:38 EEST 2026)
🔍 Discovered unmounted Philips SSD partition: disk4s1
Mounting diskutil mount disk4s1...
Volume KINGSTON on disk4s1 mounted
⚠️ Not found locally on dios-macbook-air. Querying Tailscale mesh nodes...
✅ Philips SSD located on macmini-secondary (100.70.181.127) at: /Volumes/PHILIPS_SSD
=== 💾 PHILIPS SSD MULTI-NODE DISCOVERY & MOUNT UTILITY ===
Current Node: dios-macbook-air (Tue Aug 18 17:21:39 EEST 2026)
🔍 Discovered unmounted Philips SSD partition: disk4s1
Mounting diskutil mount disk4s1...
Volume KINGSTON on disk4s1 mounted
⚠️ Not found locally on dios-macbook-air. Querying Tailscale mesh nodes...
✅ Philips SSD located on macmini-secondary (100.70.181.127) at: /Volumes/PHILIPS_SSD
=== 💾 PHILIPS SSD MULTI-NODE DISCOVERY & MOUNT UTILITY ===
Current Node: dios-macbook-air (Tue Aug 18 17:26:40 EEST 2026)
🔍 Discovered unmounted Philips SSD partition: disk4s1
Mounting diskutil mount disk4s1...
Volume KINGSTON on disk4s1 mounted
⚠️ Not found locally on dios-macbook-air. Querying Tailscale mesh nodes...
✅ Philips SSD located on macmini-secondary (100.70.181.127) at: /Volumes/PHILIPS_SSD
=== 💾 PHILIPS SSD MULTI-NODE DISCOVERY & MOUNT UTILITY ===
Current Node: dios-macbook-air (Tue Aug 18 17:31:51 EEST 2026)
🔍 Discovered unmounted Philips SSD partition: disk4s1
Mounting diskutil mount disk4s1...
Volume KINGSTON on disk4s1 mounted
⚠️ Not found locally on dios-macbook-air. Querying Tailscale mesh nodes...
✅ Philips SSD located on macmini-secondary (100.70.181.127) at: /Volumes/PHILIPS_SSD
=== 💾 PHILIPS SSD MULTI-NODE DISCOVERY & MOUNT UTILITY ===
Current Node: dios-macbook-air (Tue Aug 18 17:36:52 EEST 2026)
🔍 Discovered unmounted Philips SSD partition: disk4s1
Mounting diskutil mount disk4s1...
Volume KINGSTON on disk4s1 mounted
⚠️ Not found locally on dios-macbook-air. Querying Tailscale mesh nodes...
✅ Philips SSD located on macmini-secondary (100.70.181.127) at: /Volumes/PHILIPS_SSD
=== 💾 PHILIPS SSD MULTI-NODE DISCOVERY & MOUNT UTILITY ===
Current Node: dios-macbook-air (Tue Aug 18 17:41:53 EEST 2026)
🔍 Discovered unmounted Philips SSD partition: disk4s1
Mounting diskutil mount disk4s1...
Volume KINGSTON on disk4s1 mounted
⚠️ Not found locally on dios-macbook-air. Querying Tailscale mesh nodes...
✅ Philips SSD located on macmini-secondary (100.70.181.127) at: /Volumes/PHILIPS_SSD
=== 💾 PHILIPS SSD MULTI-NODE DISCOVERY & MOUNT UTILITY ===
Current Node: dios-macbook-air (Tue Aug 18 17:46:56 EEST 2026)
🔍 Discovered unmounted Philips SSD partition: disk4s1
Mounting diskutil mount disk4s1...
Volume KINGSTON on disk4s1 mounted
⚠️ Not found locally on dios-macbook-air. Querying Tailscale mesh nodes...
✅ Philips SSD located on macmini-secondary (100.70.181.127) at: /Volumes/PHILIPS_SSD
=== 💾 PHILIPS SSD MULTI-NODE DISCOVERY & MOUNT UTILITY ===
Current Node: dios-macbook-air (Tue Aug 18 17:51:57 EEST 2026)
🔍 Discovered unmounted Philips SSD partition: disk4s1
Mounting diskutil mount disk4s1...
Volume KINGSTON on disk4s1 mounted
⚠️ Not found locally on dios-macbook-air. Querying Tailscale mesh nodes...
✅ Philips SSD located on macmini-secondary (100.70.181.127) at: /Volumes/PHILIPS_SSD
=== 💾 PHILIPS SSD MULTI-NODE DISCOVERY & MOUNT UTILITY ===
Current Node: dios-macbook-air (Tue Aug 18 17:56:59 EEST 2026)
🔍 Discovered unmounted Philips SSD partition: disk4s1
Mounting diskutil mount disk4s1...
Volume KINGSTON on disk4s1 mounted
⚠️ Not found locally on dios-macbook-air. Querying Tailscale mesh nodes...
✅ Philips SSD located on macmini-secondary (100.70.181.127) at: /Volumes/PHILIPS_SSD
=== 💾 PHILIPS SSD MULTI-NODE DISCOVERY & MOUNT UTILITY ===
Current Node: dios-macbook-air (Tue Aug 18 18:02:00 EEST 2026)
🔍 Discovered unmounted Philips SSD partition: disk4s1
Mounting diskutil mount disk4s1...
Volume KINGSTON on disk4s1 mounted
⚠️ Not found locally on dios-macbook-air. Querying Tailscale mesh nodes...
✅ Philips SSD located on macmini-secondary (100.70.181.127) at: /Volumes/PHILIPS_SSD
=== 💾 PHILIPS SSD MULTI-NODE DISCOVERY & MOUNT UTILITY ===
Current Node: dios-macbook-air (Tue Aug 18 18:07:01 EEST 2026)
🔍 Discovered unmounted Philips SSD partition: disk4s1
Mounting diskutil mount disk4s1...
Volume KINGSTON on disk4s1 mounted
⚠️ Not found locally on dios-macbook-air. Querying Tailscale mesh nodes...
✅ Philips SSD located on macmini-secondary (100.70.181.127) at: /Volumes/PHILIPS_SSD
=== 💾 PHILIPS SSD MULTI-NODE DISCOVERY & MOUNT UTILITY ===
Current Node: dios-macbook-air (Tue Aug 18 18:12:02 EEST 2026)
🔍 Discovered unmounted Philips SSD partition: disk4s1
Mounting diskutil mount disk4s1...
Volume KINGSTON on disk4s1 mounted
⚠️ Not found locally on dios-macbook-air. Querying Tailscale mesh nodes...
✅ Philips SSD located on macmini-secondary (100.70.181.127) at: /Volumes/PHILIPS_SSD
=== 💾 PHILIPS SSD MULTI-NODE DISCOVERY & MOUNT UTILITY ===
Current Node: dios-macbook-air (Tue Aug 18 18:17:03 EEST 2026)
🔍 Discovered unmounted Philips SSD partition: disk4s1
Mounting diskutil mount disk4s1...
Volume KINGSTON on disk4s1 mounted
⚠️ Not found locally on dios-macbook-air. Querying Tailscale mesh nodes...
✅ Philips SSD located on macmini-secondary (100.70.181.127) at: /Volumes/PHILIPS_SSD
=== 💾 PHILIPS SSD MULTI-NODE DISCOVERY & MOUNT UTILITY ===
Current Node: dios-macbook-air (Tue Aug 18 18:22:05 EEST 2026)
🔍 Discovered unmounted Philips SSD partition: disk4s1
Mounting diskutil mount disk4s1...
Volume KINGSTON on disk4s1 mounted
⚠️ Not found locally on dios-macbook-air. Querying Tailscale mesh nodes...
✅ Philips SSD located on macmini-secondary (100.70.181.127) at: /Volumes/PHILIPS_SSD
=== 💾 PHILIPS SSD MULTI-NODE DISCOVERY & MOUNT UTILITY ===
Current Node: dios-macbook-air (Tue Aug 18 18:27:06 EEST 2026)
🔍 Discovered unmounted Philips SSD partition: disk4s1
Mounting diskutil mount disk4s1...
Volume KINGSTON on disk4s1 mounted
⚠️ Not found locally on dios-macbook-air. Querying Tailscale mesh nodes...
✅ Philips SSD located on macmini-secondary (100.70.181.127) at: /Volumes/PHILIPS_SSD
=== 💾 PHILIPS SSD MULTI-NODE DISCOVERY & MOUNT UTILITY ===
Current Node: dios-macbook-air (Tue Aug 18 18:32:07 EEST 2026)
🔍 Discovered unmounted Philips SSD partition: disk4s1
Mounting diskutil mount disk4s1...
Volume KINGSTON on disk4s1 mounted
⚠️ Not found locally on dios-macbook-air. Querying Tailscale mesh nodes...
✅ Philips SSD located on macmini-secondary (100.70.181.127) at: /Volumes/PHILIPS_SSD
=== 💾 PHILIPS SSD MULTI-NODE DISCOVERY & MOUNT UTILITY ===
Current Node: dios-macbook-air (Tue Aug 18 18:37:08 EEST 2026)
🔍 Discovered unmounted Philips SSD partition: disk4s1
Mounting diskutil mount disk4s1...
Volume KINGSTON on disk4s1 mounted
⚠️ Not found locally on dios-macbook-air. Querying Tailscale mesh nodes...
✅ Philips SSD located on macmini-secondary (100.70.181.127) at: /Volumes/PHILIPS_SSD
=== 💾 PHILIPS SSD MULTI-NODE DISCOVERY & MOUNT UTILITY ===
Current Node: dios-macbook-air (Tue Aug 18 18:42:09 EEST 2026)
🔍 Discovered unmounted Philips SSD partition: disk4s1
Mounting diskutil mount disk4s1...
Volume KINGSTON on disk4s1 mounted
⚠️ Not found locally on dios-macbook-air. Querying Tailscale mesh nodes...
❌ Philips SSD drive not found on local or remote Tailscale nodes.
=== 💾 PHILIPS SSD MULTI-NODE DISCOVERY & MOUNT UTILITY ===
Current Node: dios-macbook-air (Tue Aug 18 18:47:11 EEST 2026)
🔍 Discovered unmounted Philips SSD partition: disk4s1
Mounting diskutil mount disk4s1...
Volume KINGSTON on disk4s1 mounted
⚠️ Not found locally on dios-macbook-air. Querying Tailscale mesh nodes...
✅ Philips SSD located on macmini-secondary (100.70.181.127) at: /Volumes/PHILIPS_SSD
=== 💾 PHILIPS SSD MULTI-NODE DISCOVERY & MOUNT UTILITY ===
Current Node: dios-macbook-air (Tue Aug 18 18:52:12 EEST 2026)
🔍 Discovered unmounted Philips SSD partition: disk4s1
Mounting diskutil mount disk4s1...
Volume KINGSTON on disk4s1 mounted
⚠️ Not found locally on dios-macbook-air. Querying Tailscale mesh nodes...
✅ Philips SSD located on macmini-secondary (100.70.181.127) at: /Volumes/PHILIPS_SSD
=== 💾 PHILIPS SSD MULTI-NODE DISCOVERY & MOUNT UTILITY ===
Current Node: dios-macbook-air (Tue Aug 18 18:57:14 EEST 2026)
🔍 Discovered unmounted Philips SSD partition: disk4s1
Mounting diskutil mount disk4s1...
Volume KINGSTON on disk4s1 mounted
⚠️ Not found locally on dios-macbook-air. Querying Tailscale mesh nodes...
✅ Philips SSD located on macmini-secondary (100.70.181.127) at: /Volumes/PHILIPS_SSD
=== 💾 PHILIPS SSD MULTI-NODE DISCOVERY & MOUNT UTILITY ===
Current Node: dios-macbook-air (Tue Aug 18 19:02:15 EEST 2026)
🔍 Discovered unmounted Philips SSD partition: disk4s1
Mounting diskutil mount disk4s1...
Volume KINGSTON on disk4s1 mounted
⚠️ Not found locally on dios-macbook-air. Querying Tailscale mesh nodes...
✅ Philips SSD located on macmini-secondary (100.70.181.127) at: /Volumes/PHILIPS_SSD
=== 💾 PHILIPS SSD MULTI-NODE DISCOVERY & MOUNT UTILITY ===
Current Node: dios-macbook-air (Tue Aug 18 19:07:16 EEST 2026)
🔍 Discovered unmounted Philips SSD partition: disk4s1
Mounting diskutil mount disk4s1...
Volume KINGSTON on disk4s1 mounted
⚠️ Not found locally on dios-macbook-air. Querying Tailscale mesh nodes...
✅ Philips SSD located on macmini-secondary (100.70.181.127) at: /Volumes/PHILIPS_SSD
=== 💾 PHILIPS SSD MULTI-NODE DISCOVERY & MOUNT UTILITY ===
Current Node: dios-macbook-air (Tue Aug 18 19:12:17 EEST 2026)
🔍 Discovered unmounted Philips SSD partition: disk4s1
Mounting diskutil mount disk4s1...
Volume KINGSTON on disk4s1 mounted
⚠️ Not found locally on dios-macbook-air. Querying Tailscale mesh nodes...
✅ Philips SSD located on macmini-secondary (100.70.181.127) at: /Volumes/PHILIPS_SSD
=== 💾 PHILIPS SSD MULTI-NODE DISCOVERY & MOUNT UTILITY ===
Current Node: dios-macbook-air (Tue Aug 18 19:17:19 EEST 2026)
🔍 Discovered unmounted Philips SSD partition: disk4s1
Mounting diskutil mount disk4s1...
Volume KINGSTON on disk4s1 mounted
⚠️ Not found locally on dios-macbook-air. Querying Tailscale mesh nodes...
✅ Philips SSD located on macmini-secondary (100.70.181.127) at: /Volumes/PHILIPS_SSD
=== 💾 PHILIPS SSD MULTI-NODE DISCOVERY & MOUNT UTILITY ===
Current Node: dios-macbook-air (Tue Aug 18 19:22:22 EEST 2026)
🔍 Discovered unmounted Philips SSD partition: disk4s1
Mounting diskutil mount disk4s1...
Volume KINGSTON on disk4s1 mounted
⚠️ Not found locally on dios-macbook-air. Querying Tailscale mesh nodes...
✅ Philips SSD located on macmini-secondary (100.70.181.127) at: /Volumes/PHILIPS_SSD
=== 💾 PHILIPS SSD MULTI-NODE DISCOVERY & MOUNT UTILITY ===
Current Node: dios-macbook-air (Tue Aug 18 19:27:23 EEST 2026)
🔍 Discovered unmounted Philips SSD partition: disk4s1
Mounting diskutil mount disk4s1...
Volume KINGSTON on disk4s1 mounted
⚠️ Not found locally on dios-macbook-air. Querying Tailscale mesh nodes...
✅ Philips SSD located on macmini-secondary (100.70.181.127) at: /Volumes/PHILIPS_SSD
=== 💾 PHILIPS SSD MULTI-NODE DISCOVERY & MOUNT UTILITY ===
Current Node: dios-macbook-air (Tue Aug 18 19:32:25 EEST 2026)
🔍 Discovered unmounted Philips SSD partition: disk4s1
Mounting diskutil mount disk4s1...
Volume KINGSTON on disk4s1 mounted
⚠️ Not found locally on dios-macbook-air. Querying Tailscale mesh nodes...
✅ Philips SSD located on macmini-secondary (100.70.181.127) at: /Volumes/PHILIPS_SSD
=== 💾 PHILIPS SSD MULTI-NODE DISCOVERY & MOUNT UTILITY ===
Current Node: dios-macbook-air (Tue Aug 18 19:37:27 EEST 2026)
🔍 Discovered unmounted Philips SSD partition: disk4s1
Mounting diskutil mount disk4s1...
Volume KINGSTON on disk4s1 mounted
⚠️ Not found locally on dios-macbook-air. Querying Tailscale mesh nodes...
✅ Philips SSD located on macmini-secondary (100.70.181.127) at: /Volumes/PHILIPS_SSD
=== 💾 PHILIPS SSD MULTI-NODE DISCOVERY & MOUNT UTILITY ===
Current Node: dios-macbook-air (Tue Aug 18 19:42:31 EEST 2026)
🔍 Discovered unmounted Philips SSD partition: disk4s1
Mounting diskutil mount disk4s1...
Volume KINGSTON on disk4s1 mounted
⚠️ Not found locally on dios-macbook-air. Querying Tailscale mesh nodes...
❌ Philips SSD drive not found on local or remote Tailscale nodes.
=== 💾 PHILIPS SSD MULTI-NODE DISCOVERY & MOUNT UTILITY ===
Current Node: dios-macbook-air (Tue Aug 18 19:47:33 EEST 2026)
🔍 Discovered unmounted Philips SSD partition: disk4s1
Mounting diskutil mount disk4s1...
Volume KINGSTON on disk4s1 mounted
⚠️ Not found locally on dios-macbook-air. Querying Tailscale mesh nodes...
❌ Philips SSD drive not found on local or remote Tailscale nodes.
=== 💾 PHILIPS SSD MULTI-NODE DISCOVERY & MOUNT UTILITY ===
Current Node: dios-macbook-air (Tue Aug 18 19:52:36 EEST 2026)
🔍 Discovered unmounted Philips SSD partition: disk4s1
Mounting diskutil mount disk4s1...
Volume KINGSTON on disk4s1 mounted
⚠️ Not found locally on dios-macbook-air. Querying Tailscale mesh nodes...
✅ Philips SSD located on macmini-secondary (100.70.181.127) at: /Volumes/PHILIPS_SSD
=== 💾 PHILIPS SSD MULTI-NODE DISCOVERY & MOUNT UTILITY ===
Current Node: dios-macbook-air (Tue Aug 18 19:57:43 EEST 2026)
🔍 Discovered unmounted Philips SSD partition: disk4s1
Mounting diskutil mount disk4s1...
Volume KINGSTON on disk4s1 mounted
⚠️ Not found locally on dios-macbook-air. Querying Tailscale mesh nodes...
❌ Philips SSD drive not found on local or remote Tailscale nodes.
=== 💾 PHILIPS SSD MULTI-NODE DISCOVERY & MOUNT UTILITY ===
Current Node: dios-macbook-air (Tue Aug 18 20:02:45 EEST 2026)
🔍 Discovered unmounted Philips SSD partition: disk4s1
Mounting diskutil mount disk4s1...
Volume KINGSTON on disk4s1 mounted
⚠️ Not found locally on dios-macbook-air. Querying Tailscale mesh nodes...
❌ Philips SSD drive not found on local or remote Tailscale nodes.
=== 💾 PHILIPS SSD MULTI-NODE DISCOVERY & MOUNT UTILITY ===
Current Node: dios-macbook-air (Tue Aug 18 20:07:47 EEST 2026)
🔍 Discovered unmounted Philips SSD partition: disk4s1
Mounting diskutil mount disk4s1...
Volume KINGSTON on disk4s1 mounted
⚠️ Not found locally on dios-macbook-air. Querying Tailscale mesh nodes...
✅ Philips SSD located on macmini-secondary (100.70.181.127) at: /Volumes/PHILIPS_SSD
=== 💾 PHILIPS SSD MULTI-NODE DISCOVERY & MOUNT UTILITY ===
Current Node: dios-macbook-air (Tue Aug 18 20:12:49 EEST 2026)
🔍 Discovered unmounted Philips SSD partition: disk4s1
Mounting diskutil mount disk4s1...
Volume KINGSTON on disk4s1 mounted
⚠️ Not found locally on dios-macbook-air. Querying Tailscale mesh nodes...
✅ Philips SSD located on macmini-secondary (100.70.181.127) at: /Volumes/PHILIPS_SSD
=== 💾 PHILIPS SSD MULTI-NODE DISCOVERY & MOUNT UTILITY ===
Current Node: dios-macbook-air (Tue Aug 18 20:17:51 EEST 2026)
🔍 Discovered unmounted Philips SSD partition: disk4s1
Mounting diskutil mount disk4s1...
Volume KINGSTON on disk4s1 mounted
⚠️ Not found locally on dios-macbook-air. Querying Tailscale mesh nodes...
✅ Philips SSD located on macmini-secondary (100.70.181.127) at: /Volumes/PHILIPS_SSD
=== 💾 PHILIPS SSD MULTI-NODE DISCOVERY & MOUNT UTILITY ===
Current Node: dios-macbook-air (Tue Aug 18 20:22:53 EEST 2026)
🔍 Discovered unmounted Philips SSD partition: disk4s1
Mounting diskutil mount disk4s1...
Volume KINGSTON on disk4s1 mounted
⚠️ Not found locally on dios-macbook-air. Querying Tailscale mesh nodes...
❌ Philips SSD drive not found on local or remote Tailscale nodes.
=== 💾 PHILIPS SSD MULTI-NODE DISCOVERY & MOUNT UTILITY ===
Current Node: dios-macbook-air (Tue Aug 18 20:27:55 EEST 2026)
🔍 Discovered unmounted Philips SSD partition: disk4s1
Mounting diskutil mount disk4s1...
Volume KINGSTON on disk4s1 mounted
⚠️ Not found locally on dios-macbook-air. Querying Tailscale mesh nodes...
✅ Philips SSD located on macmini-secondary (100.70.181.127) at: /Volumes/PHILIPS_SSD
=== 💾 PHILIPS SSD MULTI-NODE DISCOVERY & MOUNT UTILITY ===
Current Node: dios-macbook-air (Tue Aug 18 20:33:04 EEST 2026)
🔍 Discovered unmounted Philips SSD partition: disk4s1
Mounting diskutil mount disk4s1...
Volume KINGSTON on disk4s1 mounted
⚠️ Not found locally on dios-macbook-air. Querying Tailscale mesh nodes...
❌ Philips SSD drive not found on local or remote Tailscale nodes.
=== 💾 PHILIPS SSD MULTI-NODE DISCOVERY & MOUNT UTILITY ===
Current Node: dios-macbook-air (Tue Aug 18 20:38:06 EEST 2026)
🔍 Discovered unmounted Philips SSD partition: disk4s1
Mounting diskutil mount disk4s1...
Volume KINGSTON on disk4s1 mounted
⚠️ Not found locally on dios-macbook-air. Querying Tailscale mesh nodes...
✅ Philips SSD located on macmini-secondary (100.70.181.127) at: /Volumes/PHILIPS_SSD
=== 💾 PHILIPS SSD MULTI-NODE DISCOVERY & MOUNT UTILITY ===
Current Node: dios-macbook-air (Tue Aug 18 20:43:08 EEST 2026)
🔍 Discovered unmounted Philips SSD partition: disk4s1
Mounting diskutil mount disk4s1...
Volume KINGSTON on disk4s1 mounted
⚠️ Not found locally on dios-macbook-air. Querying Tailscale mesh nodes...
✅ Philips SSD located on macmini-secondary (100.70.181.127) at: /Volumes/PHILIPS_SSD
=== 💾 PHILIPS SSD MULTI-NODE DISCOVERY & MOUNT UTILITY ===
Current Node: dios-macbook-air (Tue Aug 18 20:48:09 EEST 2026)
🔍 Discovered unmounted Philips SSD partition: disk4s1
Mounting diskutil mount disk4s1...
Volume KINGSTON on disk4s1 mounted
⚠️ Not found locally on dios-macbook-air. Querying Tailscale mesh nodes...
✅ Philips SSD located on macmini-secondary (100.70.181.127) at: /Volumes/PHILIPS_SSD
=== 💾 PHILIPS SSD MULTI-NODE DISCOVERY & MOUNT UTILITY ===
Current Node: dios-macbook-air (Tue Aug 18 20:53:19 EEST 2026)
🔍 Discovered unmounted Philips SSD partition: disk4s1
Mounting diskutil mount disk4s1...
Volume KINGSTON on disk4s1 mounted
⚠️ Not found locally on dios-macbook-air. Querying Tailscale mesh nodes...
❌ Philips SSD drive not found on local or remote Tailscale nodes.
=== 💾 PHILIPS SSD MULTI-NODE DISCOVERY & MOUNT UTILITY ===
Current Node: dios-macbook-air (Tue Aug 18 20:58:26 EEST 2026)
🔍 Discovered unmounted Philips SSD partition: disk4s1
Mounting diskutil mount disk4s1...
Volume KINGSTON on disk4s1 mounted
⚠️ Not found locally on dios-macbook-air. Querying Tailscale mesh nodes...
❌ Philips SSD drive not found on local or remote Tailscale nodes.
=== 💾 PHILIPS SSD MULTI-NODE DISCOVERY & MOUNT UTILITY ===
Current Node: dios-macbook-air (Tue Aug 18 21:03:29 EEST 2026)
🔍 Discovered unmounted Philips SSD partition: disk4s1
Mounting diskutil mount disk4s1...
Volume KINGSTON on disk4s1 mounted
⚠️ Not found locally on dios-macbook-air. Querying Tailscale mesh nodes...
✅ Philips SSD located on macmini-secondary (100.70.181.127) at: /Volumes/PHILIPS_SSD
=== 💾 PHILIPS SSD MULTI-NODE DISCOVERY & MOUNT UTILITY ===
Current Node: dios-macbook-air (Tue Aug 18 21:08:31 EEST 2026)
🔍 Discovered unmounted Philips SSD partition: disk4s1
Mounting diskutil mount disk4s1...
Volume KINGSTON on disk4s1 mounted
⚠️ Not found locally on dios-macbook-air. Querying Tailscale mesh nodes...
✅ Philips SSD located on macmini-secondary (100.70.181.127) at: /Volumes/PHILIPS_SSD
=== 💾 PHILIPS SSD MULTI-NODE DISCOVERY & MOUNT UTILITY ===
Current Node: dios-macbook-air (Tue Aug 18 21:13:52 EEST 2026)
🔍 Discovered unmounted Philips SSD partition: disk4s1
Mounting diskutil mount disk4s1...
Volume KINGSTON on disk4s1 mounted
⚠️ Not found locally on dios-macbook-air. Querying Tailscale mesh nodes...
❌ Philips SSD drive not found on local or remote Tailscale nodes.
=== 💾 PHILIPS SSD MULTI-NODE DISCOVERY & MOUNT UTILITY ===
Current Node: dios-macbook-air (Tue Aug 18 21:18:54 EEST 2026)
🔍 Discovered unmounted Philips SSD partition: disk4s1
Mounting diskutil mount disk4s1...
Volume KINGSTON on disk4s1 mounted
⚠️ Not found locally on dios-macbook-air. Querying Tailscale mesh nodes...
❌ Philips SSD drive not found on local or remote Tailscale nodes.
=== 💾 PHILIPS SSD MULTI-NODE DISCOVERY & MOUNT UTILITY ===
Current Node: dios-macbook-air (Tue Aug 18 21:23:56 EEST 2026)
🔍 Discovered unmounted Philips SSD partition: disk4s1
Mounting diskutil mount disk4s1...
Volume KINGSTON on disk4s1 mounted
⚠️ Not found locally on dios-macbook-air. Querying Tailscale mesh nodes...
✅ Philips SSD located on macmini-secondary (100.70.181.127) at: /Volumes/PHILIPS_SSD
=== 💾 PHILIPS SSD MULTI-NODE DISCOVERY & MOUNT UTILITY ===
Current Node: dios-macbook-air (Tue Aug 18 21:28:59 EEST 2026)
🔍 Discovered unmounted Philips SSD partition: disk4s1
Mounting diskutil mount disk4s1...
Volume KINGSTON on disk4s1 mounted
⚠️ Not found locally on dios-macbook-air. Querying Tailscale mesh nodes...
❌ Philips SSD drive not found on local or remote Tailscale nodes.
=== 💾 PHILIPS SSD MULTI-NODE DISCOVERY & MOUNT UTILITY ===
Current Node: dios-macbook-air (Tue Aug 18 21:34:02 EEST 2026)
🔍 Discovered unmounted Philips SSD partition: disk4s1
Mounting diskutil mount disk4s1...
Volume KINGSTON on disk4s1 mounted
⚠️ Not found locally on dios-macbook-air. Querying Tailscale mesh nodes...
✅ Philips SSD located on macmini-secondary (100.70.181.127) at: /Volumes/PHILIPS_SSD
=== 💾 PHILIPS SSD MULTI-NODE DISCOVERY & MOUNT UTILITY ===
Current Node: dios-macbook-air (Tue Aug 18 21:39:18 EEST 2026)
🔍 Discovered unmounted Philips SSD partition: disk4s1
Mounting diskutil mount disk4s1...
Volume KINGSTON on disk4s1 mounted
⚠️ Not found locally on dios-macbook-air. Querying Tailscale mesh nodes...
✅ Philips SSD located on macmini-secondary (100.70.181.127) at: /Volumes/PHILIPS_SSD
=== 💾 PHILIPS SSD MULTI-NODE DISCOVERY & MOUNT UTILITY ===
Current Node: dios-macbook-air (Tue Aug 18 21:44:21 EEST 2026)
🔍 Discovered unmounted Philips SSD partition: disk4s1
Mounting diskutil mount disk4s1...
Volume KINGSTON on disk4s1 mounted
⚠️ Not found locally on dios-macbook-air. Querying Tailscale mesh nodes...
✅ Philips SSD located on macmini-secondary (100.70.181.127) at: /Volumes/PHILIPS_SSD
=== 💾 PHILIPS SSD MULTI-NODE DISCOVERY & MOUNT UTILITY ===
Current Node: dios-macbook-air (Tue Aug 18 21:49:23 EEST 2026)
🔍 Discovered unmounted Philips SSD partition: disk4s1
Mounting diskutil mount disk4s1...
Volume KINGSTON on disk4s1 mounted
⚠️ Not found locally on dios-macbook-air. Querying Tailscale mesh nodes...
✅ Philips SSD located on macmini-secondary (100.70.181.127) at: /Volumes/PHILIPS_SSD
=== 💾 PHILIPS SSD MULTI-NODE DISCOVERY & MOUNT UTILITY ===
Current Node: dios-macbook-air (Tue Aug 18 21:54:25 EEST 2026)
🔍 Discovered unmounted Philips SSD partition: disk4s1
Mounting diskutil mount disk4s1...
Volume KINGSTON on disk4s1 mounted
⚠️ Not found locally on dios-macbook-air. Querying Tailscale mesh nodes...
✅ Philips SSD located on macmini-secondary (100.70.181.127) at: /Volumes/PHILIPS_SSD
=== 💾 PHILIPS SSD MULTI-NODE DISCOVERY & MOUNT UTILITY ===
Current Node: dios-macbook-air (Tue Aug 18 21:59:29 EEST 2026)
🔍 Discovered unmounted Philips SSD partition: disk4s1
Mounting diskutil mount disk4s1...
Volume KINGSTON on disk4s1 mounted
⚠️ Not found locally on dios-macbook-air. Querying Tailscale mesh nodes...
❌ Philips SSD drive not found on local or remote Tailscale nodes.
=== 💾 PHILIPS SSD MULTI-NODE DISCOVERY & MOUNT UTILITY ===
Current Node: dios-macbook-air (Tue Aug 18 22:04:32 EEST 2026)
🔍 Discovered unmounted Philips SSD partition: disk4s1
Mounting diskutil mount disk4s1...
Volume KINGSTON on disk4s1 mounted
⚠️ Not found locally on dios-macbook-air. Querying Tailscale mesh nodes...
✅ Philips SSD located on macmini-secondary (100.70.181.127) at: /Volumes/PHILIPS_SSD
=== 💾 PHILIPS SSD MULTI-NODE DISCOVERY & MOUNT UTILITY ===
Current Node: dios-macbook-air (Tue Aug 18 22:09:34 EEST 2026)
🔍 Discovered unmounted Philips SSD partition: disk4s1
Mounting diskutil mount disk4s1...
Volume KINGSTON on disk4s1 mounted
⚠️ Not found locally on dios-macbook-air. Querying Tailscale mesh nodes...
✅ Philips SSD located on macmini-secondary (100.70.181.127) at: /Volumes/PHILIPS_SSD
=== 💾 PHILIPS SSD MULTI-NODE DISCOVERY & MOUNT UTILITY ===
Current Node: dios-macbook-air (Tue Aug 18 22:14:36 EEST 2026)
🔍 Discovered unmounted Philips SSD partition: disk4s1
Mounting diskutil mount disk4s1...
Volume KINGSTON on disk4s1 mounted
⚠️ Not found locally on dios-macbook-air. Querying Tailscale mesh nodes...
✅ Philips SSD located on macmini-secondary (100.70.181.127) at: /Volumes/PHILIPS_SSD
=== 💾 PHILIPS SSD MULTI-NODE DISCOVERY & MOUNT UTILITY ===
Current Node: dios-macbook-air (Tue Aug 18 22:19:41 EEST 2026)
🔍 Discovered unmounted Philips SSD partition: disk4s1
Mounting diskutil mount disk4s1...
Volume KINGSTON on disk4s1 mounted
⚠️ Not found locally on dios-macbook-air. Querying Tailscale mesh nodes...
✅ Philips SSD located on macmini-secondary (100.70.181.127) at: /Volumes/PHILIPS_SSD
=== 💾 PHILIPS SSD MULTI-NODE DISCOVERY & MOUNT UTILITY ===
Current Node: dios-macbook-air (Tue Aug 18 22:24:45 EEST 2026)
🔍 Discovered unmounted Philips SSD partition: disk4s1
Mounting diskutil mount disk4s1...
Volume KINGSTON on disk4s1 mounted
⚠️ Not found locally on dios-macbook-air. Querying Tailscale mesh nodes...
❌ Philips SSD drive not found on local or remote Tailscale nodes.
=== 💾 PHILIPS SSD MULTI-NODE DISCOVERY & MOUNT UTILITY ===
Current Node: dios-macbook-air (Tue Aug 18 22:29:47 EEST 2026)
🔍 Discovered unmounted Philips SSD partition: disk4s1
Mounting diskutil mount disk4s1...
Volume KINGSTON on disk4s1 mounted
⚠️ Not found locally on dios-macbook-air. Querying Tailscale mesh nodes...
✅ Philips SSD located on macmini-secondary (100.70.181.127) at: /Volumes/PHILIPS_SSD
=== 💾 PHILIPS SSD MULTI-NODE DISCOVERY & MOUNT UTILITY ===
Current Node: dios-macbook-air (Tue Aug 18 22:34:50 EEST 2026)
🔍 Discovered unmounted Philips SSD partition: disk4s1
Mounting diskutil mount disk4s1...
Volume KINGSTON on disk4s1 mounted
⚠️ Not found locally on dios-macbook-air. Querying Tailscale mesh nodes...
✅ Philips SSD located on macmini-secondary (100.70.181.127) at: /Volumes/PHILIPS_SSD
=== 💾 PHILIPS SSD MULTI-NODE DISCOVERY & MOUNT UTILITY ===
Current Node: dios-macbook-air (Tue Aug 18 22:39:52 EEST 2026)
🔍 Discovered unmounted Philips SSD partition: disk4s1
Mounting diskutil mount disk4s1...
Volume KINGSTON on disk4s1 mounted
⚠️ Not found locally on dios-macbook-air. Querying Tailscale mesh nodes...
✅ Philips SSD located on macmini-secondary (100.70.181.127) at: /Volumes/PHILIPS_SSD
=== 💾 PHILIPS SSD MULTI-NODE DISCOVERY & MOUNT UTILITY ===
Current Node: dios-macbook-air (Tue Aug 18 22:44:56 EEST 2026)
🔍 Discovered unmounted Philips SSD partition: disk4s1
Mounting diskutil mount disk4s1...
Volume KINGSTON on disk4s1 mounted
⚠️ Not found locally on dios-macbook-air. Querying Tailscale mesh nodes...
✅ Philips SSD located on macmini-secondary (100.70.181.127) at: /Volumes/PHILIPS_SSD
=== 💾 PHILIPS SSD MULTI-NODE DISCOVERY & MOUNT UTILITY ===
Current Node: dios-macbook-air (Tue Aug 18 22:50:00 EEST 2026)
🔍 Discovered unmounted Philips SSD partition: disk4s1
Mounting diskutil mount disk4s1...
Volume KINGSTON on disk4s1 mounted
⚠️ Not found locally on dios-macbook-air. Querying Tailscale mesh nodes...
❌ Philips SSD drive not found on local or remote Tailscale nodes.
=== 💾 PHILIPS SSD MULTI-NODE DISCOVERY & MOUNT UTILITY ===
Current Node: dios-macbook-air (Tue Aug 18 22:55:02 EEST 2026)
🔍 Discovered unmounted Philips SSD partition: disk4s1
Mounting diskutil mount disk4s1...
Volume KINGSTON on disk4s1 mounted
⚠️ Not found locally on dios-macbook-air. Querying Tailscale mesh nodes...
✅ Philips SSD located on macmini-secondary (100.70.181.127) at: /Volumes/PHILIPS_SSD
=== 💾 PHILIPS SSD MULTI-NODE DISCOVERY & MOUNT UTILITY ===
Current Node: dios-macbook-air (Tue Aug 18 23:00:04 EEST 2026)
🔍 Discovered unmounted Philips SSD partition: disk4s1
Mounting diskutil mount disk4s1...
Volume KINGSTON on disk4s1 mounted
⚠️ Not found locally on dios-macbook-air. Querying Tailscale mesh nodes...
✅ Philips SSD located on macmini-secondary (100.70.181.127) at: /Volumes/PHILIPS_SSD
=== 💾 PHILIPS SSD MULTI-NODE DISCOVERY & MOUNT UTILITY ===
Current Node: dios-macbook-air (Tue Aug 18 23:05:06 EEST 2026)
🔍 Discovered unmounted Philips SSD partition: disk4s1
Mounting diskutil mount disk4s1...
Volume KINGSTON on disk4s1 mounted
⚠️ Not found locally on dios-macbook-air. Querying Tailscale mesh nodes...
✅ Philips SSD located on macmini-secondary (100.70.181.127) at: /Volumes/PHILIPS_SSD
=== 💾 PHILIPS SSD MULTI-NODE DISCOVERY & MOUNT UTILITY ===
Current Node: dios-macbook-air (Tue Aug 18 23:10:08 EEST 2026)
🔍 Discovered unmounted Philips SSD partition: disk4s1
Mounting diskutil mount disk4s1...
Volume KINGSTON on disk4s1 mounted
⚠️ Not found locally on dios-macbook-air. Querying Tailscale mesh nodes...
❌ Philips SSD drive not found on local or remote Tailscale nodes.
=== 💾 PHILIPS SSD MULTI-NODE DISCOVERY & MOUNT UTILITY ===
Current Node: dios-macbook-air (Tue Aug 18 23:15:11 EEST 2026)
🔍 Discovered unmounted Philips SSD partition: disk4s1
Mounting diskutil mount disk4s1...
Volume KINGSTON on disk4s1 mounted
⚠️ Not found locally on dios-macbook-air. Querying Tailscale mesh nodes...
✅ Philips SSD located on macmini-secondary (100.70.181.127) at: /Volumes/PHILIPS_SSD
=== 💾 PHILIPS SSD MULTI-NODE DISCOVERY & MOUNT UTILITY ===
Current Node: dios-macbook-air (Tue Aug 18 23:20:15 EEST 2026)
🔍 Discovered unmounted Philips SSD partition: disk4s1
Mounting diskutil mount disk4s1...
Volume KINGSTON on disk4s1 mounted
⚠️ Not found locally on dios-macbook-air. Querying Tailscale mesh nodes...
❌ Philips SSD drive not found on local or remote Tailscale nodes.
=== 💾 PHILIPS SSD MULTI-NODE DISCOVERY & MOUNT UTILITY ===
Current Node: dios-macbook-air (Tue Aug 18 23:25:18 EEST 2026)
🔍 Discovered unmounted Philips SSD partition: disk4s1
Mounting diskutil mount disk4s1...
Volume KINGSTON on disk4s1 mounted
⚠️ Not found locally on dios-macbook-air. Querying Tailscale mesh nodes...
✅ Philips SSD located on macmini-secondary (100.70.181.127) at: /Volumes/PHILIPS_SSD
=== 💾 PHILIPS SSD MULTI-NODE DISCOVERY & MOUNT UTILITY ===
Current Node: dios-macbook-air (Tue Aug 18 23:30:20 EEST 2026)
🔍 Discovered unmounted Philips SSD partition: disk4s1
Mounting diskutil mount disk4s1...
Volume KINGSTON on disk4s1 mounted
⚠️ Not found locally on dios-macbook-air. Querying Tailscale mesh nodes...
✅ Philips SSD located on macmini-secondary (100.70.181.127) at: /Volumes/PHILIPS_SSD
=== 💾 PHILIPS SSD MULTI-NODE DISCOVERY & MOUNT UTILITY ===
Current Node: dios-macbook-air (Tue Aug 18 23:35:22 EEST 2026)
🔍 Discovered unmounted Philips SSD partition: disk4s1
Mounting diskutil mount disk4s1...
Volume KINGSTON on disk4s1 mounted
⚠️ Not found locally on dios-macbook-air. Querying Tailscale mesh nodes...
❌ Philips SSD drive not found on local or remote Tailscale nodes.
=== 💾 PHILIPS SSD MULTI-NODE DISCOVERY & MOUNT UTILITY ===
Current Node: dios-macbook-air (Tue Aug 18 23:40:25 EEST 2026)
🔍 Discovered unmounted Philips SSD partition: disk4s1
Mounting diskutil mount disk4s1...
Volume KINGSTON on disk4s1 mounted
⚠️ Not found locally on dios-macbook-air. Querying Tailscale mesh nodes...
❌ Philips SSD drive not found on local or remote Tailscale nodes.
=== 💾 PHILIPS SSD MULTI-NODE DISCOVERY & MOUNT UTILITY ===
Current Node: dios-macbook-air (Tue Aug 18 23:45:27 EEST 2026)
🔍 Discovered unmounted Philips SSD partition: disk4s1
Mounting diskutil mount disk4s1...
Volume KINGSTON on disk4s1 mounted
⚠️ Not found locally on dios-macbook-air. Querying Tailscale mesh nodes...
✅ Philips SSD located on macmini-secondary (100.70.181.127) at: /Volumes/PHILIPS_SSD
=== 💾 PHILIPS SSD MULTI-NODE DISCOVERY & MOUNT UTILITY ===
Current Node: dios-macbook-air (Tue Aug 18 23:50:32 EEST 2026)
🔍 Discovered unmounted Philips SSD partition: disk4s1
Mounting diskutil mount disk4s1...
Volume KINGSTON on disk4s1 mounted
⚠️ Not found locally on dios-macbook-air. Querying Tailscale mesh nodes...
✅ Philips SSD located on macmini-secondary (100.70.181.127) at: /Volumes/PHILIPS_SSD
=== 💾 PHILIPS SSD MULTI-NODE DISCOVERY & MOUNT UTILITY ===
Current Node: dios-macbook-air (Tue Aug 18 23:55:35 EEST 2026)
🔍 Discovered unmounted Philips SSD partition: disk4s1
Mounting diskutil mount disk4s1...
Volume KINGSTON on disk4s1 mounted
⚠️ Not found locally on dios-macbook-air. Querying Tailscale mesh nodes...
✅ Philips SSD located on macmini-secondary (100.70.181.127) at: /Volumes/PHILIPS_SSD
=== 💾 PHILIPS SSD MULTI-NODE DISCOVERY & MOUNT UTILITY ===
Current Node: dios-macbook-air (Wed Aug 19 00:00:39 EEST 2026)
🔍 Discovered unmounted Philips SSD partition: disk4s1
Mounting diskutil mount disk4s1...
Volume KINGSTON on disk4s1 mounted
⚠️ Not found locally on dios-macbook-air. Querying Tailscale mesh nodes...
✅ Philips SSD located on macmini-secondary (100.70.181.127) at: /Volumes/PHILIPS_SSD
=== 💾 PHILIPS SSD MULTI-NODE DISCOVERY & MOUNT UTILITY ===
Current Node: dios-macbook-air (Wed Aug 19 00:05:43 EEST 2026)
🔍 Discovered unmounted Philips SSD partition: disk4s1
Mounting diskutil mount disk4s1...
Volume KINGSTON on disk4s1 mounted
⚠️ Not found locally on dios-macbook-air. Querying Tailscale mesh nodes...
✅ Philips SSD located on macmini-secondary (100.70.181.127) at: /Volumes/PHILIPS_SSD
=== 💾 PHILIPS SSD MULTI-NODE DISCOVERY & MOUNT UTILITY ===
Current Node: dios-macbook-air (Wed Aug 19 00:10:48 EEST 2026)
🔍 Discovered unmounted Philips SSD partition: disk4s1
Mounting diskutil mount disk4s1...
Volume KINGSTON on disk4s1 mounted
⚠️ Not found locally on dios-macbook-air. Querying Tailscale mesh nodes...
✅ Philips SSD located on macmini-secondary (100.70.181.127) at: /Volumes/PHILIPS_SSD
=== 💾 PHILIPS SSD MULTI-NODE DISCOVERY & MOUNT UTILITY ===
Current Node: dios-macbook-air (Wed Aug 19 00:15:50 EEST 2026)
🔍 Discovered unmounted Philips SSD partition: disk4s1
Mounting diskutil mount disk4s1...
Volume KINGSTON on disk4s1 mounted
⚠️ Not found locally on dios-macbook-air. Querying Tailscale mesh nodes...
❌ Philips SSD drive not found on local or remote Tailscale nodes.
=== 💾 PHILIPS SSD MULTI-NODE DISCOVERY & MOUNT UTILITY ===
Current Node: dios-macbook-air (Wed Aug 19 00:20:53 EEST 2026)
🔍 Discovered unmounted Philips SSD partition: disk4s1
Mounting diskutil mount disk4s1...
Volume KINGSTON on disk4s1 mounted
⚠️ Not found locally on dios-macbook-air. Querying Tailscale mesh nodes...
✅ Philips SSD located on macmini-secondary (100.70.181.127) at: /Volumes/PHILIPS_SSD
=== 💾 PHILIPS SSD MULTI-NODE DISCOVERY & MOUNT UTILITY ===
Current Node: dios-macbook-air (Wed Aug 19 00:25:55 EEST 2026)
🔍 Discovered unmounted Philips SSD partition: disk4s1
Mounting diskutil mount disk4s1...
Volume KINGSTON on disk4s1 mounted
⚠️ Not found locally on dios-macbook-air. Querying Tailscale mesh nodes...
✅ Philips SSD located on macmini-secondary (100.70.181.127) at: /Volumes/PHILIPS_SSD
=== 💾 PHILIPS SSD MULTI-NODE DISCOVERY & MOUNT UTILITY ===
Current Node: dios-macbook-air (Wed Aug 19 00:30:57 EEST 2026)
🔍 Discovered unmounted Philips SSD partition: disk4s1
Mounting diskutil mount disk4s1...
Volume KINGSTON on disk4s1 mounted
⚠️ Not found locally on dios-macbook-air. Querying Tailscale mesh nodes...
✅ Philips SSD located on macmini-secondary (100.70.181.127) at: /Volumes/PHILIPS_SSD
=== 💾 PHILIPS SSD MULTI-NODE DISCOVERY & MOUNT UTILITY ===
Current Node: dios-macbook-air (Wed Aug 19 00:36:00 EEST 2026)
🔍 Discovered unmounted Philips SSD partition: disk4s1
Mounting diskutil mount disk4s1...
Volume KINGSTON on disk4s1 mounted
⚠️ Not found locally on dios-macbook-air. Querying Tailscale mesh nodes...
✅ Philips SSD located on macmini-secondary (100.70.181.127) at: /Volumes/PHILIPS_SSD
=== 💾 PHILIPS SSD MULTI-NODE DISCOVERY & MOUNT UTILITY ===
Current Node: dios-macbook-air (Wed Aug 19 00:41:04 EEST 2026)
🔍 Discovered unmounted Philips SSD partition: disk4s1
Mounting diskutil mount disk4s1...
Volume KINGSTON on disk4s1 mounted
⚠️ Not found locally on dios-macbook-air. Querying Tailscale mesh nodes...
✅ Philips SSD located on macmini-secondary (100.70.181.127) at: /Volumes/PHILIPS_SSD
=== 💾 PHILIPS SSD MULTI-NODE DISCOVERY & MOUNT UTILITY ===
Current Node: dios-macbook-air (Wed Aug 19 00:46:06 EEST 2026)
🔍 Discovered unmounted Philips SSD partition: disk4s1
Mounting diskutil mount disk4s1...
Volume KINGSTON on disk4s1 mounted
⚠️ Not found locally on dios-macbook-air. Querying Tailscale mesh nodes...
✅ Philips SSD located on macmini-secondary (100.70.181.127) at: /Volumes/PHILIPS_SSD
=== 💾 PHILIPS SSD MULTI-NODE DISCOVERY & MOUNT UTILITY ===
Current Node: dios-macbook-air (Wed Aug 19 00:51:25 EEST 2026)
🔍 Discovered unmounted Philips SSD partition: disk4s1
Mounting diskutil mount disk4s1...
Volume KINGSTON on disk4s1 mounted
⚠️ Not found locally on dios-macbook-air. Querying Tailscale mesh nodes...
✅ Philips SSD located on macmini-secondary (100.70.181.127) at: /Volumes/PHILIPS_SSD
=== 💾 PHILIPS SSD MULTI-NODE DISCOVERY & MOUNT UTILITY ===
Current Node: dios-macbook-air (Wed Aug 19 00:56:30 EEST 2026)
🔍 Discovered unmounted Philips SSD partition: disk4s1
Mounting diskutil mount disk4s1...
Volume KINGSTON on disk4s1 mounted
⚠️ Not found locally on dios-macbook-air. Querying Tailscale mesh nodes...
✅ Philips SSD located on macmini-secondary (100.70.181.127) at: /Volumes/PHILIPS_SSD
=== 💾 PHILIPS SSD MULTI-NODE DISCOVERY & MOUNT UTILITY ===
Current Node: dios-macbook-air (Wed Aug 19 01:01:33 EEST 2026)
🔍 Discovered unmounted Philips SSD partition: disk4s1
Mounting diskutil mount disk4s1...
Volume KINGSTON on disk4s1 mounted
⚠️ Not found locally on dios-macbook-air. Querying Tailscale mesh nodes...
✅ Philips SSD located on macmini-secondary (100.70.181.127) at: /Volumes/PHILIPS_SSD
=== 💾 PHILIPS SSD MULTI-NODE DISCOVERY & MOUNT UTILITY ===
Current Node: dios-macbook-air (Wed Aug 19 01:06:35 EEST 2026)
🔍 Discovered unmounted Philips SSD partition: disk4s1
Mounting diskutil mount disk4s1...
Volume KINGSTON on disk4s1 mounted
⚠️ Not found locally on dios-macbook-air. Querying Tailscale mesh nodes...
✅ Philips SSD located on macmini-secondary (100.70.181.127) at: /Volumes/PHILIPS_SSD
=== 💾 PHILIPS SSD MULTI-NODE DISCOVERY & MOUNT UTILITY ===
Current Node: dios-macbook-air (Wed Aug 19 01:11:38 EEST 2026)
🔍 Discovered unmounted Philips SSD partition: disk4s1
Mounting diskutil mount disk4s1...
Volume KINGSTON on disk4s1 mounted
⚠️ Not found locally on dios-macbook-air. Querying Tailscale mesh nodes...
✅ Philips SSD located on macmini-secondary (100.70.181.127) at: /Volumes/PHILIPS_SSD
=== 💾 PHILIPS SSD MULTI-NODE DISCOVERY & MOUNT UTILITY ===
Current Node: dios-macbook-air (Wed Aug 19 01:16:42 EEST 2026)
🔍 Discovered unmounted Philips SSD partition: disk4s1
Mounting diskutil mount disk4s1...
Volume KINGSTON on disk4s1 mounted
⚠️ Not found locally on dios-macbook-air. Querying Tailscale mesh nodes...
✅ Philips SSD located on macmini-secondary (100.70.181.127) at: /Volumes/PHILIPS_SSD
=== 💾 PHILIPS SSD MULTI-NODE DISCOVERY & MOUNT UTILITY ===
Current Node: dios-macbook-air (Wed Aug 19 01:22:02 EEST 2026)
🔍 Discovered unmounted Philips SSD partition: disk4s1
Mounting diskutil mount disk4s1...
Volume KINGSTON on disk4s1 mounted
⚠️ Not found locally on dios-macbook-air. Querying Tailscale mesh nodes...
✅ Philips SSD located on macmini-secondary (100.70.181.127) at: /Volumes/PHILIPS_SSD
=== 💾 PHILIPS SSD MULTI-NODE DISCOVERY & MOUNT UTILITY ===
Current Node: dios-macbook-air (Wed Aug 19 01:27:04 EEST 2026)
🔍 Discovered unmounted Philips SSD partition: disk4s1
Mounting diskutil mount disk4s1...
Volume KINGSTON on disk4s1 mounted
⚠️ Not found locally on dios-macbook-air. Querying Tailscale mesh nodes...
✅ Philips SSD located on macmini-secondary (100.70.181.127) at: /Volumes/PHILIPS_SSD
=== 💾 PHILIPS SSD MULTI-NODE DISCOVERY & MOUNT UTILITY ===
Current Node: dios-macbook-air (Wed Aug 19 01:32:10 EEST 2026)
🔍 Discovered unmounted Philips SSD partition: disk4s1
Mounting diskutil mount disk4s1...
Volume KINGSTON on disk4s1 mounted
⚠️ Not found locally on dios-macbook-air. Querying Tailscale mesh nodes...
✅ Philips SSD located on macmini-secondary (100.70.181.127) at: /Volumes/PHILIPS_SSD
=== 💾 PHILIPS SSD MULTI-NODE DISCOVERY & MOUNT UTILITY ===
Current Node: dios-macbook-air (Wed Aug 19 01:37:13 EEST 2026)
🔍 Discovered unmounted Philips SSD partition: disk4s1
Mounting diskutil mount disk4s1...
Volume KINGSTON on disk4s1 mounted
⚠️ Not found locally on dios-macbook-air. Querying Tailscale mesh nodes...
✅ Philips SSD located on macmini-secondary (100.70.181.127) at: /Volumes/PHILIPS_SSD
=== 💾 PHILIPS SSD MULTI-NODE DISCOVERY & MOUNT UTILITY ===
Current Node: dios-macbook-air (Wed Aug 19 01:42:17 EEST 2026)
🔍 Discovered unmounted Philips SSD partition: disk4s1
Mounting diskutil mount disk4s1...
Volume KINGSTON on disk4s1 mounted
⚠️ Not found locally on dios-macbook-air. Querying Tailscale mesh nodes...
❌ Philips SSD drive not found on local or remote Tailscale nodes.
=== 💾 PHILIPS SSD MULTI-NODE DISCOVERY & MOUNT UTILITY ===
Current Node: dios-macbook-air (Wed Aug 19 01:47:19 EEST 2026)
🔍 Discovered unmounted Philips SSD partition: disk4s1
Mounting diskutil mount disk4s1...
Volume KINGSTON on disk4s1 mounted
⚠️ Not found locally on dios-macbook-air. Querying Tailscale mesh nodes...
✅ Philips SSD located on macmini-secondary (100.70.181.127) at: /Volumes/PHILIPS_SSD
=== 💾 PHILIPS SSD MULTI-NODE DISCOVERY & MOUNT UTILITY ===
Current Node: dios-macbook-air (Wed Aug 19 01:52:29 EEST 2026)
🔍 Discovered unmounted Philips SSD partition: disk4s1
Mounting diskutil mount disk4s1...
Volume KINGSTON on disk4s1 mounted
⚠️ Not found locally on dios-macbook-air. Querying Tailscale mesh nodes...
✅ Philips SSD located on macmini-secondary (100.70.181.127) at: /Volumes/PHILIPS_SSD
=== 💾 PHILIPS SSD MULTI-NODE DISCOVERY & MOUNT UTILITY ===
Current Node: dios-macbook-air (Wed Aug 19 01:57:31 EEST 2026)
🔍 Discovered unmounted Philips SSD partition: disk4s1
Mounting diskutil mount disk4s1...
Volume KINGSTON on disk4s1 mounted
⚠️ Not found locally on dios-macbook-air. Querying Tailscale mesh nodes...
❌ Philips SSD drive not found on local or remote Tailscale nodes.
=== 💾 PHILIPS SSD MULTI-NODE DISCOVERY & MOUNT UTILITY ===
Current Node: dios-macbook-air (Wed Aug 19 02:02:33 EEST 2026)
🔍 Discovered unmounted Philips SSD partition: disk4s1
Mounting diskutil mount disk4s1...
Volume KINGSTON on disk4s1 mounted
⚠️ Not found locally on dios-macbook-air. Querying Tailscale mesh nodes...
✅ Philips SSD located on macmini-secondary (100.70.181.127) at: /Volumes/PHILIPS_SSD
=== 💾 PHILIPS SSD MULTI-NODE DISCOVERY & MOUNT UTILITY ===
Current Node: dios-macbook-air (Wed Aug 19 02:07:35 EEST 2026)
🔍 Discovered unmounted Philips SSD partition: disk4s1
Mounting diskutil mount disk4s1...
Volume KINGSTON on disk4s1 mounted
⚠️ Not found locally on dios-macbook-air. Querying Tailscale mesh nodes...
✅ Philips SSD located on macmini-secondary (100.70.181.127) at: /Volumes/PHILIPS_SSD
=== 💾 PHILIPS SSD MULTI-NODE DISCOVERY & MOUNT UTILITY ===
Current Node: dios-macbook-air (Wed Aug 19 02:12:39 EEST 2026)
🔍 Discovered unmounted Philips SSD partition: disk4s1
Mounting diskutil mount disk4s1...
Volume KINGSTON on disk4s1 mounted
⚠️ Not found locally on dios-macbook-air. Querying Tailscale mesh nodes...
✅ Philips SSD located on macmini-secondary (100.70.181.127) at: /Volumes/PHILIPS_SSD
=== 💾 PHILIPS SSD MULTI-NODE DISCOVERY & MOUNT UTILITY ===
Current Node: dios-macbook-air (Wed Aug 19 02:17:41 EEST 2026)
🔍 Discovered unmounted Philips SSD partition: disk4s1
Mounting diskutil mount disk4s1...
Volume KINGSTON on disk4s1 mounted
⚠️ Not found locally on dios-macbook-air. Querying Tailscale mesh nodes...
✅ Philips SSD located on macmini-secondary (100.70.181.127) at: /Volumes/PHILIPS_SSD
=== 💾 PHILIPS SSD MULTI-NODE DISCOVERY & MOUNT UTILITY ===
Current Node: dios-macbook-air (Wed Aug 19 02:22:44 EEST 2026)
🔍 Discovered unmounted Philips SSD partition: disk4s1
Mounting diskutil mount disk4s1...
Volume KINGSTON on disk4s1 mounted
⚠️ Not found locally on dios-macbook-air. Querying Tailscale mesh nodes...
✅ Philips SSD located on macmini-secondary (100.70.181.127) at: /Volumes/PHILIPS_SSD
=== 💾 PHILIPS SSD MULTI-NODE DISCOVERY & MOUNT UTILITY ===
Current Node: dios-macbook-air (Wed Aug 19 02:27:46 EEST 2026)
🔍 Discovered unmounted Philips SSD partition: disk4s1
Mounting diskutil mount disk4s1...
Volume KINGSTON on disk4s1 mounted
⚠️ Not found locally on dios-macbook-air. Querying Tailscale mesh nodes...
✅ Philips SSD located on macmini-secondary (100.70.181.127) at: /Volumes/PHILIPS_SSD
=== 💾 PHILIPS SSD MULTI-NODE DISCOVERY & MOUNT UTILITY ===
Current Node: dios-macbook-air (Wed Aug 19 02:32:48 EEST 2026)
🔍 Discovered unmounted Philips SSD partition: disk4s1
Mounting diskutil mount disk4s1...
Volume KINGSTON on disk4s1 mounted
⚠️ Not found locally on dios-macbook-air. Querying Tailscale mesh nodes...
✅ Philips SSD located on macmini-secondary (100.70.181.127) at: /Volumes/PHILIPS_SSD
=== 💾 PHILIPS SSD MULTI-NODE DISCOVERY & MOUNT UTILITY ===
Current Node: dios-macbook-air (Wed Aug 19 02:37:51 EEST 2026)
🔍 Discovered unmounted Philips SSD partition: disk4s1
Mounting diskutil mount disk4s1...
Volume KINGSTON on disk4s1 mounted
⚠️ Not found locally on dios-macbook-air. Querying Tailscale mesh nodes...
✅ Philips SSD located on macmini-secondary (100.70.181.127) at: /Volumes/PHILIPS_SSD
=== 💾 PHILIPS SSD MULTI-NODE DISCOVERY & MOUNT UTILITY ===
Current Node: dios-macbook-air (Wed Aug 19 02:42:53 EEST 2026)
🔍 Discovered unmounted Philips SSD partition: disk4s1
Mounting diskutil mount disk4s1...
Volume KINGSTON on disk4s1 mounted
⚠️ Not found locally on dios-macbook-air. Querying Tailscale mesh nodes...
✅ Philips SSD located on macmini-secondary (100.70.181.127) at: /Volumes/PHILIPS_SSD
=== 💾 PHILIPS SSD MULTI-NODE DISCOVERY & MOUNT UTILITY ===
Current Node: dios-macbook-air (Wed Aug 19 02:47:55 EEST 2026)
🔍 Discovered unmounted Philips SSD partition: disk4s1
Mounting diskutil mount disk4s1...
Volume KINGSTON on disk4s1 mounted
⚠️ Not found locally on dios-macbook-air. Querying Tailscale mesh nodes...
✅ Philips SSD located on macmini-secondary (100.70.181.127) at: /Volumes/PHILIPS_SSD
=== 💾 PHILIPS SSD MULTI-NODE DISCOVERY & MOUNT UTILITY ===
Current Node: dios-macbook-air (Wed Aug 19 02:52:58 EEST 2026)
🔍 Discovered unmounted Philips SSD partition: disk4s1
Mounting diskutil mount disk4s1...
Volume KINGSTON on disk4s1 mounted
⚠️ Not found locally on dios-macbook-air. Querying Tailscale mesh nodes...
✅ Philips SSD located on macmini-secondary (100.70.181.127) at: /Volumes/PHILIPS_SSD
=== 💾 PHILIPS SSD MULTI-NODE DISCOVERY & MOUNT UTILITY ===
Current Node: dios-macbook-air (Wed Aug 19 02:58:00 EEST 2026)
🔍 Discovered unmounted Philips SSD partition: disk4s1
Mounting diskutil mount disk4s1...
Volume KINGSTON on disk4s1 mounted
⚠️ Not found locally on dios-macbook-air. Querying Tailscale mesh nodes...
✅ Philips SSD located on macmini-secondary (100.70.181.127) at: /Volumes/PHILIPS_SSD
=== 💾 PHILIPS SSD MULTI-NODE DISCOVERY & MOUNT UTILITY ===
Current Node: dios-macbook-air (Wed Aug 19 03:03:02 EEST 2026)
🔍 Discovered unmounted Philips SSD partition: disk4s1
Mounting diskutil mount disk4s1...
Volume KINGSTON on disk4s1 mounted
⚠️ Not found locally on dios-macbook-air. Querying Tailscale mesh nodes...
✅ Philips SSD located on macmini-secondary (100.70.181.127) at: /Volumes/PHILIPS_SSD
=== 💾 PHILIPS SSD MULTI-NODE DISCOVERY & MOUNT UTILITY ===
Current Node: dios-macbook-air (Wed Aug 19 03:08:07 EEST 2026)
🔍 Discovered unmounted Philips SSD partition: disk4s1
Mounting diskutil mount disk4s1...
Volume KINGSTON on disk4s1 mounted
⚠️ Not found locally on dios-macbook-air. Querying Tailscale mesh nodes...
✅ Philips SSD located on macmini-secondary (100.70.181.127) at: /Volumes/PHILIPS_SSD
=== 💾 PHILIPS SSD MULTI-NODE DISCOVERY & MOUNT UTILITY ===
Current Node: dios-macbook-air (Wed Aug 19 03:13:09 EEST 2026)
🔍 Discovered unmounted Philips SSD partition: disk4s1
Mounting diskutil mount disk4s1...
Volume KINGSTON on disk4s1 mounted
⚠️ Not found locally on dios-macbook-air. Querying Tailscale mesh nodes...
✅ Philips SSD located on macmini-secondary (100.70.181.127) at: /Volumes/PHILIPS_SSD
=== 💾 PHILIPS SSD MULTI-NODE DISCOVERY & MOUNT UTILITY ===
Current Node: dios-macbook-air (Wed Aug 19 03:18:11 EEST 2026)
🔍 Discovered unmounted Philips SSD partition: disk4s1
Mounting diskutil mount disk4s1...
Volume KINGSTON on disk4s1 mounted
⚠️ Not found locally on dios-macbook-air. Querying Tailscale mesh nodes...
✅ Philips SSD located on macmini-secondary (100.70.181.127) at: /Volumes/PHILIPS_SSD
=== 💾 PHILIPS SSD MULTI-NODE DISCOVERY & MOUNT UTILITY ===
Current Node: dios-macbook-air (Wed Aug 19 03:23:13 EEST 2026)
🔍 Discovered unmounted Philips SSD partition: disk4s1
Mounting diskutil mount disk4s1...
Volume KINGSTON on disk4s1 mounted
⚠️ Not found locally on dios-macbook-air. Querying Tailscale mesh nodes...
✅ Philips SSD located on macmini-secondary (100.70.181.127) at: /Volumes/PHILIPS_SSD
=== 💾 PHILIPS SSD MULTI-NODE DISCOVERY & MOUNT UTILITY ===
Current Node: dios-macbook-air (Wed Aug 19 03:28:16 EEST 2026)
🔍 Discovered unmounted Philips SSD partition: disk4s1
Mounting diskutil mount disk4s1...
Volume KINGSTON on disk4s1 mounted
⚠️ Not found locally on dios-macbook-air. Querying Tailscale mesh nodes...
✅ Philips SSD located on macmini-secondary (100.70.181.127) at: /Volumes/PHILIPS_SSD
=== 💾 PHILIPS SSD MULTI-NODE DISCOVERY & MOUNT UTILITY ===
Current Node: dios-macbook-air (Wed Aug 19 03:33:46 EEST 2026)
🔍 Discovered unmounted Philips SSD partition: disk4s1
Mounting diskutil mount disk4s1...
Volume KINGSTON on disk4s1 mounted
⚠️ Not found locally on dios-macbook-air. Querying Tailscale mesh nodes...
✅ Philips SSD located on macmini-secondary (100.70.181.127) at: /Volumes/PHILIPS_SSD
=== 💾 PHILIPS SSD MULTI-NODE DISCOVERY & MOUNT UTILITY ===
Current Node: dios-macbook-air (Wed Aug 19 03:38:53 EEST 2026)
🔍 Discovered unmounted Philips SSD partition: disk4s1
Mounting diskutil mount disk4s1...
Volume KINGSTON on disk4s1 mounted
⚠️ Not found locally on dios-macbook-air. Querying Tailscale mesh nodes...
✅ Philips SSD located on macmini-secondary (100.70.181.127) at: /Volumes/PHILIPS_SSD
=== 💾 PHILIPS SSD MULTI-NODE DISCOVERY & MOUNT UTILITY ===
Current Node: dios-macbook-air (Wed Aug 19 03:43:56 EEST 2026)
🔍 Discovered unmounted Philips SSD partition: disk4s1
Mounting diskutil mount disk4s1...
Volume KINGSTON on disk4s1 mounted
⚠️ Not found locally on dios-macbook-air. Querying Tailscale mesh nodes...
✅ Philips SSD located on macmini-secondary (100.70.181.127) at: /Volumes/PHILIPS_SSD
=== 💾 PHILIPS SSD MULTI-NODE DISCOVERY & MOUNT UTILITY ===
Current Node: dios-macbook-air (Wed Aug 19 03:49:01 EEST 2026)
🔍 Discovered unmounted Philips SSD partition: disk4s1
Mounting diskutil mount disk4s1...
Volume KINGSTON on disk4s1 mounted
⚠️ Not found locally on dios-macbook-air. Querying Tailscale mesh nodes...
✅ Philips SSD located on macmini-secondary (100.70.181.127) at: /Volumes/PHILIPS_SSD
=== 💾 PHILIPS SSD MULTI-NODE DISCOVERY & MOUNT UTILITY ===
Current Node: dios-macbook-air (Wed Aug 19 03:54:03 EEST 2026)
🔍 Discovered unmounted Philips SSD partition: disk4s1
Mounting diskutil mount disk4s1...
Volume KINGSTON on disk4s1 mounted
⚠️ Not found locally on dios-macbook-air. Querying Tailscale mesh nodes...
✅ Philips SSD located on macmini-secondary (100.70.181.127) at: /Volumes/PHILIPS_SSD
=== 💾 PHILIPS SSD MULTI-NODE DISCOVERY & MOUNT UTILITY ===
Current Node: dios-macbook-air (Wed Aug 19 03:59:10 EEST 2026)
🔍 Discovered unmounted Philips SSD partition: disk4s1
Mounting diskutil mount disk4s1...
Volume KINGSTON on disk4s1 mounted
⚠️ Not found locally on dios-macbook-air. Querying Tailscale mesh nodes...
✅ Philips SSD located on macmini-secondary (100.70.181.127) at: /Volumes/PHILIPS_SSD
=== 💾 PHILIPS SSD MULTI-NODE DISCOVERY & MOUNT UTILITY ===
Current Node: dios-macbook-air (Wed Aug 19 04:04:13 EEST 2026)
🔍 Discovered unmounted Philips SSD partition: disk4s1
Mounting diskutil mount disk4s1...
Volume KINGSTON on disk4s1 mounted
⚠️ Not found locally on dios-macbook-air. Querying Tailscale mesh nodes...
✅ Philips SSD located on macmini-secondary (100.70.181.127) at: /Volumes/PHILIPS_SSD
=== 💾 PHILIPS SSD MULTI-NODE DISCOVERY & MOUNT UTILITY ===
Current Node: dios-macbook-air (Wed Aug 19 04:09:30 EEST 2026)
🔍 Discovered unmounted Philips SSD partition: disk4s1
Mounting diskutil mount disk4s1...
Volume KINGSTON on disk4s1 mounted
⚠️ Not found locally on dios-macbook-air. Querying Tailscale mesh nodes...
❌ Philips SSD drive not found on local or remote Tailscale nodes.
=== 💾 PHILIPS SSD MULTI-NODE DISCOVERY & MOUNT UTILITY ===
Current Node: dios-macbook-air (Wed Aug 19 04:14:32 EEST 2026)
🔍 Discovered unmounted Philips SSD partition: disk4s1
Mounting diskutil mount disk4s1...
Volume KINGSTON on disk4s1 mounted
⚠️ Not found locally on dios-macbook-air. Querying Tailscale mesh nodes...
❌ Philips SSD drive not found on local or remote Tailscale nodes.
=== 💾 PHILIPS SSD MULTI-NODE DISCOVERY & MOUNT UTILITY ===
Current Node: dios-macbook-air (Wed Aug 19 04:19:34 EEST 2026)
🔍 Discovered unmounted Philips SSD partition: disk4s1
Mounting diskutil mount disk4s1...
Volume KINGSTON on disk4s1 mounted
⚠️ Not found locally on dios-macbook-air. Querying Tailscale mesh nodes...
❌ Philips SSD drive not found on local or remote Tailscale nodes.
=== 💾 PHILIPS SSD MULTI-NODE DISCOVERY & MOUNT UTILITY ===
Current Node: dios-macbook-air (Wed Aug 19 04:24:37 EEST 2026)
🔍 Discovered unmounted Philips SSD partition: disk4s1
Mounting diskutil mount disk4s1...
Volume KINGSTON on disk4s1 mounted
⚠️ Not found locally on dios-macbook-air. Querying Tailscale mesh nodes...
✅ Philips SSD located on macmini-secondary (100.70.181.127) at: /Volumes/PHILIPS_SSD
=== 💾 PHILIPS SSD MULTI-NODE DISCOVERY & MOUNT UTILITY ===
Current Node: dios-macbook-air (Wed Aug 19 04:29:39 EEST 2026)
🔍 Discovered unmounted Philips SSD partition: disk4s1
Mounting diskutil mount disk4s1...
Volume KINGSTON on disk4s1 mounted
⚠️ Not found locally on dios-macbook-air. Querying Tailscale mesh nodes...
✅ Philips SSD located on macmini-secondary (100.70.181.127) at: /Volumes/PHILIPS_SSD
=== 💾 PHILIPS SSD MULTI-NODE DISCOVERY & MOUNT UTILITY ===
Current Node: dios-macbook-air (Wed Aug 19 04:34:42 EEST 2026)
🔍 Discovered unmounted Philips SSD partition: disk4s1
Mounting diskutil mount disk4s1...
Volume KINGSTON on disk4s1 mounted
⚠️ Not found locally on dios-macbook-air. Querying Tailscale mesh nodes...
✅ Philips SSD located on macmini-secondary (100.70.181.127) at: /Volumes/PHILIPS_SSD
=== 💾 PHILIPS SSD MULTI-NODE DISCOVERY & MOUNT UTILITY ===
Current Node: dios-macbook-air (Wed Aug 19 04:39:46 EEST 2026)
🔍 Discovered unmounted Philips SSD partition: disk4s1
Mounting diskutil mount disk4s1...
Volume KINGSTON on disk4s1 mounted
⚠️ Not found locally on dios-macbook-air. Querying Tailscale mesh nodes...
✅ Philips SSD located on macmini-secondary (100.70.181.127) at: /Volumes/PHILIPS_SSD
=== 💾 PHILIPS SSD MULTI-NODE DISCOVERY & MOUNT UTILITY ===
Current Node: dios-macbook-air (Wed Aug 19 04:44:52 EEST 2026)
🔍 Discovered unmounted Philips SSD partition: disk4s1
Mounting diskutil mount disk4s1...
Volume KINGSTON on disk4s1 mounted
⚠️ Not found locally on dios-macbook-air. Querying Tailscale mesh nodes...
✅ Philips SSD located on macmini-secondary (100.70.181.127) at: /Volumes/PHILIPS_SSD
=== 💾 PHILIPS SSD MULTI-NODE DISCOVERY & MOUNT UTILITY ===
Current Node: dios-macbook-air (Wed Aug 19 04:50:12 EEST 2026)
🔍 Discovered unmounted Philips SSD partition: disk4s1
Mounting diskutil mount disk4s1...
Volume KINGSTON on disk4s1 mounted
⚠️ Not found locally on dios-macbook-air. Querying Tailscale mesh nodes...
✅ Philips SSD located on macmini-secondary (100.70.181.127) at: /Volumes/PHILIPS_SSD
=== 💾 PHILIPS SSD MULTI-NODE DISCOVERY & MOUNT UTILITY ===
Current Node: dios-macbook-air (Wed Aug 19 04:55:20 EEST 2026)
🔍 Discovered unmounted Philips SSD partition: disk4s1
Mounting diskutil mount disk4s1...
Volume KINGSTON on disk4s1 mounted
⚠️ Not found locally on dios-macbook-air. Querying Tailscale mesh nodes...
✅ Philips SSD located on macmini-secondary (100.70.181.127) at: /Volumes/PHILIPS_SSD
=== 💾 PHILIPS SSD MULTI-NODE DISCOVERY & MOUNT UTILITY ===
Current Node: dios-macbook-air (Wed Aug 19 05:00:29 EEST 2026)
🔍 Discovered unmounted Philips SSD partition: disk4s1
Mounting diskutil mount disk4s1...
Volume KINGSTON on disk4s1 mounted
⚠️ Not found locally on dios-macbook-air. Querying Tailscale mesh nodes...
✅ Philips SSD located on macmini-secondary (100.70.181.127) at: /Volumes/PHILIPS_SSD
=== 💾 PHILIPS SSD MULTI-NODE DISCOVERY & MOUNT UTILITY ===
Current Node: dios-macbook-air (Wed Aug 19 05:05:34 EEST 2026)
🔍 Discovered unmounted Philips SSD partition: disk4s1
Mounting diskutil mount disk4s1...
Volume KINGSTON on disk4s1 mounted
⚠️ Not found locally on dios-macbook-air. Querying Tailscale mesh nodes...
❌ Philips SSD drive not found on local or remote Tailscale nodes.
=== 💾 PHILIPS SSD MULTI-NODE DISCOVERY & MOUNT UTILITY ===
Current Node: dios-macbook-air (Wed Aug 19 05:10:36 EEST 2026)
🔍 Discovered unmounted Philips SSD partition: disk4s1
Mounting diskutil mount disk4s1...
Volume KINGSTON on disk4s1 mounted
⚠️ Not found locally on dios-macbook-air. Querying Tailscale mesh nodes...
✅ Philips SSD located on macmini-secondary (100.70.181.127) at: /Volumes/PHILIPS_SSD
=== 💾 PHILIPS SSD MULTI-NODE DISCOVERY & MOUNT UTILITY ===
Current Node: dios-macbook-air (Wed Aug 19 05:15:41 EEST 2026)
🔍 Discovered unmounted Philips SSD partition: disk4s1
Mounting diskutil mount disk4s1...
Volume KINGSTON on disk4s1 mounted
⚠️ Not found locally on dios-macbook-air. Querying Tailscale mesh nodes...
✅ Philips SSD located on macmini-secondary (100.70.181.127) at: /Volumes/PHILIPS_SSD
=== 💾 PHILIPS SSD MULTI-NODE DISCOVERY & MOUNT UTILITY ===
Current Node: dios-macbook-air (Wed Aug 19 05:20:43 EEST 2026)
🔍 Discovered unmounted Philips SSD partition: disk4s1
Mounting diskutil mount disk4s1...
Volume KINGSTON on disk4s1 mounted
⚠️ Not found locally on dios-macbook-air. Querying Tailscale mesh nodes...
✅ Philips SSD located on macmini-secondary (100.70.181.127) at: /Volumes/PHILIPS_SSD
=== 💾 PHILIPS SSD MULTI-NODE DISCOVERY & MOUNT UTILITY ===
Current Node: dios-macbook-air (Wed Aug 19 05:25:48 EEST 2026)
🔍 Discovered unmounted Philips SSD partition: disk4s1
Mounting diskutil mount disk4s1...
Volume KINGSTON on disk4s1 mounted
⚠️ Not found locally on dios-macbook-air. Querying Tailscale mesh nodes...
✅ Philips SSD located on macmini-secondary (100.70.181.127) at: /Volumes/PHILIPS_SSD
=== 💾 PHILIPS SSD MULTI-NODE DISCOVERY & MOUNT UTILITY ===
Current Node: dios-macbook-air (Wed Aug 19 05:30:50 EEST 2026)
🔍 Discovered unmounted Philips SSD partition: disk4s1
Mounting diskutil mount disk4s1...
Volume KINGSTON on disk4s1 mounted
⚠️ Not found locally on dios-macbook-air. Querying Tailscale mesh nodes...
✅ Philips SSD located on macmini-secondary (100.70.181.127) at: /Volumes/PHILIPS_SSD
=== 💾 PHILIPS SSD MULTI-NODE DISCOVERY & MOUNT UTILITY ===
Current Node: dios-macbook-air (Wed Aug 19 05:35:53 EEST 2026)
🔍 Discovered unmounted Philips SSD partition: disk4s1
Mounting diskutil mount disk4s1...
Volume KINGSTON on disk4s1 mounted
⚠️ Not found locally on dios-macbook-air. Querying Tailscale mesh nodes...
✅ Philips SSD located on macmini-secondary (100.70.181.127) at: /Volumes/PHILIPS_SSD
=== 💾 PHILIPS SSD MULTI-NODE DISCOVERY & MOUNT UTILITY ===
Current Node: dios-macbook-air (Wed Aug 19 05:40:55 EEST 2026)
🔍 Discovered unmounted Philips SSD partition: disk4s1
Mounting diskutil mount disk4s1...
Volume KINGSTON on disk4s1 mounted
⚠️ Not found locally on dios-macbook-air. Querying Tailscale mesh nodes...
❌ Philips SSD drive not found on local or remote Tailscale nodes.
=== 💾 PHILIPS SSD MULTI-NODE DISCOVERY & MOUNT UTILITY ===
Current Node: dios-macbook-air (Wed Aug 19 05:45:58 EEST 2026)
🔍 Discovered unmounted Philips SSD partition: disk4s1
Mounting diskutil mount disk4s1...
Volume KINGSTON on disk4s1 mounted
⚠️ Not found locally on dios-macbook-air. Querying Tailscale mesh nodes...
❌ Philips SSD drive not found on local or remote Tailscale nodes.
=== 💾 PHILIPS SSD MULTI-NODE DISCOVERY & MOUNT UTILITY ===
Current Node: dios-macbook-air (Wed Aug 19 05:51:00 EEST 2026)
🔍 Discovered unmounted Philips SSD partition: disk4s1
Mounting diskutil mount disk4s1...
Volume KINGSTON on disk4s1 mounted
⚠️ Not found locally on dios-macbook-air. Querying Tailscale mesh nodes...
❌ Philips SSD drive not found on local or remote Tailscale nodes.
=== 💾 PHILIPS SSD MULTI-NODE DISCOVERY & MOUNT UTILITY ===
Current Node: dios-macbook-air (Wed Aug 19 05:56:02 EEST 2026)
🔍 Discovered unmounted Philips SSD partition: disk4s1
Mounting diskutil mount disk4s1...
Volume KINGSTON on disk4s1 mounted
⚠️ Not found locally on dios-macbook-air. Querying Tailscale mesh nodes...
✅ Philips SSD located on macmini-secondary (100.70.181.127) at: /Volumes/PHILIPS_SSD
=== 💾 PHILIPS SSD MULTI-NODE DISCOVERY & MOUNT UTILITY ===
Current Node: dios-macbook-air (Wed Aug 19 06:01:04 EEST 2026)
🔍 Discovered unmounted Philips SSD partition: disk4s1
Mounting diskutil mount disk4s1...
Volume KINGSTON on disk4s1 mounted
⚠️ Not found locally on dios-macbook-air. Querying Tailscale mesh nodes...
✅ Philips SSD located on macmini-secondary (100.70.181.127) at: /Volumes/PHILIPS_SSD
=== 💾 PHILIPS SSD MULTI-NODE DISCOVERY & MOUNT UTILITY ===
Current Node: dios-macbook-air (Wed Aug 19 06:06:09 EEST 2026)
🔍 Discovered unmounted Philips SSD partition: disk4s1
Mounting diskutil mount disk4s1...
Volume KINGSTON on disk4s1 mounted
⚠️ Not found locally on dios-macbook-air. Querying Tailscale mesh nodes...
✅ Philips SSD located on macmini-secondary (100.70.181.127) at: /Volumes/PHILIPS_SSD
=== 💾 PHILIPS SSD MULTI-NODE DISCOVERY & MOUNT UTILITY ===
Current Node: dios-macbook-air (Wed Aug 19 06:11:24 EEST 2026)
🔍 Discovered unmounted Philips SSD partition: disk4s1
Mounting diskutil mount disk4s1...
Volume KINGSTON on disk4s1 mounted
⚠️ Not found locally on dios-macbook-air. Querying Tailscale mesh nodes...
✅ Philips SSD located on macmini-secondary (100.70.181.127) at: /Volumes/PHILIPS_SSD
=== 💾 PHILIPS SSD MULTI-NODE DISCOVERY & MOUNT UTILITY ===
Current Node: dios-macbook-air (Wed Aug 19 06:16:26 EEST 2026)
🔍 Discovered unmounted Philips SSD partition: disk4s1
Mounting diskutil mount disk4s1...
Volume KINGSTON on disk4s1 mounted
⚠️ Not found locally on dios-macbook-air. Querying Tailscale mesh nodes...
❌ Philips SSD drive not found on local or remote Tailscale nodes.
=== 💾 PHILIPS SSD MULTI-NODE DISCOVERY & MOUNT UTILITY ===
Current Node: dios-macbook-air (Wed Aug 19 06:21:29 EEST 2026)
🔍 Discovered unmounted Philips SSD partition: disk4s1
Mounting diskutil mount disk4s1...
Volume KINGSTON on disk4s1 mounted
⚠️ Not found locally on dios-macbook-air. Querying Tailscale mesh nodes...
✅ Philips SSD located on macmini-secondary (100.70.181.127) at: /Volumes/PHILIPS_SSD
=== 💾 PHILIPS SSD MULTI-NODE DISCOVERY & MOUNT UTILITY ===
Current Node: dios-macbook-air (Wed Aug 19 06:26:37 EEST 2026)
🔍 Discovered unmounted Philips SSD partition: disk4s1
Mounting diskutil mount disk4s1...
Volume KINGSTON on disk4s1 mounted
⚠️ Not found locally on dios-macbook-air. Querying Tailscale mesh nodes...
✅ Philips SSD located on macmini-secondary (100.70.181.127) at: /Volumes/PHILIPS_SSD
=== 💾 PHILIPS SSD MULTI-NODE DISCOVERY & MOUNT UTILITY ===
Current Node: dios-macbook-air (Wed Aug 19 06:31:58 EEST 2026)
🔍 Discovered unmounted Philips SSD partition: disk4s1
Mounting diskutil mount disk4s1...
Volume KINGSTON on disk4s1 mounted
⚠️ Not found locally on dios-macbook-air. Querying Tailscale mesh nodes...
❌ Philips SSD drive not found on local or remote Tailscale nodes.
=== 💾 PHILIPS SSD MULTI-NODE DISCOVERY & MOUNT UTILITY ===
Current Node: dios-macbook-air (Wed Aug 19 06:37:16 EEST 2026)
🔍 Discovered unmounted Philips SSD partition: disk4s1
Mounting diskutil mount disk4s1...
Volume KINGSTON on disk4s1 mounted
⚠️ Not found locally on dios-macbook-air. Querying Tailscale mesh nodes...
✅ Philips SSD located on macmini-secondary (100.70.181.127) at: /Volumes/PHILIPS_SSD
=== 💾 PHILIPS SSD MULTI-NODE DISCOVERY & MOUNT UTILITY ===
Current Node: dios-macbook-air (Wed Aug 19 06:42:18 EEST 2026)
🔍 Discovered unmounted Philips SSD partition: disk4s1
Mounting diskutil mount disk4s1...
Volume KINGSTON on disk4s1 mounted
⚠️ Not found locally on dios-macbook-air. Querying Tailscale mesh nodes...
✅ Philips SSD located on macmini-secondary (100.70.181.127) at: /Volumes/PHILIPS_SSD
=== 💾 PHILIPS SSD MULTI-NODE DISCOVERY & MOUNT UTILITY ===
Current Node: dios-macbook-air (Wed Aug 19 06:47:19 EEST 2026)
🔍 Discovered unmounted Philips SSD partition: disk4s1
Mounting diskutil mount disk4s1...
Volume KINGSTON on disk4s1 mounted
⚠️ Not found locally on dios-macbook-air. Querying Tailscale mesh nodes...
✅ Philips SSD located on macmini-secondary (100.70.181.127) at: /Volumes/PHILIPS_SSD
=== 💾 PHILIPS SSD MULTI-NODE DISCOVERY & MOUNT UTILITY ===
Current Node: dios-macbook-air (Wed Aug 19 06:52:28 EEST 2026)
🔍 Discovered unmounted Philips SSD partition: disk4s1
Mounting diskutil mount disk4s1...
Volume KINGSTON on disk4s1 mounted
⚠️ Not found locally on dios-macbook-air. Querying Tailscale mesh nodes...
✅ Philips SSD located on macmini-secondary (100.70.181.127) at: /Volumes/PHILIPS_SSD
=== 💾 PHILIPS SSD MULTI-NODE DISCOVERY & MOUNT UTILITY ===
Current Node: dios-macbook-air (Wed Aug 19 06:57:37 EEST 2026)
🔍 Discovered unmounted Philips SSD partition: disk4s1
Mounting diskutil mount disk4s1...
Volume KINGSTON on disk4s1 mounted
⚠️ Not found locally on dios-macbook-air. Querying Tailscale mesh nodes...
✅ Philips SSD located on macmini-secondary (100.70.181.127) at: /Volumes/PHILIPS_SSD
=== 💾 PHILIPS SSD MULTI-NODE DISCOVERY & MOUNT UTILITY ===
Current Node: dios-macbook-air (Wed Aug 19 07:02:39 EEST 2026)
🔍 Discovered unmounted Philips SSD partition: disk4s1
Mounting diskutil mount disk4s1...
Volume KINGSTON on disk4s1 mounted
⚠️ Not found locally on dios-macbook-air. Querying Tailscale mesh nodes...
✅ Philips SSD located on macmini-secondary (100.70.181.127) at: /Volumes/PHILIPS_SSD
=== 💾 PHILIPS SSD MULTI-NODE DISCOVERY & MOUNT UTILITY ===
Current Node: dios-macbook-air (Wed Aug 19 07:07:41 EEST 2026)
🔍 Discovered unmounted Philips SSD partition: disk4s1
Mounting diskutil mount disk4s1...
Volume KINGSTON on disk4s1 mounted
⚠️ Not found locally on dios-macbook-air. Querying Tailscale mesh nodes...
✅ Philips SSD located on macmini-secondary (100.70.181.127) at: /Volumes/PHILIPS_SSD
=== 💾 PHILIPS SSD MULTI-NODE DISCOVERY & MOUNT UTILITY ===
Current Node: dios-macbook-air (Wed Aug 19 07:12:43 EEST 2026)
🔍 Discovered unmounted Philips SSD partition: disk4s1
Mounting diskutil mount disk4s1...
Volume KINGSTON on disk4s1 mounted
⚠️ Not found locally on dios-macbook-air. Querying Tailscale mesh nodes...
✅ Philips SSD located on macmini-secondary (100.70.181.127) at: /Volumes/PHILIPS_SSD
=== 💾 PHILIPS SSD MULTI-NODE DISCOVERY & MOUNT UTILITY ===
Current Node: dios-macbook-air (Wed Aug 19 07:17:44 EEST 2026)
🔍 Discovered unmounted Philips SSD partition: disk4s1
Mounting diskutil mount disk4s1...
Volume KINGSTON on disk4s1 mounted
⚠️ Not found locally on dios-macbook-air. Querying Tailscale mesh nodes...
❌ Philips SSD drive not found on local or remote Tailscale nodes.
=== 💾 PHILIPS SSD MULTI-NODE DISCOVERY & MOUNT UTILITY ===
Current Node: dios-macbook-air (Wed Aug 19 07:22:47 EEST 2026)
🔍 Discovered unmounted Philips SSD partition: disk4s1
Mounting diskutil mount disk4s1...
Volume KINGSTON on disk4s1 mounted
⚠️ Not found locally on dios-macbook-air. Querying Tailscale mesh nodes...
✅ Philips SSD located on macmini-secondary (100.70.181.127) at: /Volumes/PHILIPS_SSD
=== 💾 PHILIPS SSD MULTI-NODE DISCOVERY & MOUNT UTILITY ===
Current Node: dios-macbook-air (Wed Aug 19 07:27:49 EEST 2026)
🔍 Discovered unmounted Philips SSD partition: disk4s1
Mounting diskutil mount disk4s1...
Volume KINGSTON on disk4s1 mounted
⚠️ Not found locally on dios-macbook-air. Querying Tailscale mesh nodes...
✅ Philips SSD located on macmini-secondary (100.70.181.127) at: /Volumes/PHILIPS_SSD
=== 💾 PHILIPS SSD MULTI-NODE DISCOVERY & MOUNT UTILITY ===
Current Node: dios-macbook-air (Wed Aug 19 07:32:51 EEST 2026)
🔍 Discovered unmounted Philips SSD partition: disk4s1
Mounting diskutil mount disk4s1...
Volume KINGSTON on disk4s1 mounted
⚠️ Not found locally on dios-macbook-air. Querying Tailscale mesh nodes...
✅ Philips SSD located on macmini-secondary (100.70.181.127) at: /Volumes/PHILIPS_SSD
=== 💾 PHILIPS SSD MULTI-NODE DISCOVERY & MOUNT UTILITY ===
Current Node: dios-macbook-air (Wed Aug 19 07:37:55 EEST 2026)
🔍 Discovered unmounted Philips SSD partition: disk4s1
Mounting diskutil mount disk4s1...
Volume KINGSTON on disk4s1 mounted
⚠️ Not found locally on dios-macbook-air. Querying Tailscale mesh nodes...
✅ Philips SSD located on macmini-secondary (100.70.181.127) at: /Volumes/PHILIPS_SSD
=== 💾 PHILIPS SSD MULTI-NODE DISCOVERY & MOUNT UTILITY ===
Current Node: dios-macbook-air (Wed Aug 19 07:42:57 EEST 2026)
🔍 Discovered unmounted Philips SSD partition: disk4s1
Mounting diskutil mount disk4s1...
Volume KINGSTON on disk4s1 mounted
⚠️ Not found locally on dios-macbook-air. Querying Tailscale mesh nodes...
✅ Philips SSD located on macmini-secondary (100.70.181.127) at: /Volumes/PHILIPS_SSD
=== 💾 PHILIPS SSD MULTI-NODE DISCOVERY & MOUNT UTILITY ===
Current Node: dios-macbook-air (Wed Aug 19 07:47:59 EEST 2026)
🔍 Discovered unmounted Philips SSD partition: disk4s1
Mounting diskutil mount disk4s1...
Volume KINGSTON on disk4s1 mounted
⚠️ Not found locally on dios-macbook-air. Querying Tailscale mesh nodes...
✅ Philips SSD located on macmini-secondary (100.70.181.127) at: /Volumes/PHILIPS_SSD
=== 💾 PHILIPS SSD MULTI-NODE DISCOVERY & MOUNT UTILITY ===
Current Node: dios-macbook-air (Wed Aug 19 07:53:03 EEST 2026)
🔍 Discovered unmounted Philips SSD partition: disk4s1
Mounting diskutil mount disk4s1...
Volume KINGSTON on disk4s1 mounted
⚠️ Not found locally on dios-macbook-air. Querying Tailscale mesh nodes...
✅ Philips SSD located on macmini-secondary (100.70.181.127) at: /Volumes/PHILIPS_SSD
=== 💾 PHILIPS SSD MULTI-NODE DISCOVERY & MOUNT UTILITY ===
Current Node: dios-macbook-air (Wed Aug 19 07:58:08 EEST 2026)
🔍 Discovered unmounted Philips SSD partition: disk4s1
Mounting diskutil mount disk4s1...
Volume KINGSTON on disk4s1 mounted
⚠️ Not found locally on dios-macbook-air. Querying Tailscale mesh nodes...
✅ Philips SSD located on macmini-secondary (100.70.181.127) at: /Volumes/PHILIPS_SSD
=== 💾 PHILIPS SSD MULTI-NODE DISCOVERY & MOUNT UTILITY ===
Current Node: dios-macbook-air (Wed Aug 19 08:03:15 EEST 2026)
🔍 Discovered unmounted Philips SSD partition: disk4s1
Mounting diskutil mount disk4s1...
Volume KINGSTON on disk4s1 mounted
⚠️ Not found locally on dios-macbook-air. Querying Tailscale mesh nodes...
✅ Philips SSD located on macmini-secondary (100.70.181.127) at: /Volumes/PHILIPS_SSD
=== 💾 PHILIPS SSD MULTI-NODE DISCOVERY & MOUNT UTILITY ===
Current Node: dios-macbook-air (Wed Aug 19 08:08:18 EEST 2026)
🔍 Discovered unmounted Philips SSD partition: disk4s1
Mounting diskutil mount disk4s1...
Volume KINGSTON on disk4s1 mounted
⚠️ Not found locally on dios-macbook-air. Querying Tailscale mesh nodes...
✅ Philips SSD located on macmini-secondary (100.70.181.127) at: /Volumes/PHILIPS_SSD
=== 💾 PHILIPS SSD MULTI-NODE DISCOVERY & MOUNT UTILITY ===
Current Node: dios-macbook-air (Wed Aug 19 08:13:22 EEST 2026)
🔍 Discovered unmounted Philips SSD partition: disk4s1
Mounting diskutil mount disk4s1...
Volume KINGSTON on disk4s1 mounted
⚠️ Not found locally on dios-macbook-air. Querying Tailscale mesh nodes...
❌ Philips SSD drive not found on local or remote Tailscale nodes.
=== 💾 PHILIPS SSD MULTI-NODE DISCOVERY & MOUNT UTILITY ===
Current Node: dios-macbook-air (Wed Aug 19 08:18:24 EEST 2026)
🔍 Discovered unmounted Philips SSD partition: disk4s1
Mounting diskutil mount disk4s1...
Volume KINGSTON on disk4s1 mounted
⚠️ Not found locally on dios-macbook-air. Querying Tailscale mesh nodes...
✅ Philips SSD located on macmini-secondary (100.70.181.127) at: /Volumes/PHILIPS_SSD
=== 💾 PHILIPS SSD MULTI-NODE DISCOVERY & MOUNT UTILITY ===
Current Node: dios-macbook-air (Wed Aug 19 08:23:30 EEST 2026)
🔍 Discovered unmounted Philips SSD partition: disk4s1
Mounting diskutil mount disk4s1...
Volume KINGSTON on disk4s1 mounted
⚠️ Not found locally on dios-macbook-air. Querying Tailscale mesh nodes...
✅ Philips SSD located on macmini-secondary (100.70.181.127) at: /Volumes/PHILIPS_SSD
=== 💾 PHILIPS SSD MULTI-NODE DISCOVERY & MOUNT UTILITY ===
Current Node: dios-macbook-air (Wed Aug 19 08:28:38 EEST 2026)
🔍 Discovered unmounted Philips SSD partition: disk4s1
Mounting diskutil mount disk4s1...
Volume KINGSTON on disk4s1 mounted
⚠️ Not found locally on dios-macbook-air. Querying Tailscale mesh nodes...
✅ Philips SSD located on macmini-secondary (100.70.181.127) at: /Volumes/PHILIPS_SSD
=== 💾 PHILIPS SSD MULTI-NODE DISCOVERY & MOUNT UTILITY ===
Current Node: dios-macbook-air (Wed Aug 19 08:33:43 EEST 2026)
🔍 Discovered unmounted Philips SSD partition: disk4s1
Mounting diskutil mount disk4s1...
Volume KINGSTON on disk4s1 mounted
⚠️ Not found locally on dios-macbook-air. Querying Tailscale mesh nodes...
❌ Philips SSD drive not found on local or remote Tailscale nodes.
=== 💾 PHILIPS SSD MULTI-NODE DISCOVERY & MOUNT UTILITY ===
Current Node: dios-macbook-air (Wed Aug 19 08:38:45 EEST 2026)
🔍 Discovered unmounted Philips SSD partition: disk4s1
Mounting diskutil mount disk4s1...
Volume KINGSTON on disk4s1 mounted
⚠️ Not found locally on dios-macbook-air. Querying Tailscale mesh nodes...
✅ Philips SSD located on macmini-secondary (100.70.181.127) at: /Volumes/PHILIPS_SSD
=== 💾 PHILIPS SSD MULTI-NODE DISCOVERY & MOUNT UTILITY ===
Current Node: dios-macbook-air (Wed Aug 19 08:43:58 EEST 2026)
🔍 Discovered unmounted Philips SSD partition: disk4s1
Mounting diskutil mount disk4s1...
Volume KINGSTON on disk4s1 mounted
⚠️ Not found locally on dios-macbook-air. Querying Tailscale mesh nodes...
✅ Philips SSD located on macmini-secondary (100.70.181.127) at: /Volumes/PHILIPS_SSD
=== 💾 PHILIPS SSD MULTI-NODE DISCOVERY & MOUNT UTILITY ===
Current Node: dios-macbook-air (Wed Aug 19 08:49:00 EEST 2026)
🔍 Discovered unmounted Philips SSD partition: disk4s1
Mounting diskutil mount disk4s1...
Volume KINGSTON on disk4s1 mounted
⚠️ Not found locally on dios-macbook-air. Querying Tailscale mesh nodes...
✅ Philips SSD located on macmini-secondary (100.70.181.127) at: /Volumes/PHILIPS_SSD
=== 💾 PHILIPS SSD MULTI-NODE DISCOVERY & MOUNT UTILITY ===
Current Node: dios-macbook-air (Wed Aug 19 08:54:02 EEST 2026)
🔍 Discovered unmounted Philips SSD partition: disk4s1
Mounting diskutil mount disk4s1...
Volume KINGSTON on disk4s1 mounted
⚠️ Not found locally on dios-macbook-air. Querying Tailscale mesh nodes...
✅ Philips SSD located on macmini-secondary (100.70.181.127) at: /Volumes/PHILIPS_SSD
=== 💾 PHILIPS SSD MULTI-NODE DISCOVERY & MOUNT UTILITY ===
Current Node: dios-macbook-air (Wed Aug 19 08:59:09 EEST 2026)
🔍 Discovered unmounted Philips SSD partition: disk4s1
Mounting diskutil mount disk4s1...
Volume KINGSTON on disk4s1 mounted
⚠️ Not found locally on dios-macbook-air. Querying Tailscale mesh nodes...
✅ Philips SSD located on macmini-secondary (100.70.181.127) at: /Volumes/PHILIPS_SSD
=== 💾 PHILIPS SSD MULTI-NODE DISCOVERY & MOUNT UTILITY ===
Current Node: dios-macbook-air (Wed Aug 19 09:04:11 EEST 2026)
🔍 Discovered unmounted Philips SSD partition: disk4s1
Mounting diskutil mount disk4s1...
Volume KINGSTON on disk4s1 mounted
⚠️ Not found locally on dios-macbook-air. Querying Tailscale mesh nodes...
❌ Philips SSD drive not found on local or remote Tailscale nodes.
=== 💾 PHILIPS SSD MULTI-NODE DISCOVERY & MOUNT UTILITY ===
Current Node: dios-macbook-air (Wed Aug 19 09:09:13 EEST 2026)
🔍 Discovered unmounted Philips SSD partition: disk4s1
Mounting diskutil mount disk4s1...
Volume KINGSTON on disk4s1 mounted
⚠️ Not found locally on dios-macbook-air. Querying Tailscale mesh nodes...
✅ Philips SSD located on macmini-secondary (100.70.181.127) at: /Volumes/PHILIPS_SSD
=== 💾 PHILIPS SSD MULTI-NODE DISCOVERY & MOUNT UTILITY ===
Current Node: dios-macbook-air (Wed Aug 19 09:14:15 EEST 2026)
🔍 Discovered unmounted Philips SSD partition: disk4s1
Mounting diskutil mount disk4s1...
Volume KINGSTON on disk4s1 mounted
⚠️ Not found locally on dios-macbook-air. Querying Tailscale mesh nodes...
✅ Philips SSD located on macmini-secondary (100.70.181.127) at: /Volumes/PHILIPS_SSD
=== 💾 PHILIPS SSD MULTI-NODE DISCOVERY & MOUNT UTILITY ===
Current Node: dios-macbook-air (Wed Aug 19 09:19:16 EEST 2026)
🔍 Discovered unmounted Philips SSD partition: disk4s1
Mounting diskutil mount disk4s1...
Volume KINGSTON on disk4s1 mounted
⚠️ Not found locally on dios-macbook-air. Querying Tailscale mesh nodes...
✅ Philips SSD located on macmini-secondary (100.70.181.127) at: /Volumes/PHILIPS_SSD
=== 💾 PHILIPS SSD MULTI-NODE DISCOVERY & MOUNT UTILITY ===
Current Node: dios-macbook-air (Wed Aug 19 09:24:18 EEST 2026)
🔍 Discovered unmounted Philips SSD partition: disk4s1
Mounting diskutil mount disk4s1...
Volume KINGSTON on disk4s1 mounted
⚠️ Not found locally on dios-macbook-air. Querying Tailscale mesh nodes...
✅ Philips SSD located on macmini-secondary (100.70.181.127) at: /Volumes/PHILIPS_SSD
=== 💾 PHILIPS SSD MULTI-NODE DISCOVERY & MOUNT UTILITY ===
Current Node: dios-macbook-air (Wed Aug 19 09:29:19 EEST 2026)
🔍 Discovered unmounted Philips SSD partition: disk4s1
Mounting diskutil mount disk4s1...
Volume KINGSTON on disk4s1 mounted
⚠️ Not found locally on dios-macbook-air. Querying Tailscale mesh nodes...
❌ Philips SSD drive not found on local or remote Tailscale nodes.
=== 💾 PHILIPS SSD MULTI-NODE DISCOVERY & MOUNT UTILITY ===
Current Node: dios-macbook-air (Wed Aug 19 09:34:22 EEST 2026)
🔍 Discovered unmounted Philips SSD partition: disk4s1
Mounting diskutil mount disk4s1...
Volume KINGSTON on disk4s1 mounted
⚠️ Not found locally on dios-macbook-air. Querying Tailscale mesh nodes...
✅ Philips SSD located on macmini-secondary (100.70.181.127) at: /Volumes/PHILIPS_SSD
=== 💾 PHILIPS SSD MULTI-NODE DISCOVERY & MOUNT UTILITY ===
Current Node: dios-macbook-air (Wed Aug 19 09:39:23 EEST 2026)
🔍 Discovered unmounted Philips SSD partition: disk4s1
Mounting diskutil mount disk4s1...
Volume KINGSTON on disk4s1 mounted
⚠️ Not found locally on dios-macbook-air. Querying Tailscale mesh nodes...
❌ Philips SSD drive not found on local or remote Tailscale nodes.
=== 💾 PHILIPS SSD MULTI-NODE DISCOVERY & MOUNT UTILITY ===
Current Node: dios-macbook-air (Wed Aug 19 09:44:26 EEST 2026)
🔍 Discovered unmounted Philips SSD partition: disk4s1
Mounting diskutil mount disk4s1...
Volume KINGSTON on disk4s1 mounted
⚠️ Not found locally on dios-macbook-air. Querying Tailscale mesh nodes...
❌ Philips SSD drive not found on local or remote Tailscale nodes.
=== 💾 PHILIPS SSD MULTI-NODE DISCOVERY & MOUNT UTILITY ===
Current Node: dios-macbook-air (Wed Aug 19 09:49:28 EEST 2026)
🔍 Discovered unmounted Philips SSD partition: disk4s1
Mounting diskutil mount disk4s1...
Volume KINGSTON on disk4s1 mounted
⚠️ Not found locally on dios-macbook-air. Querying Tailscale mesh nodes...
❌ Philips SSD drive not found on local or remote Tailscale nodes.
=== 💾 PHILIPS SSD MULTI-NODE DISCOVERY & MOUNT UTILITY ===
Current Node: dios-macbook-air (Wed Aug 19 09:54:30 EEST 2026)
🔍 Discovered unmounted Philips SSD partition: disk4s1
Mounting diskutil mount disk4s1...
Volume KINGSTON on disk4s1 mounted
⚠️ Not found locally on dios-macbook-air. Querying Tailscale mesh nodes...
✅ Philips SSD located on macmini-secondary (100.70.181.127) at: /Volumes/PHILIPS_SSD
=== 💾 PHILIPS SSD MULTI-NODE DISCOVERY & MOUNT UTILITY ===
Current Node: dios-macbook-air (Wed Aug 19 09:59:33 EEST 2026)
🔍 Discovered unmounted Philips SSD partition: disk4s1
Mounting diskutil mount disk4s1...
Volume KINGSTON on disk4s1 mounted
⚠️ Not found locally on dios-macbook-air. Querying Tailscale mesh nodes...
❌ Philips SSD drive not found on local or remote Tailscale nodes.
=== 💾 PHILIPS SSD MULTI-NODE DISCOVERY & MOUNT UTILITY ===
Current Node: dios-macbook-air (Wed Aug 19 10:04:35 EEST 2026)
🔍 Discovered unmounted Philips SSD partition: disk4s1
Mounting diskutil mount disk4s1...
Volume KINGSTON on disk4s1 mounted
⚠️ Not found locally on dios-macbook-air. Querying Tailscale mesh nodes...
❌ Philips SSD drive not found on local or remote Tailscale nodes.
=== 💾 PHILIPS SSD MULTI-NODE DISCOVERY & MOUNT UTILITY ===
Current Node: dios-macbook-air (Wed Aug 19 10:09:37 EEST 2026)
🔍 Discovered unmounted Philips SSD partition: disk4s1
Mounting diskutil mount disk4s1...
Volume KINGSTON on disk4s1 mounted
⚠️ Not found locally on dios-macbook-air. Querying Tailscale mesh nodes...
✅ Philips SSD located on macmini-secondary (100.70.181.127) at: /Volumes/PHILIPS_SSD
=== 💾 PHILIPS SSD MULTI-NODE DISCOVERY & MOUNT UTILITY ===
Current Node: dios-macbook-air (Wed Aug 19 10:15:23 EEST 2026)
🔍 Discovered unmounted Philips SSD partition: disk4s1
Mounting diskutil mount disk4s1...
Volume KINGSTON on disk4s1 mounted
⚠️ Not found locally on dios-macbook-air. Querying Tailscale mesh nodes...
❌ Philips SSD drive not found on local or remote Tailscale nodes.
=== 💾 PHILIPS SSD MULTI-NODE DISCOVERY & MOUNT UTILITY ===
Current Node: dios-macbook-air (Wed Aug 19 10:20:25 EEST 2026)
🔍 Discovered unmounted Philips SSD partition: disk4s1
Mounting diskutil mount disk4s1...
Volume KINGSTON on disk4s1 mounted
⚠️ Not found locally on dios-macbook-air. Querying Tailscale mesh nodes...
✅ Philips SSD located on macmini-secondary (100.70.181.127) at: /Volumes/PHILIPS_SSD
=== 💾 PHILIPS SSD MULTI-NODE DISCOVERY & MOUNT UTILITY ===
Current Node: dios-macbook-air (Wed Aug 19 10:25:27 EEST 2026)
🔍 Discovered unmounted Philips SSD partition: disk4s1
Mounting diskutil mount disk4s1...
Volume KINGSTON on disk4s1 mounted
⚠️ Not found locally on dios-macbook-air. Querying Tailscale mesh nodes...
✅ Philips SSD located on macmini-secondary (100.70.181.127) at: /Volumes/PHILIPS_SSD
=== 💾 PHILIPS SSD MULTI-NODE DISCOVERY & MOUNT UTILITY ===
Current Node: dios-macbook-air (Wed Aug 19 10:30:45 EEST 2026)
🔍 Discovered unmounted Philips SSD partition: disk4s1
Mounting diskutil mount disk4s1...
Volume KINGSTON on disk4s1 mounted
⚠️ Not found locally on dios-macbook-air. Querying Tailscale mesh nodes...
❌ Philips SSD drive not found on local or remote Tailscale nodes.
=== 💾 PHILIPS SSD MULTI-NODE DISCOVERY & MOUNT UTILITY ===
Current Node: dios-macbook-air (Wed Aug 19 10:35:47 EEST 2026)
🔍 Discovered unmounted Philips SSD partition: disk4s1
Mounting diskutil mount disk4s1...
Volume KINGSTON on disk4s1 mounted
⚠️ Not found locally on dios-macbook-air. Querying Tailscale mesh nodes...
✅ Philips SSD located on macmini-secondary (100.70.181.127) at: /Volumes/PHILIPS_SSD
=== 💾 PHILIPS SSD MULTI-NODE DISCOVERY & MOUNT UTILITY ===
Current Node: dios-macbook-air (Wed Aug 19 10:41:51 EEST 2026)
🔍 Discovered unmounted Philips SSD partition: disk4s1
Mounting diskutil mount disk4s1...
Volume KINGSTON on disk4s1 mounted
⚠️ Not found locally on dios-macbook-air. Querying Tailscale mesh nodes...
✅ Philips SSD located on macmini-secondary (100.70.181.127) at: /Volumes/PHILIPS_SSD
=== 💾 PHILIPS SSD MULTI-NODE DISCOVERY & MOUNT UTILITY ===
Current Node: dios-macbook-air (Wed Aug 19 10:46:55 EEST 2026)
🔍 Discovered unmounted Philips SSD partition: disk4s1
Mounting diskutil mount disk4s1...
Volume KINGSTON on disk4s1 mounted
⚠️ Not found locally on dios-macbook-air. Querying Tailscale mesh nodes...
✅ Philips SSD located on macmini-secondary (100.70.181.127) at: /Volumes/PHILIPS_SSD
=== 💾 PHILIPS SSD MULTI-NODE DISCOVERY & MOUNT UTILITY ===
Current Node: dios-macbook-air (Wed Aug 19 10:52:41 EEST 2026)
🔍 Discovered unmounted Philips SSD partition: disk4s1
Mounting diskutil mount disk4s1...
Volume KINGSTON on disk4s1 mounted
⚠️ Not found locally on dios-macbook-air. Querying Tailscale mesh nodes...
✅ Philips SSD located on macmini-secondary (100.70.181.127) at: /Volumes/PHILIPS_SSD
=== 💾 PHILIPS SSD MULTI-NODE DISCOVERY & MOUNT UTILITY ===
Current Node: dios-macbook-air (Wed Aug 19 10:57:43 EEST 2026)
🔍 Discovered unmounted Philips SSD partition: disk4s1
Mounting diskutil mount disk4s1...
Volume KINGSTON on disk4s1 mounted
⚠️ Not found locally on dios-macbook-air. Querying Tailscale mesh nodes...
✅ Philips SSD located on macmini-secondary (100.70.181.127) at: /Volumes/PHILIPS_SSD
=== 💾 PHILIPS SSD MULTI-NODE DISCOVERY & MOUNT UTILITY ===
Current Node: dios-macbook-air (Wed Aug 19 11:02:44 EEST 2026)
🔍 Discovered unmounted Philips SSD partition: disk4s1
Mounting diskutil mount disk4s1...
Volume KINGSTON on disk4s1 mounted
⚠️ Not found locally on dios-macbook-air. Querying Tailscale mesh nodes...
✅ Philips SSD located on macmini-secondary (100.70.181.127) at: /Volumes/PHILIPS_SSD
=== 💾 PHILIPS SSD MULTI-NODE DISCOVERY & MOUNT UTILITY ===
Current Node: dios-macbook-air (Wed Aug 19 11:07:45 EEST 2026)
🔍 Discovered unmounted Philips SSD partition: disk4s1
Mounting diskutil mount disk4s1...
Volume KINGSTON on disk4s1 mounted
⚠️ Not found locally on dios-macbook-air. Querying Tailscale mesh nodes...
❌ Philips SSD drive not found on local or remote Tailscale nodes.
=== 💾 PHILIPS SSD MULTI-NODE DISCOVERY & MOUNT UTILITY ===
Current Node: dios-macbook-air (Wed Aug 19 11:12:48 EEST 2026)
🔍 Discovered unmounted Philips SSD partition: disk4s1
Mounting diskutil mount disk4s1...
Volume KINGSTON on disk4s1 mounted
⚠️ Not found locally on dios-macbook-air. Querying Tailscale mesh nodes...
✅ Philips SSD located on macmini-secondary (100.70.181.127) at: /Volumes/PHILIPS_SSD
=== 💾 PHILIPS SSD MULTI-NODE DISCOVERY & MOUNT UTILITY ===
Current Node: dios-macbook-air (Wed Aug 19 11:17:50 EEST 2026)
🔍 Discovered unmounted Philips SSD partition: disk4s1
Mounting diskutil mount disk4s1...
Volume KINGSTON on disk4s1 mounted
⚠️ Not found locally on dios-macbook-air. Querying Tailscale mesh nodes...
❌ Philips SSD drive not found on local or remote Tailscale nodes.
=== 💾 PHILIPS SSD MULTI-NODE DISCOVERY & MOUNT UTILITY ===
Current Node: dios-macbook-air (Wed Aug 19 11:22:52 EEST 2026)
🔍 Discovered unmounted Philips SSD partition: disk4s1
Mounting diskutil mount disk4s1...
Volume KINGSTON on disk4s1 mounted
⚠️ Not found locally on dios-macbook-air. Querying Tailscale mesh nodes...
✅ Philips SSD located on macmini-secondary (100.70.181.127) at: /Volumes/PHILIPS_SSD
=== 💾 PHILIPS SSD MULTI-NODE DISCOVERY & MOUNT UTILITY ===
Current Node: dios-macbook-air (Wed Aug 19 11:27:54 EEST 2026)
🔍 Discovered unmounted Philips SSD partition: disk4s1
Mounting diskutil mount disk4s1...
Volume KINGSTON on disk4s1 mounted
⚠️ Not found locally on dios-macbook-air. Querying Tailscale mesh nodes...
✅ Philips SSD located on macmini-secondary (100.70.181.127) at: /Volumes/PHILIPS_SSD
=== 💾 PHILIPS SSD MULTI-NODE DISCOVERY & MOUNT UTILITY ===
Current Node: dios-macbook-air (Wed Aug 19 11:33:00 EEST 2026)
🔍 Discovered unmounted Philips SSD partition: disk4s1
Mounting diskutil mount disk4s1...
Volume KINGSTON on disk4s1 mounted
⚠️ Not found locally on dios-macbook-air. Querying Tailscale mesh nodes...
✅ Philips SSD located on macmini-secondary (100.70.181.127) at: /Volumes/PHILIPS_SSD
=== 💾 PHILIPS SSD MULTI-NODE DISCOVERY & MOUNT UTILITY ===
Current Node: dios-macbook-air (Wed Aug 19 11:38:03 EEST 2026)
🔍 Discovered unmounted Philips SSD partition: disk4s1
Mounting diskutil mount disk4s1...
Volume KINGSTON on disk4s1 mounted
⚠️ Not found locally on dios-macbook-air. Querying Tailscale mesh nodes...
✅ Philips SSD located on macmini-secondary (100.70.181.127) at: /Volumes/PHILIPS_SSD
=== 💾 PHILIPS SSD MULTI-NODE DISCOVERY & MOUNT UTILITY ===
Current Node: dios-macbook-air (Wed Aug 19 11:43:07 EEST 2026)
🔍 Discovered unmounted Philips SSD partition: disk4s1
Mounting diskutil mount disk4s1...
Volume KINGSTON on disk4s1 mounted
⚠️ Not found locally on dios-macbook-air. Querying Tailscale mesh nodes...
✅ Philips SSD located on macmini-secondary (100.70.181.127) at: /Volumes/PHILIPS_SSD
=== 💾 PHILIPS SSD MULTI-NODE DISCOVERY & MOUNT UTILITY ===
Current Node: dios-macbook-air (Wed Aug 19 11:48:09 EEST 2026)
🔍 Discovered unmounted Philips SSD partition: disk4s1
Mounting diskutil mount disk4s1...
Volume KINGSTON on disk4s1 mounted
⚠️ Not found locally on dios-macbook-air. Querying Tailscale mesh nodes...
✅ Philips SSD located on macmini-secondary (100.70.181.127) at: /Volumes/PHILIPS_SSD
=== 💾 PHILIPS SSD MULTI-NODE DISCOVERY & MOUNT UTILITY ===
Current Node: dios-macbook-air (Wed Aug 19 11:53:12 EEST 2026)
🔍 Discovered unmounted Philips SSD partition: disk4s1
Mounting diskutil mount disk4s1...
Volume KINGSTON on disk4s1 mounted
⚠️ Not found locally on dios-macbook-air. Querying Tailscale mesh nodes...
✅ Philips SSD located on macmini-secondary (100.70.181.127) at: /Volumes/PHILIPS_SSD
=== 💾 PHILIPS SSD MULTI-NODE DISCOVERY & MOUNT UTILITY ===
Current Node: dios-macbook-air (Wed Aug 19 11:58:14 EEST 2026)
🔍 Discovered unmounted Philips SSD partition: disk4s1
Mounting diskutil mount disk4s1...
Volume KINGSTON on disk4s1 mounted
⚠️ Not found locally on dios-macbook-air. Querying Tailscale mesh nodes...
✅ Philips SSD located on macmini-secondary (100.70.181.127) at: /Volumes/PHILIPS_SSD
=== 💾 PHILIPS SSD MULTI-NODE DISCOVERY & MOUNT UTILITY ===
Current Node: dios-macbook-air (Wed Aug 19 12:03:15 EEST 2026)
🔍 Discovered unmounted Philips SSD partition: disk4s1
Mounting diskutil mount disk4s1...
Volume KINGSTON on disk4s1 mounted
⚠️ Not found locally on dios-macbook-air. Querying Tailscale mesh nodes...
❌ Philips SSD drive not found on local or remote Tailscale nodes.
=== 💾 PHILIPS SSD MULTI-NODE DISCOVERY & MOUNT UTILITY ===
Current Node: dios-macbook-air (Wed Aug 19 12:08:17 EEST 2026)
🔍 Discovered unmounted Philips SSD partition: disk4s1
Mounting diskutil mount disk4s1...
Volume KINGSTON on disk4s1 mounted
⚠️ Not found locally on dios-macbook-air. Querying Tailscale mesh nodes...
✅ Philips SSD located on macmini-secondary (100.70.181.127) at: /Volumes/PHILIPS_SSD
=== 💾 PHILIPS SSD MULTI-NODE DISCOVERY & MOUNT UTILITY ===
Current Node: dios-macbook-air (Wed Aug 19 12:13:19 EEST 2026)
🔍 Discovered unmounted Philips SSD partition: disk4s1
Mounting diskutil mount disk4s1...
Volume KINGSTON on disk4s1 mounted
⚠️ Not found locally on dios-macbook-air. Querying Tailscale mesh nodes...
✅ Philips SSD located on macmini-secondary (100.70.181.127) at: /Volumes/PHILIPS_SSD
=== 💾 PHILIPS SSD MULTI-NODE DISCOVERY & MOUNT UTILITY ===
Current Node: dios-macbook-air (Wed Aug 19 12:18:21 EEST 2026)
🔍 Discovered unmounted Philips SSD partition: disk4s1
Mounting diskutil mount disk4s1...
Volume KINGSTON on disk4s1 mounted
⚠️ Not found locally on dios-macbook-air. Querying Tailscale mesh nodes...
✅ Philips SSD located on macmini-secondary (100.70.181.127) at: /Volumes/PHILIPS_SSD
=== 💾 PHILIPS SSD MULTI-NODE DISCOVERY & MOUNT UTILITY ===
Current Node: dios-macbook-air (Wed Aug 19 12:23:24 EEST 2026)
🔍 Discovered unmounted Philips SSD partition: disk4s1
Mounting diskutil mount disk4s1...
Volume KINGSTON on disk4s1 mounted
⚠️ Not found locally on dios-macbook-air. Querying Tailscale mesh nodes...
❌ Philips SSD drive not found on local or remote Tailscale nodes.
=== 💾 PHILIPS SSD MULTI-NODE DISCOVERY & MOUNT UTILITY ===
Current Node: dios-macbook-air (Wed Aug 19 12:28:27 EEST 2026)
🔍 Discovered unmounted Philips SSD partition: disk4s1
Mounting diskutil mount disk4s1...
Volume KINGSTON on disk4s1 mounted
⚠️ Not found locally on dios-macbook-air. Querying Tailscale mesh nodes...
✅ Philips SSD located on macmini-secondary (100.70.181.127) at: /Volumes/PHILIPS_SSD
=== 💾 PHILIPS SSD MULTI-NODE DISCOVERY & MOUNT UTILITY ===
Current Node: dios-macbook-air (Wed Aug 19 12:33:31 EEST 2026)
🔍 Discovered unmounted Philips SSD partition: disk4s1
Mounting diskutil mount disk4s1...
Volume KINGSTON on disk4s1 mounted
⚠️ Not found locally on dios-macbook-air. Querying Tailscale mesh nodes...
✅ Philips SSD located on macmini-secondary (100.70.181.127) at: /Volumes/PHILIPS_SSD
=== 💾 PHILIPS SSD MULTI-NODE DISCOVERY & MOUNT UTILITY ===
Current Node: dios-macbook-air (Wed Aug 19 12:38:33 EEST 2026)
🔍 Discovered unmounted Philips SSD partition: disk4s1
Mounting diskutil mount disk4s1...
Volume KINGSTON on disk4s1 mounted
⚠️ Not found locally on dios-macbook-air. Querying Tailscale mesh nodes...
✅ Philips SSD located on macmini-secondary (100.70.181.127) at: /Volumes/PHILIPS_SSD
=== 💾 PHILIPS SSD MULTI-NODE DISCOVERY & MOUNT UTILITY ===
Current Node: dios-macbook-air (Wed Aug 19 12:43:36 EEST 2026)
🔍 Discovered unmounted Philips SSD partition: disk4s1
Mounting diskutil mount disk4s1...
Volume KINGSTON on disk4s1 mounted
⚠️ Not found locally on dios-macbook-air. Querying Tailscale mesh nodes...
✅ Philips SSD located on macmini-secondary (100.70.181.127) at: /Volumes/PHILIPS_SSD
=== 💾 PHILIPS SSD MULTI-NODE DISCOVERY & MOUNT UTILITY ===
Current Node: dios-macbook-air (Wed Aug 19 12:48:39 EEST 2026)
🔍 Discovered unmounted Philips SSD partition: disk4s1
Mounting diskutil mount disk4s1...
Volume KINGSTON on disk4s1 mounted
⚠️ Not found locally on dios-macbook-air. Querying Tailscale mesh nodes...
❌ Philips SSD drive not found on local or remote Tailscale nodes.
=== 💾 PHILIPS SSD MULTI-NODE DISCOVERY & MOUNT UTILITY ===
Current Node: dios-macbook-air (Wed Aug 19 12:53:42 EEST 2026)
🔍 Discovered unmounted Philips SSD partition: disk4s1
Mounting diskutil mount disk4s1...
Volume KINGSTON on disk4s1 mounted
⚠️ Not found locally on dios-macbook-air. Querying Tailscale mesh nodes...
✅ Philips SSD located on macmini-secondary (100.70.181.127) at: /Volumes/PHILIPS_SSD
=== 💾 PHILIPS SSD MULTI-NODE DISCOVERY & MOUNT UTILITY ===
Current Node: dios-macbook-air (Wed Aug 19 12:58:49 EEST 2026)
🔍 Discovered unmounted Philips SSD partition: disk4s1
Mounting diskutil mount disk4s1...
Volume KINGSTON on disk4s1 mounted
⚠️ Not found locally on dios-macbook-air. Querying Tailscale mesh nodes...
✅ Philips SSD located on macmini-secondary (100.70.181.127) at: /Volumes/PHILIPS_SSD
=== 💾 PHILIPS SSD MULTI-NODE DISCOVERY & MOUNT UTILITY ===
Current Node: dios-macbook-air (Wed Aug 19 13:04:04 EEST 2026)
🔍 Discovered unmounted Philips SSD partition: disk4s1
Mounting diskutil mount disk4s1...
Volume KINGSTON on disk4s1 mounted
⚠️ Not found locally on dios-macbook-air. Querying Tailscale mesh nodes...
✅ Philips SSD located on macmini-secondary (100.70.181.127) at: /Volumes/PHILIPS_SSD
=== 💾 PHILIPS SSD MULTI-NODE DISCOVERY & MOUNT UTILITY ===
Current Node: dios-macbook-air (Wed Aug 19 13:09:07 EEST 2026)
🔍 Discovered unmounted Philips SSD partition: disk4s1
Mounting diskutil mount disk4s1...
Volume KINGSTON on disk4s1 mounted
⚠️ Not found locally on dios-macbook-air. Querying Tailscale mesh nodes...
✅ Philips SSD located on macmini-secondary (100.70.181.127) at: /Volumes/PHILIPS_SSD
=== 💾 PHILIPS SSD MULTI-NODE DISCOVERY & MOUNT UTILITY ===
Current Node: dios-macbook-air (Wed Aug 19 13:14:16 EEST 2026)
🔍 Discovered unmounted Philips SSD partition: disk4s1
Mounting diskutil mount disk4s1...
Volume KINGSTON on disk4s1 mounted
⚠️ Not found locally on dios-macbook-air. Querying Tailscale mesh nodes...
✅ Philips SSD located on macmini-secondary (100.70.181.127) at: /Volumes/PHILIPS_SSD
=== 💾 PHILIPS SSD MULTI-NODE DISCOVERY & MOUNT UTILITY ===
Current Node: dios-macbook-air (Wed Aug 19 13:19:21 EEST 2026)
🔍 Discovered unmounted Philips SSD partition: disk4s1
Mounting diskutil mount disk4s1...
Volume KINGSTON on disk4s1 mounted
⚠️ Not found locally on dios-macbook-air. Querying Tailscale mesh nodes...
✅ Philips SSD located on macmini-secondary (100.70.181.127) at: /Volumes/PHILIPS_SSD
=== 💾 PHILIPS SSD MULTI-NODE DISCOVERY & MOUNT UTILITY ===
Current Node: dios-macbook-air (Wed Aug 19 13:24:45 EEST 2026)
🔍 Discovered unmounted Philips SSD partition: disk4s1
Mounting diskutil mount disk4s1...
Volume KINGSTON on disk4s1 mounted
⚠️ Not found locally on dios-macbook-air. Querying Tailscale mesh nodes...
✅ Philips SSD located on macmini-secondary (100.70.181.127) at: /Volumes/PHILIPS_SSD
=== 💾 PHILIPS SSD MULTI-NODE DISCOVERY & MOUNT UTILITY ===
Current Node: dios-macbook-air (Wed Aug 19 13:29:50 EEST 2026)
🔍 Discovered unmounted Philips SSD partition: disk4s1
Mounting diskutil mount disk4s1...
Volume KINGSTON on disk4s1 mounted
⚠️ Not found locally on dios-macbook-air. Querying Tailscale mesh nodes...
✅ Philips SSD located on macmini-secondary (100.70.181.127) at: /Volumes/PHILIPS_SSD
=== 💾 PHILIPS SSD MULTI-NODE DISCOVERY & MOUNT UTILITY ===
Current Node: dios-macbook-air (Wed Aug 19 13:34:56 EEST 2026)
🔍 Discovered unmounted Philips SSD partition: disk4s1
Mounting diskutil mount disk4s1...
Volume KINGSTON on disk4s1 mounted
⚠️ Not found locally on dios-macbook-air. Querying Tailscale mesh nodes...
✅ Philips SSD located on macmini-secondary (100.70.181.127) at: /Volumes/PHILIPS_SSD
=== 💾 PHILIPS SSD MULTI-NODE DISCOVERY & MOUNT UTILITY ===
Current Node: dios-macbook-air (Wed Aug 19 13:40:00 EEST 2026)
🔍 Discovered unmounted Philips SSD partition: disk4s1
Mounting diskutil mount disk4s1...
Volume KINGSTON on disk4s1 mounted
⚠️ Not found locally on dios-macbook-air. Querying Tailscale mesh nodes...
❌ Philips SSD drive not found on local or remote Tailscale nodes.
=== 💾 PHILIPS SSD MULTI-NODE DISCOVERY & MOUNT UTILITY ===
Current Node: dios-macbook-air (Wed Aug 19 13:45:06 EEST 2026)
🔍 Discovered unmounted Philips SSD partition: disk4s1
Mounting diskutil mount disk4s1...
Volume KINGSTON on disk4s1 mounted
⚠️ Not found locally on dios-macbook-air. Querying Tailscale mesh nodes...
✅ Philips SSD located on macmini-secondary (100.70.181.127) at: /Volumes/PHILIPS_SSD
=== 💾 PHILIPS SSD MULTI-NODE DISCOVERY & MOUNT UTILITY ===
Current Node: dios-macbook-air (Wed Aug 19 13:50:09 EEST 2026)
🔍 Discovered unmounted Philips SSD partition: disk4s1
Mounting diskutil mount disk4s1...
Volume KINGSTON on disk4s1 mounted
⚠️ Not found locally on dios-macbook-air. Querying Tailscale mesh nodes...
✅ Philips SSD located on macmini-secondary (100.70.181.127) at: /Volumes/PHILIPS_SSD
=== 💾 PHILIPS SSD MULTI-NODE DISCOVERY & MOUNT UTILITY ===
Current Node: dios-macbook-air (Wed Aug 19 13:55:12 EEST 2026)
🔍 Discovered unmounted Philips SSD partition: disk4s1
Mounting diskutil mount disk4s1...
Volume KINGSTON on disk4s1 mounted
⚠️ Not found locally on dios-macbook-air. Querying Tailscale mesh nodes...
✅ Philips SSD located on macmini-secondary (100.70.181.127) at: /Volumes/PHILIPS_SSD
=== 💾 PHILIPS SSD MULTI-NODE DISCOVERY & MOUNT UTILITY ===
Current Node: dios-macbook-air (Wed Aug 19 14:00:15 EEST 2026)
🔍 Discovered unmounted Philips SSD partition: disk4s1
Mounting diskutil mount disk4s1...
Volume KINGSTON on disk4s1 mounted
⚠️ Not found locally on dios-macbook-air. Querying Tailscale mesh nodes...
❌ Philips SSD drive not found on local or remote Tailscale nodes.
=== 💾 PHILIPS SSD MULTI-NODE DISCOVERY & MOUNT UTILITY ===
Current Node: dios-macbook-air (Wed Aug 19 14:05:17 EEST 2026)
🔍 Discovered unmounted Philips SSD partition: disk4s1
Mounting diskutil mount disk4s1...
Volume KINGSTON on disk4s1 mounted
⚠️ Not found locally on dios-macbook-air. Querying Tailscale mesh nodes...
✅ Philips SSD located on macmini-secondary (100.70.181.127) at: /Volumes/PHILIPS_SSD
=== 💾 PHILIPS SSD MULTI-NODE DISCOVERY & MOUNT UTILITY ===
Current Node: dios-macbook-air (Wed Aug 19 14:10:22 EEST 2026)
🔍 Discovered unmounted Philips SSD partition: disk4s1
Mounting diskutil mount disk4s1...
Volume KINGSTON on disk4s1 mounted
⚠️ Not found locally on dios-macbook-air. Querying Tailscale mesh nodes...
✅ Philips SSD located on macmini-secondary (100.70.181.127) at: /Volumes/PHILIPS_SSD
=== 💾 PHILIPS SSD MULTI-NODE DISCOVERY & MOUNT UTILITY ===
Current Node: dios-macbook-air (Wed Aug 19 14:15:24 EEST 2026)
🔍 Discovered unmounted Philips SSD partition: disk4s1
Mounting diskutil mount disk4s1...
Volume KINGSTON on disk4s1 mounted
⚠️ Not found locally on dios-macbook-air. Querying Tailscale mesh nodes...
✅ Philips SSD located on macmini-secondary (100.70.181.127) at: /Volumes/PHILIPS_SSD
=== 💾 PHILIPS SSD MULTI-NODE DISCOVERY & MOUNT UTILITY ===
Current Node: dios-macbook-air (Wed Aug 19 14:20:27 EEST 2026)
🔍 Discovered unmounted Philips SSD partition: disk4s1
Mounting diskutil mount disk4s1...
Volume KINGSTON on disk4s1 mounted
⚠️ Not found locally on dios-macbook-air. Querying Tailscale mesh nodes...
❌ Philips SSD drive not found on local or remote Tailscale nodes.
=== 💾 PHILIPS SSD MULTI-NODE DISCOVERY & MOUNT UTILITY ===
Current Node: dios-macbook-air (Wed Aug 19 14:25:29 EEST 2026)
🔍 Discovered unmounted Philips SSD partition: disk4s1
Mounting diskutil mount disk4s1...
Volume KINGSTON on disk4s1 mounted
⚠️ Not found locally on dios-macbook-air. Querying Tailscale mesh nodes...
✅ Philips SSD located on macmini-secondary (100.70.181.127) at: /Volumes/PHILIPS_SSD
=== 💾 PHILIPS SSD MULTI-NODE DISCOVERY & MOUNT UTILITY ===
Current Node: dios-macbook-air (Wed Aug 19 14:30:32 EEST 2026)
🔍 Discovered unmounted Philips SSD partition: disk4s1
Mounting diskutil mount disk4s1...
Volume KINGSTON on disk4s1 mounted
⚠️ Not found locally on dios-macbook-air. Querying Tailscale mesh nodes...
✅ Philips SSD located on macmini-secondary (100.70.181.127) at: /Volumes/PHILIPS_SSD
=== 💾 PHILIPS SSD MULTI-NODE DISCOVERY & MOUNT UTILITY ===
Current Node: dios-macbook-air (Wed Aug 19 14:35:33 EEST 2026)
🔍 Discovered unmounted Philips SSD partition: disk4s1
Mounting diskutil mount disk4s1...
Volume KINGSTON on disk4s1 mounted
⚠️ Not found locally on dios-macbook-air. Querying Tailscale mesh nodes...
✅ Philips SSD located on macmini-secondary (100.70.181.127) at: /Volumes/PHILIPS_SSD
=== 💾 PHILIPS SSD MULTI-NODE DISCOVERY & MOUNT UTILITY ===
Current Node: dios-macbook-air (Wed Aug 19 14:40:35 EEST 2026)
🔍 Discovered unmounted Philips SSD partition: disk4s1
Mounting diskutil mount disk4s1...
Volume KINGSTON on disk4s1 mounted
⚠️ Not found locally on dios-macbook-air. Querying Tailscale mesh nodes...
✅ Philips SSD located on macmini-secondary (100.70.181.127) at: /Volumes/PHILIPS_SSD
=== 💾 PHILIPS SSD MULTI-NODE DISCOVERY & MOUNT UTILITY ===
Current Node: dios-macbook-air (Wed Aug 19 14:45:37 EEST 2026)
🔍 Discovered unmounted Philips SSD partition: disk4s1
Mounting diskutil mount disk4s1...
Volume KINGSTON on disk4s1 mounted
⚠️ Not found locally on dios-macbook-air. Querying Tailscale mesh nodes...
✅ Philips SSD located on macmini-secondary (100.70.181.127) at: /Volumes/PHILIPS_SSD
=== 💾 PHILIPS SSD MULTI-NODE DISCOVERY & MOUNT UTILITY ===
Current Node: dios-macbook-air (Wed Aug 19 14:50:39 EEST 2026)
🔍 Discovered unmounted Philips SSD partition: disk4s1
Mounting diskutil mount disk4s1...
Volume KINGSTON on disk4s1 mounted
⚠️ Not found locally on dios-macbook-air. Querying Tailscale mesh nodes...
✅ Philips SSD located on macmini-secondary (100.70.181.127) at: /Volumes/PHILIPS_SSD
=== 💾 PHILIPS SSD MULTI-NODE DISCOVERY & MOUNT UTILITY ===
Current Node: dios-macbook-air (Wed Aug 19 14:55:41 EEST 2026)
🔍 Discovered unmounted Philips SSD partition: disk4s1
Mounting diskutil mount disk4s1...
Volume KINGSTON on disk4s1 mounted
⚠️ Not found locally on dios-macbook-air. Querying Tailscale mesh nodes...
✅ Philips SSD located on macmini-secondary (100.70.181.127) at: /Volumes/PHILIPS_SSD
=== 💾 PHILIPS SSD MULTI-NODE DISCOVERY & MOUNT UTILITY ===
Current Node: dios-macbook-air (Wed Aug 19 15:00:43 EEST 2026)
🔍 Discovered unmounted Philips SSD partition: disk4s1
Mounting diskutil mount disk4s1...
Volume KINGSTON on disk4s1 mounted
⚠️ Not found locally on dios-macbook-air. Querying Tailscale mesh nodes...
✅ Philips SSD located on macmini-secondary (100.70.181.127) at: /Volumes/PHILIPS_SSD
=== 💾 PHILIPS SSD MULTI-NODE DISCOVERY & MOUNT UTILITY ===
Current Node: dios-macbook-air (Wed Aug 19 15:05:45 EEST 2026)
🔍 Discovered unmounted Philips SSD partition: disk4s1
Mounting diskutil mount disk4s1...
Volume KINGSTON on disk4s1 mounted
⚠️ Not found locally on dios-macbook-air. Querying Tailscale mesh nodes...
✅ Philips SSD located on macmini-secondary (100.70.181.127) at: /Volumes/PHILIPS_SSD
=== 💾 PHILIPS SSD MULTI-NODE DISCOVERY & MOUNT UTILITY ===
Current Node: dios-macbook-air (Wed Aug 19 15:10:46 EEST 2026)
🔍 Discovered unmounted Philips SSD partition: disk4s1
Mounting diskutil mount disk4s1...
Volume KINGSTON on disk4s1 mounted
⚠️ Not found locally on dios-macbook-air. Querying Tailscale mesh nodes...
✅ Philips SSD located on macmini-secondary (100.70.181.127) at: /Volumes/PHILIPS_SSD
=== 💾 PHILIPS SSD MULTI-NODE DISCOVERY & MOUNT UTILITY ===
Current Node: dios-macbook-air (Wed Aug 19 15:15:48 EEST 2026)
🔍 Discovered unmounted Philips SSD partition: disk4s1
Mounting diskutil mount disk4s1...
Volume KINGSTON on disk4s1 mounted
⚠️ Not found locally on dios-macbook-air. Querying Tailscale mesh nodes...
✅ Philips SSD located on macmini-secondary (100.70.181.127) at: /Volumes/PHILIPS_SSD
=== 💾 PHILIPS SSD MULTI-NODE DISCOVERY & MOUNT UTILITY ===
Current Node: dios-macbook-air (Wed Aug 19 15:20:53 EEST 2026)
🔍 Discovered unmounted Philips SSD partition: disk4s1
Mounting diskutil mount disk4s1...
Volume KINGSTON on disk4s1 mounted
⚠️ Not found locally on dios-macbook-air. Querying Tailscale mesh nodes...
✅ Philips SSD located on macmini-secondary (100.70.181.127) at: /Volumes/PHILIPS_SSD
=== 💾 PHILIPS SSD MULTI-NODE DISCOVERY & MOUNT UTILITY ===
Current Node: dios-macbook-air (Wed Aug 19 15:25:54 EEST 2026)
🔍 Discovered unmounted Philips SSD partition: disk4s1
Mounting diskutil mount disk4s1...
Volume KINGSTON on disk4s1 mounted
⚠️ Not found locally on dios-macbook-air. Querying Tailscale mesh nodes...
✅ Philips SSD located on macmini-secondary (100.70.181.127) at: /Volumes/PHILIPS_SSD
=== 💾 PHILIPS SSD MULTI-NODE DISCOVERY & MOUNT UTILITY ===
Current Node: dios-macbook-air (Wed Aug 19 15:30:56 EEST 2026)
🔍 Discovered unmounted Philips SSD partition: disk4s1
Mounting diskutil mount disk4s1...
Volume KINGSTON on disk4s1 mounted
⚠️ Not found locally on dios-macbook-air. Querying Tailscale mesh nodes...
✅ Philips SSD located on macmini-secondary (100.70.181.127) at: /Volumes/PHILIPS_SSD
=== 💾 PHILIPS SSD MULTI-NODE DISCOVERY & MOUNT UTILITY ===
Current Node: dios-macbook-air (Wed Aug 19 15:35:58 EEST 2026)
🔍 Discovered unmounted Philips SSD partition: disk4s1
Mounting diskutil mount disk4s1...
Volume KINGSTON on disk4s1 mounted
⚠️ Not found locally on dios-macbook-air. Querying Tailscale mesh nodes...
✅ Philips SSD located on macmini-secondary (100.70.181.127) at: /Volumes/PHILIPS_SSD
=== 💾 PHILIPS SSD MULTI-NODE DISCOVERY & MOUNT UTILITY ===
Current Node: dios-macbook-air (Wed Aug 19 15:41:07 EEST 2026)
🔍 Discovered unmounted Philips SSD partition: disk4s1
Mounting diskutil mount disk4s1...
Volume KINGSTON on disk4s1 mounted
⚠️ Not found locally on dios-macbook-air. Querying Tailscale mesh nodes...
✅ Philips SSD located on macmini-secondary (100.70.181.127) at: /Volumes/PHILIPS_SSD
=== 💾 PHILIPS SSD MULTI-NODE DISCOVERY & MOUNT UTILITY ===
Current Node: dios-macbook-air (Wed Aug 19 15:46:10 EEST 2026)
🔍 Discovered unmounted Philips SSD partition: disk4s1
Mounting diskutil mount disk4s1...
Volume KINGSTON on disk4s1 mounted
⚠️ Not found locally on dios-macbook-air. Querying Tailscale mesh nodes...
✅ Philips SSD located on macmini-secondary (100.70.181.127) at: /Volumes/PHILIPS_SSD
=== 💾 PHILIPS SSD MULTI-NODE DISCOVERY & MOUNT UTILITY ===
Current Node: dios-macbook-air (Wed Aug 19 15:51:12 EEST 2026)
🔍 Discovered unmounted Philips SSD partition: disk4s1
Mounting diskutil mount disk4s1...
Volume KINGSTON on disk4s1 mounted
⚠️ Not found locally on dios-macbook-air. Querying Tailscale mesh nodes...
✅ Philips SSD located on macmini-secondary (100.70.181.127) at: /Volumes/PHILIPS_SSD
=== 💾 PHILIPS SSD MULTI-NODE DISCOVERY & MOUNT UTILITY ===
Current Node: dios-macbook-air (Wed Aug 19 15:56:13 EEST 2026)
🔍 Discovered unmounted Philips SSD partition: disk4s1
Mounting diskutil mount disk4s1...
Volume KINGSTON on disk4s1 mounted
⚠️ Not found locally on dios-macbook-air. Querying Tailscale mesh nodes...
✅ Philips SSD located on macmini-secondary (100.70.181.127) at: /Volumes/PHILIPS_SSD
=== 💾 PHILIPS SSD MULTI-NODE DISCOVERY & MOUNT UTILITY ===
Current Node: dios-macbook-air (Wed Aug 19 16:01:16 EEST 2026)
🔍 Discovered unmounted Philips SSD partition: disk4s1
Mounting diskutil mount disk4s1...
Volume KINGSTON on disk4s1 mounted
⚠️ Not found locally on dios-macbook-air. Querying Tailscale mesh nodes...
✅ Philips SSD located on macmini-secondary (100.70.181.127) at: /Volumes/PHILIPS_SSD
=== 💾 PHILIPS SSD MULTI-NODE DISCOVERY & MOUNT UTILITY ===
Current Node: dios-macbook-air (Wed Aug 19 16:06:18 EEST 2026)
🔍 Discovered unmounted Philips SSD partition: disk4s1
Mounting diskutil mount disk4s1...
Volume KINGSTON on disk4s1 mounted
⚠️ Not found locally on dios-macbook-air. Querying Tailscale mesh nodes...
✅ Philips SSD located on macmini-secondary (100.70.181.127) at: /Volumes/PHILIPS_SSD
=== 💾 PHILIPS SSD MULTI-NODE DISCOVERY & MOUNT UTILITY ===
Current Node: dios-macbook-air (Wed Aug 19 16:11:19 EEST 2026)
🔍 Discovered unmounted Philips SSD partition: disk4s1
Mounting diskutil mount disk4s1...
Volume KINGSTON on disk4s1 mounted
⚠️ Not found locally on dios-macbook-air. Querying Tailscale mesh nodes...
✅ Philips SSD located on macmini-secondary (100.70.181.127) at: /Volumes/PHILIPS_SSD
=== 💾 PHILIPS SSD MULTI-NODE DISCOVERY & MOUNT UTILITY ===
Current Node: dios-macbook-air (Wed Aug 19 16:16:21 EEST 2026)
🔍 Discovered unmounted Philips SSD partition: disk4s1
Mounting diskutil mount disk4s1...
Volume KINGSTON on disk4s1 mounted
⚠️ Not found locally on dios-macbook-air. Querying Tailscale mesh nodes...
✅ Philips SSD located on macmini-secondary (100.70.181.127) at: /Volumes/PHILIPS_SSD
=== 💾 PHILIPS SSD MULTI-NODE DISCOVERY & MOUNT UTILITY ===
Current Node: dios-macbook-air (Wed Aug 19 16:21:23 EEST 2026)
🔍 Discovered unmounted Philips SSD partition: disk4s1
Mounting diskutil mount disk4s1...
Volume KINGSTON on disk4s1 mounted
⚠️ Not found locally on dios-macbook-air. Querying Tailscale mesh nodes...
✅ Philips SSD located on macmini-secondary (100.70.181.127) at: /Volumes/PHILIPS_SSD
=== 💾 PHILIPS SSD MULTI-NODE DISCOVERY & MOUNT UTILITY ===
Current Node: dios-macbook-air (Wed Aug 19 16:26:25 EEST 2026)
🔍 Discovered unmounted Philips SSD partition: disk4s1
Mounting diskutil mount disk4s1...
Volume KINGSTON on disk4s1 mounted
⚠️ Not found locally on dios-macbook-air. Querying Tailscale mesh nodes...
✅ Philips SSD located on macmini-secondary (100.70.181.127) at: /Volumes/PHILIPS_SSD
=== 💾 PHILIPS SSD MULTI-NODE DISCOVERY & MOUNT UTILITY ===
Current Node: dios-macbook-air (Wed Aug 19 16:31:27 EEST 2026)
🔍 Discovered unmounted Philips SSD partition: disk4s1
Mounting diskutil mount disk4s1...
Volume KINGSTON on disk4s1 mounted
⚠️ Not found locally on dios-macbook-air. Querying Tailscale mesh nodes...
✅ Philips SSD located on macmini-secondary (100.70.181.127) at: /Volumes/PHILIPS_SSD
=== 💾 PHILIPS SSD MULTI-NODE DISCOVERY & MOUNT UTILITY ===
Current Node: dios-macbook-air (Wed Aug 19 16:36:33 EEST 2026)
🔍 Discovered unmounted Philips SSD partition: disk4s1
Mounting diskutil mount disk4s1...
Volume KINGSTON on disk4s1 mounted
⚠️ Not found locally on dios-macbook-air. Querying Tailscale mesh nodes...
✅ Philips SSD located on macmini-secondary (100.70.181.127) at: /Volumes/PHILIPS_SSD
=== 💾 PHILIPS SSD MULTI-NODE DISCOVERY & MOUNT UTILITY ===
Current Node: dios-macbook-air (Wed Aug 19 16:41:35 EEST 2026)
🔍 Discovered unmounted Philips SSD partition: disk4s1
Mounting diskutil mount disk4s1...
Volume KINGSTON on disk4s1 mounted
⚠️ Not found locally on dios-macbook-air. Querying Tailscale mesh nodes...
❌ Philips SSD drive not found on local or remote Tailscale nodes.
=== 💾 PHILIPS SSD MULTI-NODE DISCOVERY & MOUNT UTILITY ===
Current Node: dios-macbook-air (Wed Aug 19 16:46:37 EEST 2026)
🔍 Discovered unmounted Philips SSD partition: disk4s1
Mounting diskutil mount disk4s1...
Volume KINGSTON on disk4s1 mounted
⚠️ Not found locally on dios-macbook-air. Querying Tailscale mesh nodes...
✅ Philips SSD located on macmini-secondary (100.70.181.127) at: /Volumes/PHILIPS_SSD
=== 💾 PHILIPS SSD MULTI-NODE DISCOVERY & MOUNT UTILITY ===
Current Node: dios-macbook-air (Wed Aug 19 16:51:38 EEST 2026)
🔍 Discovered unmounted Philips SSD partition: disk4s1
Mounting diskutil mount disk4s1...
Volume KINGSTON on disk4s1 mounted
⚠️ Not found locally on dios-macbook-air. Querying Tailscale mesh nodes...
✅ Philips SSD located on macmini-secondary (100.70.181.127) at: /Volumes/PHILIPS_SSD
=== 💾 PHILIPS SSD MULTI-NODE DISCOVERY & MOUNT UTILITY ===
Current Node: dios-macbook-air (Wed Aug 19 16:56:39 EEST 2026)
🔍 Discovered unmounted Philips SSD partition: disk4s1
Mounting diskutil mount disk4s1...
Volume KINGSTON on disk4s1 mounted
⚠️ Not found locally on dios-macbook-air. Querying Tailscale mesh nodes...
✅ Philips SSD located on macmini-secondary (100.70.181.127) at: /Volumes/PHILIPS_SSD
=== 💾 PHILIPS SSD MULTI-NODE DISCOVERY & MOUNT UTILITY ===
Current Node: dios-macbook-air (Wed Aug 19 17:01:41 EEST 2026)
🔍 Discovered unmounted Philips SSD partition: disk4s1
Mounting diskutil mount disk4s1...
Volume KINGSTON on disk4s1 mounted
⚠️ Not found locally on dios-macbook-air. Querying Tailscale mesh nodes...
✅ Philips SSD located on macmini-secondary (100.70.181.127) at: /Volumes/PHILIPS_SSD
=== 💾 PHILIPS SSD MULTI-NODE DISCOVERY & MOUNT UTILITY ===
Current Node: dios-macbook-air (Wed Aug 19 17:06:43 EEST 2026)
🔍 Discovered unmounted Philips SSD partition: disk4s1
Mounting diskutil mount disk4s1...
Volume KINGSTON on disk4s1 mounted
⚠️ Not found locally on dios-macbook-air. Querying Tailscale mesh nodes...
✅ Philips SSD located on macmini-secondary (100.70.181.127) at: /Volumes/PHILIPS_SSD
=== 💾 PHILIPS SSD MULTI-NODE DISCOVERY & MOUNT UTILITY ===
Current Node: dios-macbook-air (Wed Aug 19 17:11:45 EEST 2026)
🔍 Discovered unmounted Philips SSD partition: disk4s1
Mounting diskutil mount disk4s1...
Volume KINGSTON on disk4s1 mounted
⚠️ Not found locally on dios-macbook-air. Querying Tailscale mesh nodes...
✅ Philips SSD located on macmini-secondary (100.70.181.127) at: /Volumes/PHILIPS_SSD
=== 💾 PHILIPS SSD MULTI-NODE DISCOVERY & MOUNT UTILITY ===
Current Node: dios-macbook-air (Wed Aug 19 17:16:46 EEST 2026)
🔍 Discovered unmounted Philips SSD partition: disk4s1
Mounting diskutil mount disk4s1...
Volume KINGSTON on disk4s1 mounted
⚠️ Not found locally on dios-macbook-air. Querying Tailscale mesh nodes...
✅ Philips SSD located on macmini-secondary (100.70.181.127) at: /Volumes/PHILIPS_SSD
=== 💾 PHILIPS SSD MULTI-NODE DISCOVERY & MOUNT UTILITY ===
Current Node: dios-macbook-air (Wed Aug 19 17:21:47 EEST 2026)
🔍 Discovered unmounted Philips SSD partition: disk4s1
Mounting diskutil mount disk4s1...
Volume KINGSTON on disk4s1 mounted
⚠️ Not found locally on dios-macbook-air. Querying Tailscale mesh nodes...
✅ Philips SSD located on macmini-secondary (100.70.181.127) at: /Volumes/PHILIPS_SSD
=== 💾 PHILIPS SSD MULTI-NODE DISCOVERY & MOUNT UTILITY ===
Current Node: dios-macbook-air (Wed Aug 19 17:26:48 EEST 2026)
🔍 Discovered unmounted Philips SSD partition: disk4s1
Mounting diskutil mount disk4s1...
Volume KINGSTON on disk4s1 mounted
⚠️ Not found locally on dios-macbook-air. Querying Tailscale mesh nodes...
✅ Philips SSD located on macmini-secondary (100.70.181.127) at: /Volumes/PHILIPS_SSD
=== 💾 PHILIPS SSD MULTI-NODE DISCOVERY & MOUNT UTILITY ===
Current Node: dios-macbook-air (Wed Aug 19 17:31:49 EEST 2026)
🔍 Discovered unmounted Philips SSD partition: disk4s1
Mounting diskutil mount disk4s1...
Volume KINGSTON on disk4s1 mounted
⚠️ Not found locally on dios-macbook-air. Querying Tailscale mesh nodes...
✅ Philips SSD located on macmini-secondary (100.70.181.127) at: /Volumes/PHILIPS_SSD
=== 💾 PHILIPS SSD MULTI-NODE DISCOVERY & MOUNT UTILITY ===
Current Node: dios-macbook-air (Wed Aug 19 17:36:51 EEST 2026)
🔍 Discovered unmounted Philips SSD partition: disk4s1
Mounting diskutil mount disk4s1...
Volume KINGSTON on disk4s1 mounted
⚠️ Not found locally on dios-macbook-air. Querying Tailscale mesh nodes...
✅ Philips SSD located on macmini-secondary (100.70.181.127) at: /Volumes/PHILIPS_SSD
=== 💾 PHILIPS SSD MULTI-NODE DISCOVERY & MOUNT UTILITY ===
Current Node: dios-macbook-air (Wed Aug 19 17:41:53 EEST 2026)
🔍 Discovered unmounted Philips SSD partition: disk4s1
Mounting diskutil mount disk4s1...
Volume KINGSTON on disk4s1 mounted
⚠️ Not found locally on dios-macbook-air. Querying Tailscale mesh nodes...
✅ Philips SSD located on macmini-secondary (100.70.181.127) at: /Volumes/PHILIPS_SSD
=== 💾 PHILIPS SSD MULTI-NODE DISCOVERY & MOUNT UTILITY ===
Current Node: dios-macbook-air (Wed Aug 19 17:46:58 EEST 2026)
🔍 Discovered unmounted Philips SSD partition: disk4s1
Mounting diskutil mount disk4s1...
Volume KINGSTON on disk4s1 mounted
⚠️ Not found locally on dios-macbook-air. Querying Tailscale mesh nodes...
❌ Philips SSD drive not found on local or remote Tailscale nodes.
=== 💾 PHILIPS SSD MULTI-NODE DISCOVERY & MOUNT UTILITY ===
Current Node: dios-macbook-air (Wed Aug 19 17:52:00 EEST 2026)
🔍 Discovered unmounted Philips SSD partition: disk4s1
Mounting diskutil mount disk4s1...
Volume KINGSTON on disk4s1 mounted
⚠️ Not found locally on dios-macbook-air. Querying Tailscale mesh nodes...
✅ Philips SSD located on macmini-secondary (100.70.181.127) at: /Volumes/PHILIPS_SSD
=== 💾 PHILIPS SSD MULTI-NODE DISCOVERY & MOUNT UTILITY ===
Current Node: dios-macbook-air (Wed Aug 19 17:57:02 EEST 2026)
🔍 Discovered unmounted Philips SSD partition: disk4s1
Mounting diskutil mount disk4s1...
Volume KINGSTON on disk4s1 mounted
⚠️ Not found locally on dios-macbook-air. Querying Tailscale mesh nodes...
✅ Philips SSD located on macmini-secondary (100.70.181.127) at: /Volumes/PHILIPS_SSD
=== 💾 PHILIPS SSD MULTI-NODE DISCOVERY & MOUNT UTILITY ===
Current Node: dios-macbook-air (Wed Aug 19 18:02:06 EEST 2026)
🔍 Discovered unmounted Philips SSD partition: disk4s1
Mounting diskutil mount disk4s1...
Volume KINGSTON on disk4s1 mounted
⚠️ Not found locally on dios-macbook-air. Querying Tailscale mesh nodes...
✅ Philips SSD located on macmini-secondary (100.70.181.127) at: /Volumes/PHILIPS_SSD
=== 💾 PHILIPS SSD MULTI-NODE DISCOVERY & MOUNT UTILITY ===
Current Node: dios-macbook-air (Wed Aug 19 18:07:08 EEST 2026)
🔍 Discovered unmounted Philips SSD partition: disk4s1
Mounting diskutil mount disk4s1...
Volume KINGSTON on disk4s1 mounted
⚠️ Not found locally on dios-macbook-air. Querying Tailscale mesh nodes...
✅ Philips SSD located on macmini-secondary (100.70.181.127) at: /Volumes/PHILIPS_SSD
=== 💾 PHILIPS SSD MULTI-NODE DISCOVERY & MOUNT UTILITY ===
Current Node: dios-macbook-air (Wed Aug 19 18:12:09 EEST 2026)
🔍 Discovered unmounted Philips SSD partition: disk4s1
Mounting diskutil mount disk4s1...
Volume KINGSTON on disk4s1 mounted
⚠️ Not found locally on dios-macbook-air. Querying Tailscale mesh nodes...
✅ Philips SSD located on macmini-secondary (100.70.181.127) at: /Volumes/PHILIPS_SSD
=== 💾 PHILIPS SSD MULTI-NODE DISCOVERY & MOUNT UTILITY ===
Current Node: dios-macbook-air (Wed Aug 19 18:17:10 EEST 2026)
🔍 Discovered unmounted Philips SSD partition: disk4s1
Mounting diskutil mount disk4s1...
Volume KINGSTON on disk4s1 mounted
⚠️ Not found locally on dios-macbook-air. Querying Tailscale mesh nodes...
❌ Philips SSD drive not found on local or remote Tailscale nodes.
=== 💾 PHILIPS SSD MULTI-NODE DISCOVERY & MOUNT UTILITY ===
Current Node: dios-macbook-air (Wed Aug 19 18:22:12 EEST 2026)
🔍 Discovered unmounted Philips SSD partition: disk4s1
Mounting diskutil mount disk4s1...
Volume KINGSTON on disk4s1 mounted
⚠️ Not found locally on dios-macbook-air. Querying Tailscale mesh nodes...
❌ Philips SSD drive not found on local or remote Tailscale nodes.
=== 💾 PHILIPS SSD MULTI-NODE DISCOVERY & MOUNT UTILITY ===
Current Node: dios-macbook-air (Wed Aug 19 18:27:14 EEST 2026)
🔍 Discovered unmounted Philips SSD partition: disk4s1
Mounting diskutil mount disk4s1...
Volume KINGSTON on disk4s1 mounted
⚠️ Not found locally on dios-macbook-air. Querying Tailscale mesh nodes...
✅ Philips SSD located on macmini-secondary (100.70.181.127) at: /Volumes/PHILIPS_SSD
=== 💾 PHILIPS SSD MULTI-NODE DISCOVERY & MOUNT UTILITY ===
Current Node: dios-macbook-air (Wed Aug 19 18:32:16 EEST 2026)
🔍 Discovered unmounted Philips SSD partition: disk4s1
Mounting diskutil mount disk4s1...
Volume KINGSTON on disk4s1 mounted
⚠️ Not found locally on dios-macbook-air. Querying Tailscale mesh nodes...
❌ Philips SSD drive not found on local or remote Tailscale nodes.
=== 💾 PHILIPS SSD MULTI-NODE DISCOVERY & MOUNT UTILITY ===
Current Node: dios-macbook-air (Wed Aug 19 18:37:25 EEST 2026)
🔍 Discovered unmounted Philips SSD partition: disk4s1
Mounting diskutil mount disk4s1...
Volume KINGSTON on disk4s1 mounted
⚠️ Not found locally on dios-macbook-air. Querying Tailscale mesh nodes...
✅ Philips SSD located on macmini-secondary (100.70.181.127) at: /Volumes/PHILIPS_SSD
=== 💾 PHILIPS SSD MULTI-NODE DISCOVERY & MOUNT UTILITY ===
Current Node: dios-macbook-air (Wed Aug 19 18:42:27 EEST 2026)
🔍 Discovered unmounted Philips SSD partition: disk4s1
Mounting diskutil mount disk4s1...
Volume KINGSTON on disk4s1 mounted
⚠️ Not found locally on dios-macbook-air. Querying Tailscale mesh nodes...
✅ Philips SSD located on macmini-secondary (100.70.181.127) at: /Volumes/PHILIPS_SSD
=== 💾 PHILIPS SSD MULTI-NODE DISCOVERY & MOUNT UTILITY ===
Current Node: dios-macbook-air (Wed Aug 19 18:47:29 EEST 2026)
🔍 Discovered unmounted Philips SSD partition: disk4s1
Mounting diskutil mount disk4s1...
Volume KINGSTON on disk4s1 mounted
⚠️ Not found locally on dios-macbook-air. Querying Tailscale mesh nodes...
✅ Philips SSD located on macmini-secondary (100.70.181.127) at: /Volumes/PHILIPS_SSD
=== 💾 PHILIPS SSD MULTI-NODE DISCOVERY & MOUNT UTILITY ===
Current Node: dios-macbook-air (Wed Aug 19 18:52:32 EEST 2026)
🔍 Discovered unmounted Philips SSD partition: disk4s1
Mounting diskutil mount disk4s1...
Volume KINGSTON on disk4s1 mounted
⚠️ Not found locally on dios-macbook-air. Querying Tailscale mesh nodes...
✅ Philips SSD located on macmini-secondary (100.70.181.127) at: /Volumes/PHILIPS_SSD
=== 💾 PHILIPS SSD MULTI-NODE DISCOVERY & MOUNT UTILITY ===
Current Node: dios-macbook-air (Wed Aug 19 18:57:34 EEST 2026)
🔍 Discovered unmounted Philips SSD partition: disk4s1
Mounting diskutil mount disk4s1...
Volume KINGSTON on disk4s1 mounted
⚠️ Not found locally on dios-macbook-air. Querying Tailscale mesh nodes...
✅ Philips SSD located on macmini-secondary (100.70.181.127) at: /Volumes/PHILIPS_SSD
=== 💾 PHILIPS SSD MULTI-NODE DISCOVERY & MOUNT UTILITY ===
Current Node: dios-macbook-air (Wed Aug 19 19:02:36 EEST 2026)
🔍 Discovered unmounted Philips SSD partition: disk4s1
Mounting diskutil mount disk4s1...
Volume KINGSTON on disk4s1 mounted
⚠️ Not found locally on dios-macbook-air. Querying Tailscale mesh nodes...
✅ Philips SSD located on macmini-secondary (100.70.181.127) at: /Volumes/PHILIPS_SSD
=== 💾 PHILIPS SSD MULTI-NODE DISCOVERY & MOUNT UTILITY ===
Current Node: dios-macbook-air (Wed Aug 19 19:07:38 EEST 2026)
🔍 Discovered unmounted Philips SSD partition: disk4s1
Mounting diskutil mount disk4s1...
Volume KINGSTON on disk4s1 mounted
⚠️ Not found locally on dios-macbook-air. Querying Tailscale mesh nodes...
❌ Philips SSD drive not found on local or remote Tailscale nodes.
=== 💾 PHILIPS SSD MULTI-NODE DISCOVERY & MOUNT UTILITY ===
Current Node: dios-macbook-air (Wed Aug 19 19:12:40 EEST 2026)
🔍 Discovered unmounted Philips SSD partition: disk4s1
Mounting diskutil mount disk4s1...
Volume KINGSTON on disk4s1 mounted
⚠️ Not found locally on dios-macbook-air. Querying Tailscale mesh nodes...
✅ Philips SSD located on macmini-secondary (100.70.181.127) at: /Volumes/PHILIPS_SSD
=== 💾 PHILIPS SSD MULTI-NODE DISCOVERY & MOUNT UTILITY ===
Current Node: dios-macbook-air (Wed Aug 19 19:17:42 EEST 2026)
🔍 Discovered unmounted Philips SSD partition: disk4s1
Mounting diskutil mount disk4s1...
Volume KINGSTON on disk4s1 mounted
⚠️ Not found locally on dios-macbook-air. Querying Tailscale mesh nodes...
✅ Philips SSD located on macmini-secondary (100.70.181.127) at: /Volumes/PHILIPS_SSD
=== 💾 PHILIPS SSD MULTI-NODE DISCOVERY & MOUNT UTILITY ===
Current Node: dios-macbook-air (Wed Aug 19 19:23:49 EEST 2026)
🔍 Discovered unmounted Philips SSD partition: disk4s1
Mounting diskutil mount disk4s1...
Volume KINGSTON on disk4s1 mounted
⚠️ Not found locally on dios-macbook-air. Querying Tailscale mesh nodes...
❌ Philips SSD drive not found on local or remote Tailscale nodes.
=== 💾 PHILIPS SSD MULTI-NODE DISCOVERY & MOUNT UTILITY ===
Current Node: dios-macbook-air (Wed Aug 19 19:28:51 EEST 2026)
🔍 Discovered unmounted Philips SSD partition: disk4s1
Mounting diskutil mount disk4s1...
Volume KINGSTON on disk4s1 mounted
⚠️ Not found locally on dios-macbook-air. Querying Tailscale mesh nodes...
❌ Philips SSD drive not found on local or remote Tailscale nodes.
=== 💾 PHILIPS SSD MULTI-NODE DISCOVERY & MOUNT UTILITY ===
Current Node: dios-macbook-air (Wed Aug 19 19:33:53 EEST 2026)
🔍 Discovered unmounted Philips SSD partition: disk4s1
Mounting diskutil mount disk4s1...
Volume KINGSTON on disk4s1 mounted
⚠️ Not found locally on dios-macbook-air. Querying Tailscale mesh nodes...
✅ Philips SSD located on macmini-secondary (100.70.181.127) at: /Volumes/PHILIPS_SSD
=== 💾 PHILIPS SSD MULTI-NODE DISCOVERY & MOUNT UTILITY ===
Current Node: dios-macbook-air (Wed Aug 19 19:38:58 EEST 2026)
🔍 Discovered unmounted Philips SSD partition: disk4s1
Mounting diskutil mount disk4s1...
Volume KINGSTON on disk4s1 mounted
⚠️ Not found locally on dios-macbook-air. Querying Tailscale mesh nodes...
✅ Philips SSD located on macmini-secondary (100.70.181.127) at: /Volumes/PHILIPS_SSD
=== 💾 PHILIPS SSD MULTI-NODE DISCOVERY & MOUNT UTILITY ===
Current Node: dios-macbook-air (Wed Aug 19 19:44:00 EEST 2026)
🔍 Discovered unmounted Philips SSD partition: disk4s1
Mounting diskutil mount disk4s1...
Volume KINGSTON on disk4s1 mounted
⚠️ Not found locally on dios-macbook-air. Querying Tailscale mesh nodes...
✅ Philips SSD located on macmini-secondary (100.70.181.127) at: /Volumes/PHILIPS_SSD
=== 💾 PHILIPS SSD MULTI-NODE DISCOVERY & MOUNT UTILITY ===
Current Node: dios-macbook-air (Wed Aug 19 19:49:06 EEST 2026)
🔍 Discovered unmounted Philips SSD partition: disk4s1
Mounting diskutil mount disk4s1...
Volume KINGSTON on disk4s1 mounted
⚠️ Not found locally on dios-macbook-air. Querying Tailscale mesh nodes...
✅ Philips SSD located on macmini-secondary (100.70.181.127) at: /Volumes/PHILIPS_SSD
=== 💾 PHILIPS SSD MULTI-NODE DISCOVERY & MOUNT UTILITY ===
Current Node: dios-macbook-air (Wed Aug 19 19:54:20 EEST 2026)
🔍 Discovered unmounted Philips SSD partition: disk4s1
Mounting diskutil mount disk4s1...
Volume KINGSTON on disk4s1 mounted
⚠️ Not found locally on dios-macbook-air. Querying Tailscale mesh nodes...
✅ Philips SSD located on macmini-secondary (100.70.181.127) at: /Volumes/PHILIPS_SSD
=== 💾 PHILIPS SSD MULTI-NODE DISCOVERY & MOUNT UTILITY ===
Current Node: dios-macbook-air (Wed Aug 19 19:59:22 EEST 2026)
🔍 Discovered unmounted Philips SSD partition: disk4s1
Mounting diskutil mount disk4s1...
Volume KINGSTON on disk4s1 mounted
⚠️ Not found locally on dios-macbook-air. Querying Tailscale mesh nodes...
✅ Philips SSD located on macmini-secondary (100.70.181.127) at: /Volumes/PHILIPS_SSD
